country,first_app_launch_date,fs_revenue,fs_watched,game_count,iap_revenue,iap_transactions,install_store,manufacturer,model,open_at,platform,ad_revenue,rv_revenue,rv_watched,session_id,session_length,session_number,user_id,assigned_at,ab_test_name,cohort_name
US,2024-11-08T01:48:17.000Z,0.00995767,0,0,0,0,,Apple,iPhone13,2024-11-16 00:41:25.755000,ios,0.00995767,,0,cffb8c5f-1429-4207-b2f9-50987d62b841,0,23,20ab52d9-9fd1-4597-96bc-841b5afb510a,2024-11-08 01:48:23.919000,v1.10 - Skipits - New Users,Skipits - High Prices
BR,2024-11-13T22:45:10.000Z,,0,0,0,0,,Apple,iPhoneSE2Gen,2024-11-16 00:42:28.234000,ios,0,,0,efc407a3-1690-4604-816d-9f971ff02815,0,17,fedd445b-90d7-4ead-a224-0c021700b321,2024-11-13 22:45:18.274000,v1.10 - Skipits - New Users,Skipits - Middle Prices
US,2024-11-12T15:10:50.000Z,0.14118094405707957,13,114,0,0,,Apple,iPhone14ProMax,2024-11-16 00:42:56.309000,ios,0.3054183569735771,0.16423741291649757,11,942ef569-2d6e-417a-848a-b5ae7c331783,4461,41,4e5c7650-fe05-44cf-b1fb-83f9bed95300,2024-11-12 15:10:56.830000,v1.10 - Skipits - New Users,Skipits - High Prices
JP,2024-11-15T00:12:23.000Z,0.01813857142857143,2,16,0,0,,Apple,iPhone13,2024-11-16 00:43:40.873000,ios,0.02902809523809523,0.0108895238095238,1,59e5a5f7-e73a-4a0b-a661-580bd63ace7f,684,7,40c58274-4c99-4baa-82a5-55ae31a6e651,2024-11-15 00:12:31.974000,v1.10 - Skipits - New Users,Skipits - High Prices
PH,2024-11-10T04:20:58.000Z,,0,0,0,0,,Apple,iPhone13Pro,2024-11-16 00:52:23.902000,ios,0.005974845886230469,0.005974845886230469,1,9022c2fc-a807-4c4c-a8c2-d62fba2e9bb1,102,57,8193546f-a2f9-4b7c-9cd6-2820261d2c73,2024-11-10 04:21:09.811000,v1.10 - Skipits - New Users,Control
MX,2024-09-15T00:08:37.000Z,,1,2,0,0,com.android.vending,samsung,SM-G965U,2024-11-16 00:52:32.737000,android,0.002643684,0.002643684,0,13466138-4b9a-4622-94f7-07a0baa26d63,203,65,deae8fb2-5a77-406b-add5-be9411095611,2024-11-14 06:05:13.979000,v1.10 - Skipits - Existing Users,Skipits - Middle Prices
ZZ,2024-09-11T03:51:06.000Z,0.0008107170000000001,2,15,0,0,com.android.vending,Xiaomi,M2101K6G,2024-11-16 00:54:43.837000,android,0.004291585,0.003480868,3,66fbe248-308a-47c5-a49e-e2b473745fa2,710,138,4b8cae7d-fac3-4443-a42d-a7e9d3e48cdc,2024-11-10 12:44:44.158000,v1.10 - Skipits - Existing Users,Skipits - High Prices
US,2024-11-06T23:55:22.000Z,0.0003040900548287381,0,1,0,0,com.android.vending,motorola,moto g13,2024-11-16 00:54:56.028000,android,0.0003040900548287381,,0,4fc96e9c-ae4c-421a-938b-f244123bf90f,24,39,2ce3d9ba-1f17-4c1b-bca3-14098edf093b,2024-11-09 19:05:59.988000,v1.10 - Skipits - Existing Users,Skipits - High Prices
US,2024-10-27T06:28:47.000Z,0.06578716112059602,11,120,0,0,com.android.vending,samsung,SM-F711U,2024-11-16 00:55:15.552000,android,1.1016819182982471,1.0358947571776513,66,cf8ee417-9c23-4d08-819c-5f9e0c446473,9638,66,363898cd-a8c0-4277-bd13-aee66f6c7373,2024-11-09 07:24:37.135000,v1.10 - Skipits - Existing Users,Control
US,2024-05-04T18:23:29.000Z,0.10269220395042783,2,11,0,0,,Apple,iPhone13,2024-11-16 00:56:41.644000,ios,0.10269220395042783,,0,7b8f9ec6-3b69-4dfd-96a4-10cd7079f048,698,21,9da7feab-441e-4660-bcad-4561e7db29fb,2024-11-13 22:08:14.373000,v1.10 - Skipits - Existing Users,Skipits - Middle Prices
TW,2024-10-21T01:20:39.000Z,,0,42,0,0,,Apple,iPhone15Plus,2024-11-16 01:00:03.256000,ios,0,,0,ad3433e9-1ad7-4eaf-b2d4-400f409c522c,1474,76,d007b8d7-9a1c-4b7a-aecd-eac21eab034d,2024-11-10 11:32:49.227000,v1.10 - Skipits - Existing Users,Skipits - High Prices
ID,2024-10-02T02:10:14.000Z,0.002622857142857143,1,5,0,0,,Apple,iPhone12,2024-11-16 01:01:12.161000,ios,0.002622857142857143,,0,906da280-6c14-47ea-bca7-18acd8eb2a47,209,113,3fd4d465-82cb-4530-9091-80d52cff3091,2024-11-09 01:24:38.435000,v1.10 - Skipits - Existing Users,Control
RO,2024-11-14T07:59:27.000Z,,0,0,0,0,,Apple,iPhone11,2024-11-16 01:01:15.909000,ios,0,,0,8dc4fea7-52e2-4efd-832e-f6b1cc95782f,0,3,0f6876b6-265e-47a7-9ec4-fb89cb3a8672,2024-11-14 07:59:33.527000,v1.10 - Skipits - New Users,Skipits - High Prices
PH,2024-11-10T00:42:22.000Z,0.00257,1,16,0,0,com.android.vending,samsung,SM-S906E,2024-11-16 01:05:03.388000,android,0.017886452047705274,0.015316452047705277,7,01b60bd0-88fa-42a3-8edb-edbbf5236389,897,110,c7210f33-3113-4f9e-8d92-b169016cfffe,2024-11-10 00:42:30.246000,v1.10 - Skipits - New Users,Skipits - High Prices
GB,2024-09-10T12:13:52.000Z,,0,12,0,0,,Apple,iPhone14,2024-11-16 01:06:40.075000,ios,0,,0,59247ff0-9767-4ed1-8321-618fa5f0b8a2,568,92,ad6e8768-4ae3-4418-be1b-f666445e2708,2024-11-11 01:41:34.216000,v1.10 - Skipits - Existing Users,Control
JP,2024-10-05T11:19:08.000Z,,0,31,0,0,,Apple,iPhone12Mini,2024-11-16 01:08:16.795000,ios,0.11831357283206212,0.11831357283206212,11,492a9c2f-636f-417c-ad1a-2a269744e3fa,2136,50,8fd433c8-ad63-4007-b7a0-443a87037373,2024-11-13 23:59:12.267000,v1.10 - Skipits - Existing Users,Skipits - Middle Prices
JP,2024-10-29T11:56:28.000Z,,0,15,0,0,,Apple,iPhone15,2024-11-16 01:09:00.083000,ios,0.17085619389990236,0.17085619389990236,3,bcf7d0ab-455a-4935-8579-e96b7b0c014d,858,83,85836ece-e013-4074-b038-e6501562c9fc,2024-11-09 22:56:58.839000,v1.10 - Skipits - Existing Users,Skipits - Middle Prices
PA,2024-10-05T05:04:28.000Z,,0,3,0,0,com.android.vending,motorola,moto g84 5G,2024-11-16 01:09:18.184000,android,0,,0,b9bf6f62-c333-4b67-8eb5-be4e3b5c3603,69,28,10fa8fc0-2910-4d18-bad9-362507eb2a07,2024-11-11 22:04:33.372000,v1.10 - Skipits - Existing Users,Control
IN,2024-11-10T14:01:55.000Z,0.0036743509742680506,5,32,0,0,com.android.vending,vivo,I2217,2024-11-16 01:09:22.199000,android,0.015776483322154543,0.012102132347886494,6,cd30bb8c-e2d6-482f-b51f-dcf313035808,1558,41,dfc7ea1c-eb40-4214-9151-301ef18bd308,2024-11-10 14:02:02.746000,v1.10 - Skipits - New Users,Skipits - High Prices
US,2024-11-05T02:54:08.000Z,,0,1,0,0,com.android.vending,samsung,SM-S908U,2024-11-16 01:11:43.966000,android,0,,0,d9e73315-b4e9-4ed8-9572-0f512686028c,38,85,51b9ce85-027f-44fb-8c1c-c4c3a5811bae,2024-11-08 20:49:05.099000,v1.10 - Skipits - Existing Users,Skipits - High Prices
US,2024-11-14T18:57:05.000Z,0.031019349378719568,3,15,0,0,com.android.vending,samsung,SM-G991U,2024-11-16 01:14:42.055000,android,0.3779742694110571,0.3469549200323375,11,28026a46-c891-4da1-8ee0-9d5c01a9493f,1566,5,eff3ef84-0c23-4ca1-9e6a-d94df9f7093b,2024-11-14 18:57:11.915000,v1.10 - Skipits - New Users,Skipits - High Prices
GB,2024-10-12T08:09:17.000Z,0.01206,0,1,0,0,com.android.vending,samsung,SM-S908B,2024-11-16 01:19:11.290000,android,0.01206,,0,c4fb226d-3f87-43cf-99bc-18decd1f9fa0,60,47,5dc1ee24-5a29-4fdd-93d9-08d108938ae7,2024-11-10 00:07:16.070000,v1.10 - Skipits - Existing Users,Skipits - High Prices
JP,2024-10-31T04:49:27.000Z,0.03635322066193535,1,15,0,0,com.android.vending,samsung,SM-G998U,2024-11-16 01:20:39.474000,android,0.35370201791122724,0.3173487972492919,4,a12b6af9-031f-4ad1-a808-5f3f3df62a94,798,32,3d6ee905-93c2-43b4-8287-6dfbda4b2227,2024-11-10 17:49:52.310000,v1.10 - Skipits - Existing Users,Skipits - High Prices
GB,2024-10-19T13:15:21.000Z,0.00329398202896118,1,15,0,0,,Apple,iPhone15,2024-11-16 01:23:54.663000,ios,0.025744899914550777,0.0224509178855896,4,634f3124-58fd-499d-9908-561b60f7b167,697,80,369ced66-efe0-4af7-ad42-3c545813f8d7,2024-11-09 21:48:01.591000,v1.10 - Skipits - Existing Users,Skipits - Middle Prices
CA,2024-11-07T08:33:23.000Z,,0,6,0,0,,Apple,iPhone12Pro,2024-11-16 01:24:17.868000,ios,0.06101712837695313,0.06101712837695313,1,f95b8481-f8ef-470d-bd01-3bf9ec6d089e,311,45,6aa6885d-4c69-4d19-8779-04e77c033662,2024-11-10 03:00:42.998000,v1.10 - Skipits - Existing Users,Control
MX,2024-11-07T22:10:04.000Z,0.001820952380952381,1,12,0,0,com.android.vending,Xiaomi,2201117SL,2024-11-16 01:24:24.575000,android,0.019163255075470273,0.01734230269451789,3,e5a1b63a-537e-4500-9808-682adab33fed,567,22,52ad8d17-a7f5-4c94-917f-94194c0a4a96,2024-11-12 02:03:53.077000,v1.10 - Skipits - Existing Users,Control
US,2024-11-03T23:19:41.000Z,0.01986428942857143,2,15,0,0,com.android.vending,Google,Pixel 6 Pro,2024-11-16 01:27:42.007000,android,0.01986428942857143,,0,422be620-3314-4507-81ab-77892b4b1b83,578,66,f35d6e13-b3b9-46e2-af16-f6f83ab2a070,2024-11-07 20:28:58.469000,v1.10 - Skipits - Existing Users,Control
ID,2024-10-18T14:38:11.000Z,,0,12,0,0,com.android.vending,vivo,V2318,2024-11-16 01:31:48.365000,android,0.012747446719376393,0.012747446719376393,2,ed658bbc-147e-4aeb-8fd7-ed4cac8605e5,474,88,f37fb5e0-fbcc-4779-8c59-fdedc02f97e4,2024-11-11 05:14:22.831000,v1.10 - Skipits - Existing Users,Skipits - High Prices
US,2024-11-12T23:51:44.000Z,0.002906251000000001,1,2,0,0,,Apple,iPhone11,2024-11-16 01:32:59.626000,ios,0.005932535000000001,0.003026284,1,728e2976-11f9-4cdc-aa4b-e9c2f1191d00,904,45,a19c4592-9452-49de-bba7-43f2ee9829ae,2024-11-12 23:51:51.710000,v1.10 - Skipits - New Users,Skipits - Middle Prices
PH,2024-11-10T00:42:22.000Z,0.0014184138774871826,1,15,0,0,com.android.vending,samsung,SM-S906E,2024-11-16 01:34:53.150000,android,0.07166983084301753,0.07025141696553035,8,43a76731-0ba4-46fb-bf2a-d1dc1d01e9a9,1161,111,c7210f33-3113-4f9e-8d92-b169016cfffe,2024-11-10 00:42:30.246000,v1.10 - Skipits - New Users,Skipits - High Prices
IN,2024-10-30T11:47:03.000Z,,0,15,0,0,com.android.vending,vivo,V2065,2024-11-16 01:40:53.574000,android,0,,0,23b5782e-68ad-4e11-b699-9219baee9c0c,542,15,f0500003-1233-4012-a947-c103d3434531,2024-11-11 13:02:23.368000,v1.10 - Skipits - Existing Users,Control
BR,2024-11-15T17:29:25.000Z,0.044786271952297056,35,203,0,0,com.android.vending,Xiaomi,Redmi Note 9 Pro,2024-11-16 01:40:53.955000,android,0.05019457139840301,0.005408299446105958,3,4e73e3a4-6bc4-4b25-9c68-0969ad5b4552,8566,4,e30a1dfe-3fd0-48de-9b32-eb64a17c483f,2024-11-15 17:29:33.660000,v1.10 - Skipits - New Users,Control
US,2024-09-26T17:20:36.000Z,0.019459239514668783,1,4,0,0,,Apple,iPhone13,2024-11-16 01:42:50.510000,ios,0.019459239514668783,,0,00818958-0294-4afe-8483-0f36bd4ad5df,518,129,d5695179-bfd7-45e6-bca0-791658da31b3,2024-11-11 05:16:09.113000,v1.10 - Skipits - Existing Users,Skipits - High Prices
US,2024-11-16T01:44:26.000Z,0.08276928471769604,1,34,0,0,,Apple,iPhone14Pro,2024-11-16 01:44:39.673000,ios,0.23345788335050854,0.1506885986328125,2,400140d2-2d58-4a38-83a0-e4f11245c378,1536,1,96c33311-6c74-4064-adea-091df50b876a,2024-11-16 01:44:39.673000,v1.10 - Skipits - New Users,Skipits - High Prices
JP,2024-10-26T02:52:48.000Z,0.04860269596281505,2,14,0,0,,Apple,iPhone13,2024-11-16 01:48:19.701000,ios,0.0997994771212623,0.05119678115844726,1,7c47648c-5999-47da-9f7d-dc6643977451,592,142,b3fd49d0-9bfb-42e0-b611-e4bb4f79bae4,2024-11-08 11:43:46.740000,v1.10 - Skipits - Existing Users,Control
VN,2024-11-14T05:11:05.000Z,,0,17,0,0,com.android.vending,Xiaomi,23053RN02A,2024-11-16 01:48:58.396000,android,0,,0,b849a1e8-d388-44a1-8043-6a9b94ef533f,942,19,8d617894-6aae-4d73-b584-c3fce6bac1b1,2024-11-14 05:11:14.709000,v1.10 - Skipits - New Users,Skipits - Middle Prices
VN,2024-11-14T05:11:05.000Z,,0,7,0,0,com.android.vending,Xiaomi,23053RN02A,2024-11-16 01:49:05.957000,android,0,,0,6365c991-3604-4185-bc53-96cb31d4317e,282,22,8d617894-6aae-4d73-b584-c3fce6bac1b1,2024-11-14 05:11:14.709000,v1.10 - Skipits - New Users,Skipits - Middle Prices
US,2024-11-16T01:49:00.000Z,,0,4,0,0,,Apple,iPhone15ProMax,2024-11-16 01:49:06.589000,ios,0,,0,9de7c041-6a30-4d09-8edf-b2cfcce742c1,75,1,87fecf99-b83c-40ac-8177-f77a344de80f,2024-11-28 16:44:05.870000,v1.10 - Skipits - New Users,Skipits - Middle Prices
US,2024-11-16T01:49:00.000Z,,0,4,0,0,,Apple,iPhone15ProMax,2024-11-16 01:49:06.589000,ios,0,,0,9de7c041-6a30-4d09-8edf-b2cfcce742c1,75,1,87fecf99-b83c-40ac-8177-f77a344de80f,2024-11-16 01:49:06.589000,v1.10 - Skipits - New Users,Skipits - Middle Prices
KR,2024-08-07T01:52:32.000Z,0.027457187,3,48,0,0,com.android.vending,samsung,SM-S918N,2024-11-16 01:49:10.035000,android,0.44053516075072213,0.41307797375072214,26,e6965ed2-9892-45c6-aada-27788ded8a94,2767,73,d29f52db-3422-4502-bdd6-566c63d8fc93,2024-11-13 00:00:49.878000,v1.10 - Skipits - Existing Users,Skipits - High Prices
JP,2024-09-28T21:41:18.000Z,,0,6,0,0,,Apple,iPhoneSE2Gen,2024-11-16 01:49:33.316000,ios,0.004664127637545268,0.004664127637545268,1,7f97f2fb-cdcd-403a-823c-786e247ce4cc,238,172,e466c4c6-3a4f-4c5f-b742-5b4c77b4f453,2024-11-12 13:18:49.927000,v1.10 - Skipits - Existing Users,Control
US,2024-10-27T19:13:00.000Z,0.1303802269894188,6,27,0,0,,Apple,iPhone14ProMax,2024-11-16 01:50:29.537000,ios,0.20043661353875886,0.07005638654934003,3,f9ae0ad3-0028-44e1-89d5-709e9466f7da,1425,34,55dc05d1-b881-42a5-b8d9-1fe6cf4c62ec,2024-11-11 14:04:57.935000,v1.10 - Skipits - Existing Users,Skipits - High Prices
US,2024-08-21T00:39:08.000Z,0.03523023537871957,3,12,0,0,com.android.vending,samsung,SM-A156U,2024-11-16 01:51:12.626000,android,0.03523023537871957,,0,aaaa9fe9-ebad-4dea-901f-226f1bd14738,792,225,d18992c0-7e0f-463b-8fd7-9a805b6807b6,2024-11-09 06:46:54.692000,v1.10 - Skipits - Existing Users,Skipits - Middle Prices
JP,2024-11-11T05:19:32.000Z,0.010846375733489991,3,19,0,0,com.android.vending,Sony,SO-52B,2024-11-16 01:52:04.299000,android,0.010846375733489991,,0,4d6624b8-6bc8-48b7-ab24-2896c6cabd44,831,8,b9281e11-4641-46de-9ab0-2abec338182b,2024-11-11 05:19:41.567000,v1.10 - Skipits - New Users,Control
US,2024-11-16T01:53:40.000Z,0.131387167,8,89,0,0,com.android.vending,samsung,SM-G781V,2024-11-16 01:53:47.820000,android,0.8478502124781465,0.7164630454781465,23,24c23b14-1c9c-4c7c-9c98-e3719c9c1138,5453,1,5ed447d7-686e-4882-97f3-dd2a423fcb28,2024-11-16 01:53:47.820000,v1.10 - Skipits - New Users,Control
CA,2024-09-29T06:29:24.000Z,0.010851186440785726,1,11,0,0,com.android.vending,Google,Pixel 6,2024-11-16 01:55:11.312000,android,0.010851186440785726,,0,dd099b5e-c6f1-4a8d-a44d-ab012c8f7f22,603,105,4e48168e-1c4f-4914-a4a6-76773820ac92,2024-11-11 03:50:25.680000,v1.10 - Skipits - Existing Users,Skipits - Middle Prices
KR,2024-11-09T13:24:38.000Z,0.050043809523809525,1,11,0,0,com.android.vending,samsung,SM-S918N,2024-11-16 02:02:39.188000,android,0.050043809523809525,,0,d7734075-b3f5-45dc-b248-c1c1dacaa503,382,35,4967d57d-488d-4ebb-89ff-432dab4711bc,2024-11-09 13:24:47.351000,v1.10 - Skipits - New Users,Skipits - High Prices
LA,2024-11-11T11:07:14.000Z,0.0005649367088607595,2,25,0,0,com.android.vending,vivo,vivo 1807,2024-11-16 02:05:13.501000,android,0.0033666974450570785,0.002801760736196319,2,458a72c3-f93f-4785-b0b5-d64990931226,1078,5,14855fa6-e8ae-4a7c-86af-68087de8eae8,2024-11-11 11:07:22.441000,v1.10 - Skipits - New Users,Skipits - High Prices
US,2024-11-14T20:13:41.000Z,,0,0,0,0,,Apple,iPhone13,2024-11-16 02:05:32.729000,ios,0,,0,9e5dbd98-ef61-412d-be18-d013b31a239e,0,19,a6504430-9f7f-4527-a161-c5bed855dc30,2024-11-14 20:16:02.101000,v1.10 - Skipits - Existing Users,Skipits - Middle Prices
CO,2024-11-15T17:49:05.000Z,0.0015795728810628256,2,14,0,0,com.android.vending,motorola,moto g(20),2024-11-16 02:08:12.940000,android,0.0015795728810628256,,0,4fd795d3-6140-4944-9abe-73aec5e11314,601,3,e7a6f5db-7ffc-4a44-9c55-d40d8a77248a,2024-11-15 17:49:14.326000,v1.10 - Skipits - New Users,Skipits - Middle Prices
AU,2024-10-13T07:19:15.000Z,0.022355984020233154,3,67,0,0,com.android.vending,samsung,SM-A326B,2024-11-16 02:08:28.312000,android,0.022355984020233154,,0,aca99ff6-88e8-42fe-bdd4-2ab43e8ab136,2225,51,c4b89154-c332-4e22-8e5d-93a3c92612b8,2024-11-09 03:07:25.401000,v1.10 - Skipits - Existing Users,Skipits - Middle Prices
CA,2024-10-20T16:26:57.000Z,0.0061539585,1,15,0,0,com.android.vending,samsung,SM-S918W,2024-11-16 02:10:35.554000,android,0.12968801993029022,0.12353406143029022,5,c967f379-0618-47cc-a51a-f55742afd874,1099,83,04678ac2-e810-4868-a524-5500b8e11861,2024-11-11 20:46:41.584000,v1.10 - Skipits - Existing Users,Skipits - Middle Prices
US,2024-09-10T13:46:17.000Z,,0,6,0,0,com.android.vending,samsung,SM-G998U,2024-11-16 02:11:20.090000,android,0,,0,5200ce02-6098-4d69-a5fa-6e8f6917cfb5,211,78,c155101c-f9dd-420d-9ed6-45d82fe91443,2024-11-16 02:11:20.090000,v1.10 - Skipits - Existing Users,Skipits - Middle Prices
JP,2024-10-26T12:07:46.000Z,0.01450008424704488,3,14,0,0,,Apple,iPhone15,2024-11-16 02:11:32.674000,ios,0.01450008424704488,,0,9439efa6-c02d-4f92-b2ce-20afed679662,808,104,3699478e-437d-4ffe-b204-4bd85a048c8d,2024-11-09 12:54:04.949000,v1.10 - Skipits - Existing Users,Control
BR,2024-07-18T17:51:42.000Z,0.002696607,1,13,0,0,,Apple,iPhone14Pro,2024-11-16 02:14:24.231000,ios,0.015549051468423752,0.012852444468423752,5,d41f5333-9a16-479b-beaf-283231a8eeab,826,43,2ad13838-37d9-4038-866c-09c179a14085,2024-11-11 18:14:07.520000,v1.10 - Skipits - Existing Users,Control
AU,2024-11-16T02:14:36.000Z,,0,4,0,0,,Apple,iPhone15Pro,2024-11-16 02:14:44.513000,ios,0,,0,222421f3-ff9b-4b0e-b93e-3001a53b00c0,73,1,990b2f20-d150-42a0-a492-f7c727f5e9be,2024-11-16 02:14:44.513000,v1.10 - Skipits - New Users,Control
US,2024-10-31T17:42:57.000Z,,0,21,0,0,,Apple,iPhone14Pro,2024-11-16 02:17:09.757000,ios,0,,0,6e273afe-f51b-428a-947f-1f6fd294791c,772,115,d26ffd55-94a9-448b-a14e-3763b47f4f9e,2024-11-09 14:59:46.608000,v1.10 - Skipits - Existing Users,Skipits - Middle Prices
US,2024-11-05T18:01:07.000Z,0.019045654773712156,5,27,0,0,,Apple,iPhone13,2024-11-16 02:18:05.726000,ios,0.05466142868188476,0.03561577390817261,6,394d603a-8d2f-4dbc-8c5c-878d66609cca,1923,38,aa5ba705-4193-4288-ba58-2a8c8fe1691f,2024-11-09 05:25:13.382000,v1.10 - Skipits - Existing Users,Control
VN,2024-11-15T11:38:08.000Z,0.010567177753712182,10,57,0,0,com.android.vending,samsung,SM-N975U1,2024-11-16 02:18:59.289000,android,0.010567177753712182,,0,e419e3d1-7e4b-4911-92dc-f79f4dacd1e7,2343,3,2a9d36c0-8281-4aa0-86d6-68978818d95c,2024-11-15 11:38:17.952000,v1.10 - Skipits - New Users,Control
BR,2024-11-16T02:19:50.000Z,,0,11,0,0,com.android.vending,Xiaomi,2201117TG,2024-11-16 02:20:00.016000,android,0.01734271127700806,0.01734271127700806,2,c3384cfe-1254-431c-b20a-b1f4322949a1,391,1,7b4d6a44-ca76-4742-b571-1e4807d3ec33,2024-11-16 02:20:00.016000,v1.10 - Skipits - New Users,Control
US,2024-11-11T16:29:47.000Z,0.11177471221923829,1,1,0,0,,Apple,iPhone15,2024-11-16 02:20:04.101000,ios,0.11177471221923829,,0,2d509f66-bf02-4d24-b0fe-56a9e403fb71,275,48,5a8d1f30-793a-43e2-8e9a-bf656c3672ef,2024-11-11 16:29:54.753000,v1.10 - Skipits - New Users,Control
US,2024-10-30T18:55:06.000Z,,0,0,0,0,,Apple,iPhone14,2024-11-16 02:21:46.501000,ios,0.01660941930214564,0.01660941930214564,0,96e9912d-2233-4256-a052-50f6f29cb8d3,35,163,3c226e97-353d-40d4-a935-2cba07bbb2e9,2024-11-09 18:14:03.090000,v1.10 - Skipits - Existing Users,Skipits - High Prices
US,2024-11-09T13:59:58.000Z,,0,22,0,0,,Apple,iPhone15,2024-11-16 02:22:04.927000,ios,0,,0,04c46762-eb44-439e-b13b-342c42844eb0,753,26,a2da30ce-281e-4468-bcda-490412e6def6,2024-11-09 14:00:05.191000,v1.10 - Skipits - New Users,Skipits - Middle Prices
US,2024-11-10T00:14:32.000Z,,0,12,0,0,,Apple,iPhoneXR,2024-11-16 02:22:17.472000,ios,0.09694400414759205,0.09694400414759205,5,f3a22b89-c869-459e-b0b4-dc1d70f33cc3,837,70,2956cb0b-c1a5-4207-8b94-0e4973c97995,2024-11-28 01:12:41.725000,v1.10 - Skipits - New Users,Skipits - High Prices
US,2024-11-10T00:14:32.000Z,,0,12,0,0,,Apple,iPhoneXR,2024-11-16 02:22:17.472000,ios,0.09694400414759205,0.09694400414759205,5,f3a22b89-c869-459e-b0b4-dc1d70f33cc3,837,70,2956cb0b-c1a5-4207-8b94-0e4973c97995,2024-11-10 00:14:38.739000,v1.10 - Skipits - New Users,Skipits - High Prices
JP,2024-11-09T04:36:35.000Z,0.006580019812356859,2,3,0,0,,Apple,iPhone14Pro,2024-11-16 02:23:06.297000,ios,0.025244923031233837,0.018664903218876976,5,35e7bc90-6e17-43e1-8aec-0b8bfee643b8,1225,52,c998757d-6d7b-4a5c-937f-72fa3e2c6413,2024-11-09 04:36:43.333000,v1.10 - Skipits - New Users,Skipits - Middle Prices
PH,2024-11-10T04:20:58.000Z,,0,14,0,0,,Apple,iPhone13Pro,2024-11-16 02:23:52.823000,ios,0.03458302915895935,0.03458302915895935,7,2e035e65-286a-4a66-a30a-a5e4f063e5e1,1093,58,8193546f-a2f9-4b7c-9cd6-2820261d2c73,2024-11-10 04:21:09.811000,v1.10 - Skipits - New Users,Control
US,2024-11-02T20:25:38.000Z,,0,0,0,0,,Apple,iPhone15ProMax,2024-11-16 02:25:56.538000,ios,0,,0,df6a6f04-3a11-438d-8102-f08834d11ffa,10,125,2f63bec9-ef7e-413a-b54d-c9c39a4c88d4,2024-11-09 19:50:32.299000,v1.10 - Skipits - Existing Users,Skipits - High Prices
US,2024-11-01T20:35:30.000Z,,0,1,0,0,,Apple,iPhone12,2024-11-16 02:26:47.608000,ios,0.01442205524444581,0.01442205524444581,0,b2c47fbd-2cf6-4b8a-adff-f3a664970f6b,71,24,c6213af1-c2f1-4e4a-b5a0-2cc349fcb6b2,2024-11-08 16:12:22.958000,v1.10 - Skipits - Existing Users,Control
JP,2024-08-23T02:01:39.000Z,0.008287843790343403,1,1,0,0,com.android.vending,samsung,SCG13,2024-11-16 02:27:03.519000,android,0.008287843790343403,,0,08d93a38-31f9-46a2-b3a3-e79929855524,92,106,ad2e70ba-c093-4527-b35a-43575db9c8b3,2024-11-08 21:07:58.495000,v1.10 - Skipits - Existing Users,Skipits - Middle Prices
VN,2024-11-16T02:27:43.000Z,0.009454845132024837,13,113,0,0,com.android.vending,Xiaomi,22120RN86G,2024-11-16 02:27:52.779000,android,0.009454845132024837,,0,f523ff94-936c-44ac-886b-6a8b379dbee9,3999,2,53e78788-8320-4bfe-a8ad-0699ba27e19a,2024-11-16 02:27:52.779000,v1.10 - Skipits - New Users,Skipits - High Prices
US,2024-11-11T16:29:47.000Z,,1,1,0,0,,Apple,iPhone15,2024-11-16 02:30:10.414000,ios,0,,0,6e1d5282-da9c-4333-a094-75c04fc2d10d,5,49,5a8d1f30-793a-43e2-8e9a-bf656c3672ef,2024-11-11 16:29:54.753000,v1.10 - Skipits - New Users,Control
TW,2024-10-23T05:44:36.000Z,0.34767936351850204,15,52,0,0,,Apple,iPhone14ProMax,2024-11-16 02:33:51.170000,ios,0.5279024513998055,0.18022308788130353,4,18aa3b2e-bb66-43dc-8d92-71c6b5d4c82a,2447,163,1a616591-d14c-4827-927d-5b24581252a8,2024-11-09 03:41:20.046000,v1.10 - Skipits - Existing Users,Skipits - Middle Prices
US,2024-11-12T22:57:17.000Z,,0,0,0,0,com.android.vending,samsung,SM-A217M,2024-11-16 02:35:52.374000,android,0,,0,866b3080-8ea7-4396-8cd9-a3ffd0acd9fd,0,60,d36e653d-cb8b-432a-8fda-4fa3743164ba,2024-11-12 22:57:25.855000,v1.10 - Skipits - New Users,Control
FR,2024-10-13T23:48:46.000Z,,0,0,0,0,,Apple,iPhone8,2024-11-16 02:37:56.486000,ios,0,,0,4aca8760-fc2e-4d4b-8c65-8d2231053454,22,93,09f47406-285f-48f1-8107-c3b9743900b6,2024-11-12 18:01:17.081000,v1.10 - Skipits - Existing Users,Skipits - High Prices
US,2024-08-24T11:32:16.000Z,,0,21,0,0,,Apple,iPhone15ProMax,2024-11-16 02:40:09.902000,ios,0,,0,8b8c2fae-164d-4442-9aa6-00ceb67b1f2a,752,297,2738ebae-18d0-4719-939a-527fa00a5291,2024-11-08 14:37:15.345000,v1.10 - Skipits - Existing Users,Skipits - High Prices
JP,2024-10-08T08:48:42.000Z,0.049500255079508955,12,50,0,0,,Apple,"iPhone17,2",2024-11-16 02:40:41.123000,ios,0.09726988167564568,0.04776962659613672,9,aa076579-b470-4f46-8f77-0dd07a868495,4394,165,2f1d6f49-4e5b-463c-b1bb-10b0b87ae2ce,2024-11-08 02:55:19.784000,v1.10 - Skipits - Existing Users,Control
JP,2024-09-20T14:51:45.000Z,,0,35,0,0,,Apple,iPhone12Mini,2024-11-16 02:41:56.156000,ios,0,,0,52e40fb4-e27e-45a2-a642-31b8036fa2a3,1145,328,d9206e32-3e6b-46b7-b299-4105fc51eba6,2024-11-16 02:07:04.196000,v1.10 - Skipits - Existing Users,Skipits - Middle Prices
US,2024-10-26T10:02:23.000Z,0.02238914517902193,2,17,0,0,,Apple,iPhone11ProMax,2024-11-16 02:45:57.519000,ios,0.02238914517902193,,0,b3b489f8-ace0-43e7-8364-f9bcd4b031d4,794,104,5a7fa3c2-0746-4622-8ad0-d3c2bdd9d402,2024-11-09 10:54:16.916000,v1.10 - Skipits - Existing Users,Skipits - High Prices
US,2024-09-20T00:48:51.000Z,0.1983214601498559,12,56,0,0,,Apple,iPhone13ProMax,2024-11-16 02:47:11.658000,ios,0.3657103277951195,0.16738886764526367,8,3f56f1d9-937c-4502-a8b3-0e0ee7c36573,3576,190,ff75de87-c57d-4729-a861-addc80af8ba2,2024-11-11 01:49:45.428000,v1.10 - Skipits - Existing Users,Skipits - High Prices
US,2024-11-12T06:32:36.000Z,0.2941140732757569,8,47,0,0,,Apple,iPhone15ProMax,2024-11-16 02:47:13.337000,ios,0.7937846398345949,0.49967056655883796,11,4de71c37-5969-4999-a748-d32169c2a8ba,3530,14,45348862-49ee-460d-a66a-e9102e6ffc9e,2024-11-12 06:32:42.860000,v1.10 - Skipits - New Users,Skipits - Middle Prices
KR,2024-09-09T12:07:29.000Z,0.005985924,1,5,0,0,com.android.vending,samsung,SM-G991N,2024-11-16 02:48:29.986000,android,0.005985924,,0,58becb56-11d2-4cfe-a76a-998d3c394bdd,254,77,d665889a-5188-44e1-b756-15f40ca7f3aa,2024-11-14 02:01:25.834000,v1.10 - Skipits - Existing Users,Skipits - High Prices
FI,2024-11-04T08:39:24.000Z,,0,41,0,0,,Apple,iPhone13,2024-11-16 02:49:06.992000,ios,0.06291237258911134,0.06291237258911134,1,653a2c48-6d5b-4cc8-b35c-2250702c9694,1085,33,a54b0adb-c8d0-4e7c-a107-24b09dad5dd6,2024-11-09 10:18:33.604000,v1.10 - Skipits - Existing Users,Skipits - High Prices
US,2024-11-12T12:29:39.000Z,,0,3,0,0,,Apple,iPad9Gen,2024-11-16 02:51:04.399000,ios,0,,0,80da0378-ae7c-49f9-901b-457d19336122,62,3,5b7c9e25-dab0-4269-b772-d08a0b762a9a,2024-11-12 12:29:45.390000,v1.10 - Skipits - New Users,Skipits - High Prices
UZ,2024-10-13T14:21:29.000Z,0.001789135,3,13,0,0,com.android.vending,vivo,V2310,2024-11-16 02:52:25.278000,android,0.003011191388854981,0.0012220563888549806,0,3c190381-16a8-427f-bd79-98d0d5d6be73,758,263,27b4e1c3-a502-4091-8c76-f5f74842d375,2024-11-12 01:55:45.356000,v1.10 - Skipits - Existing Users,Skipits - Middle Prices
US,2024-11-13T10:28:36.000Z,,0,0,0,0,com.android.vending,TECNO,TECNO LH7n,2024-11-16 02:54:39.067000,android,0,,0,9cda4bcb-fce3-4f00-8071-16e333b4bc65,1,26,abc7189e-26e3-4d6e-bcfd-5044f86b4bb5,2024-11-13 10:28:46.043000,v1.10 - Skipits - Existing Users,Skipits - Middle Prices
CA,2024-11-10T05:28:08.000Z,0.11085125293063137,13,41,0,0,,Apple,iPhone11Pro,2024-11-16 02:54:42.123000,ios,0.11085125293063137,,0,c0df038b-0f6b-4304-8b4a-501bf995b352,4926,4,4625eca5-4af9-442a-9d94-87bb945cd974,2024-11-10 05:44:25.124000,v1.10 - Skipits - New Users,Skipits - Middle Prices
JP,2024-11-14T14:31:17.000Z,,0,0,0,0,,Apple,iPhone13,2024-11-16 02:54:58.194000,ios,0,,0,cb411a81-1bd8-4df7-bad5-f51e788a1f02,1,10,c014f8c7-f79d-4ed5-94c0-99c0017c7ca5,2024-11-14 14:31:25.902000,v1.10 - Skipits - New Users,Control
US,2024-11-15T22:14:31.000Z,,0,12,0,0,,Apple,iPhone12,2024-11-16 02:56:06.214000,ios,0.05127616691589355,0.05127616691589355,1,f78f594c-7106-4f7a-b35f-d4346f59bd5b,403,2,13eaed14-d21a-450c-a5b6-33a0b94625b3,2024-11-15 22:14:38.799000,v1.10 - Skipits - New Users,Skipits - High Prices
US,2024-09-10T17:44:17.000Z,0.011224282904668901,3,16,0,0,,Apple,iPhone13,2024-11-16 02:56:08.551000,ios,0.028119529661405317,0.016895246756736412,4,1cfa1f15-7fde-4d5c-b348-5aa8df4a8604,1126,119,9b1a9d74-519f-449e-ab6f-d2f627c7c525,2024-11-10 04:01:13.199000,v1.10 - Skipits - Existing Users,Skipits - Middle Prices
CA,2024-10-24T17:01:46.000Z,0.010281748395185322,5,13,0,0,,Apple,iPhone15,2024-11-16 02:57:08.010000,ios,0.027637877501801838,0.01735612910661652,6,e30c5614-38df-4d33-8715-758838e43fc1,1176,49,21afc577-eb57-4f62-839e-958d02372c2f,2024-11-09 00:27:15.677000,v1.10 - Skipits - Existing Users,Control
JP,2024-11-11T02:49:28.000Z,0.03132227522027588,3,23,0,0,,Apple,iPhone13Pro,2024-11-16 02:58:49.225000,ios,0.05230434995782471,0.02098207473754883,1,5cd456d6-049f-42a3-b835-28643ec4a5ff,935,11,0744f07b-80e2-43a6-844a-4c2e7385b635,2024-11-11 02:49:36.596000,v1.10 - Skipits - New Users,Control
US,2024-09-17T03:33:39.000Z,0.0749480893051874,5,31,0,0,,Apple,iPhone15Pro,2024-11-16 03:01:32.723000,ios,0.21139237114301412,0.1364442818378267,7,8718de7f-e45f-4622-b5ea-922b6bc410a5,1832,30,cc2af867-49fb-4f54-91d8-c9b33a3295c1,2024-11-15 16:02:12.262000,v1.10 - Skipits - Existing Users,Control
DE,2024-11-11T15:51:14.000Z,0.0073467,1,6,0,0,com.android.vending,Xiaomi,M2103K19G,2024-11-16 03:02:15.713000,android,0.0073467,,0,de0e32a9-5bd6-4680-a649-55b5545d7124,473,25,1473f8b6-517e-48f6-96a1-33063297be5c,2024-11-11 15:51:21.853000,v1.10 - Skipits - New Users,Skipits - Middle Prices
US,2024-11-09T08:22:05.000Z,0.16966007167097982,7,44,0,0,,Apple,iPhone15ProMax,2024-11-16 03:03:20.315000,ios,0.2809140389561361,0.11125396728515627,3,7c16929a-67cb-4eaf-9055-b8f97d380b2b,1874,35,cca92817-6b8e-41e3-9962-a1c2cdae806b,2024-11-09 08:22:12.724000,v1.10 - Skipits - New Users,Skipits - Middle Prices
US,2024-11-04T05:13:23.000Z,0.018458037000000004,2,16,0,0,,Apple,iPhone14,2024-11-16 03:04:17.316000,ios,0.018458037000000004,,0,8174b5e8-9807-4017-9f8e-19bb591b0e1d,686,43,57c6512e-1d11-4e1a-9178-b51fb6773235,2024-11-09 23:46:41.767000,v1.10 - Skipits - Existing Users,Skipits - High Prices
US,2024-11-08T16:10:55.000Z,0.05567547416687012,1,20,0,0,com.android.vending,samsung,SM-S928U,2024-11-16 03:06:00.319000,android,0.25046328445047644,0.1947878102836063,3,5a2124f4-0293-4984-8cc7-f592afe8868c,801,22,4e62cf12-fa70-44dd-99a5-17b6913545f3,2024-11-08 16:11:02.819000,v1.10 - Skipits - New Users,Skipits - Middle Prices
LK,2024-11-13T07:15:02.000Z,0.0038956010000000003,3,24,0,0,com.android.vending,HONOR,RMO-NX1,2024-11-16 03:07:52.938000,android,0.011612282000000002,0.007716681000000001,3,890353c8-d04c-4938-92d1-f92dbf15b3ea,1141,7,3a5336be-286a-4ecd-bcf6-4c55bce74769,2024-11-13 07:15:12.953000,v1.10 - Skipits - New Users,Skipits - High Prices
US,2024-11-11T04:08:51.000Z,,0,0,0,0,,Apple,iPhone15ProMax,2024-11-16 03:08:39.179000,ios,0,,0,38335029-e790-440c-a660-bcbbcbc5e828,0,3,9559cf63-d6b6-422a-8b7f-4590787d3470,2024-11-11 04:08:57.805000,v1.10 - Skipits - New Users,Control
US,2024-11-13T22:32:34.000Z,0.13548,1,9,0,0,,Apple,iPhone12,2024-11-16 03:10:45.921000,ios,0.33728,0.2018,1,d2c7c51c-6fed-4f5a-8c9b-520b1c01b26e,413,7,b6b2402c-d59d-43b2-8ea5-0aca1a6a19bd,2024-11-13 22:36:41.489000,v1.10 - Skipits - New Users,Skipits - High Prices
KR,2024-10-15T08:05:58.000Z,0.004685007,1,15,0,0,com.android.vending,samsung,SM-S926N,2024-11-16 03:11:42.780000,android,0.24886267006980642,0.24417766306980643,10,da5267cb-cc5f-45df-9ba1-a22a952ad63a,1382,168,eca3aae0-65f4-4c3d-ba72-0abe7ae16e9e,2024-11-09 00:25:25.522000,v1.10 - Skipits - Existing Users,Skipits - High Prices
AR,2024-11-13T01:34:47.000Z,0.0025063869999999997,3,52,0,0,com.android.vending,samsung,SM-A235M,2024-11-16 03:12:02.002000,android,0.003561668400680542,0.001055281400680542,1,d1dd1393-3b35-4cdd-9472-fae1ef6d7889,2297,20,5cc63411-ba39-4fb2-8948-0eaa4dafb3c0,2024-11-13 01:34:57.405000,v1.10 - Skipits - New Users,Control
US,2024-10-18T16:42:20.000Z,,0,7,0,0,,Apple,iPhone15Pro,2024-11-16 03:12:24.623000,ios,0.0921944007873535,0.0921944007873535,1,2b052c12-58b4-48ac-ac90-328def82a959,680,168,d7f56f63-73dd-4956-92fd-fa96b29c1c0e,2024-11-10 07:47:31.760000,v1.10 - Skipits - Existing Users,Skipits - Middle Prices
US,2024-10-31T23:37:01.000Z,0.05210766666666666,2,15,0,0,,Apple,iPhone13,2024-11-16 03:13:16.294000,ios,0.09411052380952381,0.04200285714285714,1,86f8d3f6-2e88-44e6-8fdb-aae49885ed14,680,22,4c8ada67-c7ff-45b1-bca4-1bc251613c51,2024-11-09 18:29:35.716000,v1.10 - Skipits - Existing Users,Control
US,2024-10-13T21:30:42.000Z,,0,30,0,0,,Apple,iPhone15Pro,2024-11-16 03:14:12.529000,ios,0.20758062171936034,0.20758062171936034,10,f33c36e3-54d6-4c53-9cfb-8e7e18f25880,2033,211,449afa00-6da8-45e9-a169-abd073b5743a,2024-11-08 21:13:13.530000,v1.10 - Skipits - Existing Users,Control
MY,2024-11-11T06:28:20.000Z,0.0029863263336,0,5,0,0,com.android.vending,vivo,V2066,2024-11-16 03:14:50.838000,android,0.0029863263336,,0,4c4b55f0-2f0f-4cb8-8917-708f575fad88,198,15,e54af838-d9c4-4946-ba29-b110285ba764,2024-11-11 06:28:47.329000,v1.10 - Skipits - New Users,Skipits - High Prices
US,2024-09-19T08:26:22.000Z,0.039300285933358325,3,11,0,0,,Apple,iPhone15ProMax,2024-11-16 03:15:11.886000,ios,0.039300285933358325,,0,dea8b72f-892f-426d-b020-a5c1a1a9697e,1142,84,aa6009b0-6b36-4114-808a-dce3742c43ac,2024-11-10 21:21:57.852000,v1.10 - Skipits - Existing Users,Skipits - Middle Prices
BR,2024-10-06T15:43:59.000Z,0.004879477730895453,1,11,0,0,com.android.vending,motorola,moto g(20),2024-11-16 03:17:30.115000,android,0.004879477730895453,,0,6602f0a5-8247-4d60-a0e8-f718387ec405,419,159,e39aecaf-0c97-48eb-88df-ac0528b3a42c,2024-11-08 09:04:17.829000,v1.10 - Skipits - Existing Users,Control
US,2024-10-18T12:56:39.000Z,0.01563550186157226,1,12,0,0,,Apple,iPhone14,2024-11-16 03:17:43.984000,ios,0.01563550186157226,,0,9941688d-ec76-42ec-88da-00fbd564e367,594,13,230d8c04-c03a-492e-afb3-659243c18619,2024-11-16 02:00:55.405000,v1.10 - Skipits - Existing Users,Control
US,2024-11-13T22:32:34.000Z,0.2134027959190096,2,6,0,0,,Apple,iPhone12,2024-11-16 03:21:48.833000,ios,0.2134027959190096,,0,1a932d86-66eb-4f83-b8ae-cab818203c96,383,8,b6b2402c-d59d-43b2-8ea5-0aca1a6a19bd,2024-11-13 22:36:41.489000,v1.10 - Skipits - New Users,Skipits - High Prices
DE,2024-11-01T09:03:34.000Z,0.023752922807397218,9,28,0,0,,Apple,iPhone13ProMax,2024-11-16 03:23:25.874000,ios,0.04084329751557288,0.01709037470817566,6,dbae7bf3-e979-4ba1-9b33-9ad6841779ea,1737,71,318ac25f-7f4a-42d7-8e53-a13ef7fe5559,2024-11-09 10:21:55.706000,v1.10 - Skipits - Existing Users,Control
JP,2024-09-15T08:26:54.000Z,0.012645482892938894,3,15,0,0,com.android.vending,TINNO,P780,2024-11-16 03:23:52.017000,android,0.07541526560964176,0.06276978271670287,5,7e526e80-5a39-4653-88c3-df64477e2856,1028,162,04f542a6-b255-4778-8dad-2a7eec754656,2024-11-10 10:18:05.740000,v1.10 - Skipits - Existing Users,Skipits - High Prices
GT,2024-09-19T22:30:12.000Z,0.016358972081,5,47,0,0,com.android.vending,samsung,SM-S908U,2024-11-16 03:24:04.427000,android,0.046374206356434244,0.030015234275434243,7,9e7a057f-5e30-4e9a-96aa-7ff2eeb90279,2123,51,be458ab3-7967-436a-ba13-401a3c3e79a8,2024-11-09 06:43:49.615000,v1.10 - Skipits - Existing Users,Skipits - High Prices
US,2024-08-18T21:26:32.000Z,,0,0,0,0,,Apple,iPhone14Plus,2024-11-16 03:27:07.012000,ios,0,,0,378bc828-d14c-447d-b85c-b0d70c64da48,32,67,0c3aa94f-3c9f-4493-b792-5907d0057a2a,2024-11-10 22:29:38.728000,v1.10 - Skipits - Existing Users,Skipits - High Prices
JP,2024-11-16T03:14:00.000Z,,0,0,0,0,,Apple,iPhone15ProMax,2024-11-16 03:28:17.671000,ios,0,,0,c0c5e97b-8698-4567-9be0-7fe7313ddbce,1,1,f22e8cfb-ea72-433a-a122-ba8b18890825,2024-11-16 03:28:17.671000,v1.10 - Skipits - New Users,Skipits - High Prices
TW,2024-10-22T05:59:14.000Z,0.02479201766666667,5,28,0,0,com.android.vending,samsung,SM-S9210,2024-11-16 03:28:45.931000,android,0.03259643861469524,0.007804420948028565,1,461c75f7-61f7-4574-a103-9415441e657d,1258,59,21cfcdba-5e33-4f22-83db-5e89148ae719,2024-11-09 03:51:23.854000,v1.10 - Skipits - Existing Users,Control
US,2024-09-12T04:38:24.000Z,0.0544768787840814,11,43,0,0,,Apple,iPhone15ProMax,2024-11-16 03:29:07.863000,ios,0.15526011010497157,0.10078323132089015,13,b05d5f45-19a0-4438-b53f-31aa37f8e9ad,3358,72,95490211-e2c4-45aa-8715-759baf5d6846,2024-11-10 02:00:26.085000,v1.10 - Skipits - Existing Users,Skipits - Middle Prices
BO,2024-11-12T21:13:25.000Z,0.0015760000000000001,4,38,0,0,com.android.vending,Xiaomi,Redmi Note 8 Pro,2024-11-16 03:29:25.842000,android,0.011681691191973946,0.010105691191973945,11,cb8d3715-38a2-4193-8cf4-54be11b39459,2377,9,0db03feb-dcaa-4d3b-8e00-8639ec852f5e,2024-11-15 05:20:18.703000,v1.10 - Skipits - Existing Users,Skipits - Middle Prices
AU,2024-11-04T22:03:33.000Z,,0,0,0,0,,Apple,iPhone12,2024-11-16 03:30:48.975000,ios,0.06201663074493408,0.06201663074493408,4,a7a1fd80-ae99-4235-9ad4-18ecc044833b,358,26,fd3f0e30-1f64-4adb-8b93-ea37067788ff,2024-11-09 22:43:32.668000,v1.10 - Skipits - Existing Users,Skipits - Middle Prices
AR,2024-09-16T17:35:29.000Z,,0,9,0,0,com.android.vending,Xiaomi,23100RN82L,2024-11-16 03:32:25.159000,android,0.006702600884955751,0.006702600884955751,3,1820c43e-da7b-4d95-b842-0a1738303a96,661,79,899a4b92-9fb1-4a3f-abc2-710d6d9417c2,2024-11-11 00:28:15.508000,v1.10 - Skipits - Existing Users,Skipits - High Prices
ID,2024-09-13T21:05:45.000Z,,0,0,0,0,,Apple,iPhone11,2024-11-16 03:33:17.074000,ios,0,,0,602a0705-4318-44b8-95be-ab636016f8ad,36,537,0f3ea904-ade6-4540-921b-eac30cd54803,2024-11-08 05:04:49.874000,v1.10 - Skipits - Existing Users,Control
ID,2024-11-12T12:54:33.000Z,,0,55,0,0,com.android.vending,Xiaomi,M2003J15SC,2024-11-16 03:33:23.966000,android,0,,0,c1ae7e73-37a7-4afe-b5c3-4c7a818c3ab2,1770,60,d2ecb1e9-0f27-480f-ae76-3a44310747f4,2024-11-12 12:54:43.038000,v1.10 - Skipits - New Users,Skipits - High Prices
MX,2024-10-29T19:26:16.000Z,,0,66,0,0,com.android.vending,samsung,SM-A346M,2024-11-16 03:34:18.521000,android,0,,0,1ff7b6f7-f694-4198-ba81-60582a115e9a,2390,34,162d3721-2f36-4b95-ba69-03a42260ad9e,2024-11-09 21:03:35.682000,v1.10 - Skipits - Existing Users,Skipits - High Prices
US,2024-10-24T02:26:26.000Z,0.0312467,1,14,0,0,,Apple,iPhone13ProMax,2024-11-16 03:36:26.976000,ios,0.13276291490478515,0.10151621490478516,2,ab169516-29d4-4765-a771-4cc4af807a21,535,27,dc401118-c60c-456e-8b46-75ffaf9da54d,2024-11-09 04:09:03.447000,v1.10 - Skipits - Existing Users,Skipits - High Prices
KR,2024-10-03T10:48:24.000Z,,0,0,0,0,,Apple,iPhone15Pro,2024-11-16 03:36:30.740000,ios,0,,0,a1be9306-b08a-4e70-8144-650a8aa78fa9,112,171,2234b4a9-96bb-4bad-95be-7d13fa0c57ba,2024-11-11 02:50:50.486000,v1.10 - Skipits - Existing Users,Skipits - High Prices
RU,2024-11-16T01:53:09.000Z,0.029769170765377856,11,67,0,0,com.android.vending,HONOR,CLK-LX1,2024-11-16 03:38:57.368000,android,0.0391405048413056,0.009371334075927737,1,ea8812bc-3865-4b0c-bbfa-b3d2ee654eb8,2727,4,34b66cfa-73a5-4902-8097-f1151dd45b8b,2024-11-16 01:53:16.689000,v1.10 - Skipits - New Users,Control
US,2024-11-09T17:31:31.000Z,0.0689206957149106,3,31,0,0,com.android.vending,samsung,SM-S906U,2024-11-16 03:39:09.398000,android,0.5002913422062396,0.431370646491329,11,2c30814b-88e4-4fb7-9c50-021b1fa0c8b0,1671,24,73c81b1d-f4e1-4cd4-ab79-bb45216c8e1a,2024-11-09 17:31:37.669000,v1.10 - Skipits - New Users,Skipits - Middle Prices
JP,2024-09-11T00:12:48.000Z,0.002952380952380953,1,12,0,0,,Apple,iPhone11,2024-11-16 03:43:10.571000,ios,0.021347902955980304,0.01839552200359935,4,a7f31692-c6e3-4d2c-a4a9-8c1e5437a83e,904,299,f382c4b0-3591-4bfa-af17-9a00a2b075bd,2024-11-10 02:36:57.499000,v1.10 - Skipits - Existing Users,Skipits - High Prices
IT,2024-09-26T09:32:53.000Z,0.01531560167221796,2,17,0,0,,Apple,iPhone13ProMax,2024-11-16 03:43:24.266000,ios,0.03943531259445917,0.02411971092224121,2,80e4f80b-de3b-41a5-8aaf-c10f557252cb,799,101,bfd9896e-7ae2-43bd-98e0-07b08226a4ee,2024-11-09 18:37:46.911000,v1.10 - Skipits - Existing Users,Skipits - Middle Prices
US,2024-11-10T22:10:32.000Z,,0,0,0,0,com.android.vending,samsung,SM-S916U1,2024-11-16 03:45:38.135000,android,0,,0,b3da413d-e6e1-406e-8209-f573dd85669a,0,76,12105078-b01e-4790-8a80-06bbb4bdaf9c,2024-11-10 22:10:38.779000,v1.10 - Skipits - New Users,Skipits - High Prices
IN,2024-09-22T09:35:45.000Z,,0,5,0,0,com.android.vending,realme,RMX3741,2024-11-16 03:45:46.327000,android,0,,0,dcbd8134-8a08-4055-8569-8432a1a62273,175,148,f596c6ab-18a8-454f-a67d-7382d6544163,2024-11-10 10:10:00.580000,v1.10 - Skipits - Existing Users,Skipits - Middle Prices
US,2024-11-15T17:57:29.000Z,,0,2,0,0,,Apple,iPhone11,2024-11-16 03:46:00.232000,ios,0,,0,60b5babf-dd4c-4ec7-947a-5810a88c7df8,43,8,bd532f1d-29a2-48e2-b44f-3a0098edfcc8,2024-11-15 17:57:36.720000,v1.10 - Skipits - New Users,Skipits - High Prices
DO,2024-09-13T03:37:58.000Z,,0,12,0,0,com.android.vending,TECNO,TECNO KI5k,2024-11-16 03:49:20.671000,android,0,,0,e475ef91-eb48-4da6-8334-c06c1a204983,463,123,e5df0cc4-d944-4954-8ef3-2dc1738ea6a9,2024-11-13 16:58:00.544000,v1.10 - Skipits - Existing Users,Skipits - Middle Prices
US,2024-11-14T01:54:15.000Z,0.049186907,1,14,0,0,,Apple,iPhone12,2024-11-16 03:49:38.091000,ios,0.13685207988208006,0.08766517288208006,2,abdf8a8c-1c7b-42ca-a8f8-ffc0082453a5,660,11,a525f8e5-5a72-4ed0-9c21-c1bdf0145276,2024-11-14 01:54:24.185000,v1.10 - Skipits - New Users,Control
CA,2024-10-21T22:21:44.000Z,0.02158044996869432,4,39,0,0,,Apple,iPhone14ProMax,2024-11-16 03:51:41.465000,ios,0.10609852713215807,0.08451807716346375,11,4c9679ac-d784-4560-8e1e-5bfea5723326,2523,160,5369a28b-f1c3-49b5-89a5-d69d2e3acd68,2024-11-09 21:01:50.775000,v1.10 - Skipits - Existing Users,Control
CA,2024-10-29T04:00:48.000Z,,0,17,0,0,,Apple,iPhone14ProMax,2024-11-16 03:52:03.245000,ios,0.18466483855560556,0.18466483855560556,5,9f614f87-54cc-4e7a-830e-9f376d4fa1d9,1208,75,9e1021ac-74f7-42fd-bc71-8c865624c9ca,2024-11-09 19:27:30.373000,v1.10 - Skipits - Existing Users,Control
US,2024-11-15T13:16:10.000Z,0.0708767,0,6,0,0,,Apple,iPhone14ProMax,2024-11-16 03:52:11.769000,ios,0.0708767,,0,dd1d2fb9-064a-4acf-94d2-0eeda6798875,216,4,fbac0882-8d0b-4194-888a-4e9ab5ea7546,2024-11-15 13:16:16.757000,v1.10 - Skipits - New Users,Skipits - Middle Prices
NZ,2024-11-16T03:44:16.000Z,0.012139190950467789,2,29,0,0,com.android.vending,OPPO,CPH2005,2024-11-16 03:53:28.655000,android,0.048093841888639174,0.03595465093817139,2,d1107a74-339c-47c4-b677-c57f030e4c72,1052,2,3fcda05a-5630-4a14-9d86-0b7427e8e96a,2024-11-16 03:44:27.148000,v1.10 - Skipits - New Users,Control
JP,2024-10-08T08:48:42.000Z,0.003739800233216514,1,5,0,0,,Apple,"iPhone17,2",2024-11-16 03:56:50.477000,ios,0.007692772940964926,0.003952972707748413,1,026e2967-b6b8-43e6-8eae-6b7cd7c08801,616,166,2f1d6f49-4e5b-463c-b1bb-10b0b87ae2ce,2024-11-08 02:55:19.784000,v1.10 - Skipits - Existing Users,Control
AR,2024-11-12T22:57:17.000Z,0.001975238095238095,3,24,0,0,com.android.vending,samsung,SM-A217M,2024-11-16 03:56:54.397000,android,0.00815304800459317,0.006177809909355072,6,02b91430-6230-4386-931e-4b44aef5f07a,1357,61,d36e653d-cb8b-432a-8fda-4fa3743164ba,2024-11-12 22:57:25.855000,v1.10 - Skipits - New Users,Control
JP,2024-09-20T14:51:45.000Z,,0,17,0,0,,Apple,iPhone12Mini,2024-11-16 03:59:27.607000,ios,0,,0,c1474881-b209-4f65-8280-ca26cbdf03af,474,330,d9206e32-3e6b-46b7-b299-4105fc51eba6,2024-11-16 02:07:04.196000,v1.10 - Skipits - Existing Users,Skipits - Middle Prices
US,2024-10-27T06:28:47.000Z,0.020328966586544036,3,38,0,0,com.android.vending,samsung,SM-F711U,2024-11-16 04:01:36.166000,android,0.19138092526759506,0.17105195868105105,14,a15d7e99-18ad-4937-aa98-2ff2486dab91,2573,67,363898cd-a8c0-4277-bd13-aee66f6c7373,2024-11-09 07:24:37.135000,v1.10 - Skipits - Existing Users,Control
PH,2024-11-08T02:54:44.000Z,0.0012023969457000002,1,0,0,0,com.android.vending,Xiaomi,23129RAA4G,2024-11-16 04:01:42.437000,android,0.013671806410692561,0.012469409464992563,10,d5939373-5439-4e23-8bf1-0b22176e3cac,706,45,7075bda9-92e9-47a5-96f8-1b32abc2fda6,2024-11-08 02:54:53.294000,v1.10 - Skipits - New Users,Skipits - Middle Prices
US,2024-11-13T02:30:08.000Z,0.04307405165832521,3,39,0,0,,Apple,iPhone15Plus,2024-11-16 04:02:54.626000,ios,0.2577608721323359,0.2146868204740107,9,876d5c68-d955-4993-85a4-1c0d3ddb2182,1985,8,a69d74d8-9b24-46d4-bb92-88528f229cc8,2024-11-13 02:30:15.285000,v1.10 - Skipits - New Users,Skipits - Middle Prices
VN,2024-11-15T03:24:20.000Z,0.0029276189206363895,8,59,0,0,com.android.vending,samsung,SM-A725F,2024-11-16 04:03:15.635000,android,0.010745815261299647,0.007818196340663257,3,78057fb0-0865-4d8a-b037-05749f8d6a84,1976,7,f14ff80f-2b81-4be5-a7dc-a8128ce1eff7,2024-11-15 03:24:29.258000,v1.10 - Skipits - New Users,Skipits - High Prices
HK,2024-10-19T13:54:16.000Z,,0,0,0,0,,Apple,iPhone14ProMax,2024-11-16 04:03:59.920000,ios,0,,0,2300d32f-3f31-4c5c-9122-d4e78c11d456,5,28,69351971-233f-4865-a91f-8671f6110de1,2024-11-12 03:17:07.884000,v1.10 - Skipits - Existing Users,Control
IL,2024-09-10T17:44:17.000Z,0.003661899000000001,1,0,0,0,,Apple,iPhone13,2024-11-16 04:05:51.393000,ios,0.010020657932838623,0.006358758932838621,1,8e0720f0-36e7-495c-bbc2-bc54c80d8b3c,84,121,9b1a9d74-519f-449e-ab6f-d2f627c7c525,2024-11-10 04:01:13.199000,v1.10 - Skipits - Existing Users,Skipits - Middle Prices
ID,2024-10-28T07:31:10.000Z,,0,0,0,0,com.android.vending,INFINIX,Infinix X6525,2024-11-16 04:06:08.601000,android,0,,0,0890ed95-120b-4aa8-87bf-8179b2d93bf5,33,57,0a8a5a20-1ecc-4327-8d3b-1d41c0e6116d,2024-11-08 00:10:53.434000,v1.10 - Skipits - Existing Users,Skipits - High Prices
KR,2024-11-15T10:15:24.000Z,0.157225199501855,1,13,0,0,,Apple,iPhone14Pro,2024-11-16 04:07:59.943000,ios,0.3638105419090816,0.2065853424072266,1,edf5583e-a4c1-404e-8e19-52302c384b2e,499,6,a7deda6f-5b68-4cb2-a567-9d7319276dce,2024-11-15 10:15:32.218000,v1.10 - Skipits - New Users,Skipits - Middle Prices
US,2024-11-16T01:44:32.000Z,0.006017037227214378,2,13,0,0,com.android.vending,HONOR,WDY-LX3,2024-11-16 04:09:52.287000,android,0.011810456386257306,0.0057934191590429274,1,de2e63d4-99b8-42a7-bd1e-e571e62a2d6b,480,2,dc1dc778-4f55-4830-9231-96511ffe2f88,2024-11-16 01:44:43.927000,v1.10 - Skipits - New Users,Skipits - Middle Prices
KZ,2024-11-12T13:33:51.000Z,0.003111389887060438,3,30,0,0,com.android.vending,Xiaomi,2201117SG,2024-11-16 04:12:56.950000,android,0.012551639887060435,0.009440249999999999,3,7d038038-de97-4a93-ab75-2c7a84fa47bb,1287,21,488b836b-9112-495f-907c-c2c4f5c1f814,2024-11-12 13:33:58.439000,v1.10 - Skipits - New Users,Skipits - Middle Prices
ZZ,2024-11-12T02:12:29.000Z,0.0021017787750000003,4,23,0,0,com.android.vending,Xiaomi,M2102J20SI,2024-11-16 04:14:10.884000,android,0.0021017787750000003,,0,bc37fef5-8af6-4ff3-8fc1-d4bb3d5db9d2,914,12,2adc1e1b-accf-41ab-b9ee-84db7b47660b,2024-11-12 02:12:37.091000,v1.10 - Skipits - New Users,Control
US,2024-10-18T16:02:56.000Z,0.2680511266478925,22,85,0,0,,Apple,iPhone13,2024-11-16 04:22:19.141000,ios,0.39962079745386747,0.13156967080597504,10,4523b641-dd87-43eb-98cb-d45ff93d5bc0,5080,124,3e50d48e-727e-4421-8f2f-613fe190b844,2024-11-08 19:30:55.702000,v1.10 - Skipits - Existing Users,Skipits - Middle Prices
MX,2024-11-15T23:35:07.000Z,0.00726,1,12,0,0,com.android.vending,HONOR,LLY-LX3,2024-11-16 04:22:36.429000,android,0.023848287,0.016588287,1,197d30d2-fd9e-4183-9f5a-ab0f5a7b0f32,566,2,143875bf-799b-4871-8c4b-7caa6129b8ba,2024-11-15 23:35:16.209000,v1.10 - Skipits - New Users,Control
MX,2024-11-16T04:25:02.000Z,,0,18,0,0,com.android.vending,Xiaomi,23100RN82L,2024-11-16 04:25:12.719000,android,0,,0,de9c01b9-1770-4885-81eb-767720b862fa,520,1,678d2f09-cde2-41e1-90f3-cdee4eb6be31,2024-11-16 04:25:12.719000,v1.10 - Skipits - New Users,Control
US,2024-11-07T00:16:59.000Z,,0,177,0,0,,Apple,"iPad13,4",2024-11-16 04:26:37.107000,ios,1.718169167143754,1.718169167143754,15,7a49bed4-417e-4970-82f8-9dad98f211bd,5505,49,7605f41a-477c-4381-95f2-74155d353a55,2024-11-08 17:47:34.125000,v1.10 - Skipits - Existing Users,Skipits - High Prices
ID,2024-08-29T12:33:16.000Z,0.00028875,1,14,0,0,com.android.vending,Xiaomi,220333QAG,2024-11-16 04:26:57.737000,android,0.00028875,,0,82894276-a1c8-4a0b-8245-c72794e9eb46,527,113,a8aef0b4-2960-412d-97a8-eb048e50f6d6,2024-11-09 08:50:48.960000,v1.10 - Skipits - Existing Users,Skipits - High Prices
SG,2024-10-18T13:05:52.000Z,0.002196335,1,7,0,0,com.android.vending,samsung,SM-S711B,2024-11-16 04:27:35.747000,android,0.02734698036079906,0.02515064536079906,7,78c6adec-9738-48e8-8e41-8c42f3722f41,513,122,9a8a2e85-366c-434e-ba9f-6b8a14305cc6,2024-11-12 11:12:35.845000,v1.10 - Skipits - Existing Users,Skipits - Middle Prices
AU,2024-11-10T07:20:08.000Z,,0,0,0,0,,Apple,iPhone15Plus,2024-11-16 04:28:33.202000,ios,0,,0,1d1d403c-20a5-4a7e-a710-129708affb4d,2,3,8f50875e-5f32-4fa1-979d-e6167ec70392,2024-11-10 07:20:19.836000,v1.10 - Skipits - New Users,Control
HK,2024-11-14T09:05:38.000Z,0.022660531207240195,5,27,0,0,,Apple,iPhone15Pro,2024-11-16 04:31:48.712000,ios,0.022660531207240195,,0,c1e38992-cbd6-4ba6-af67-16c80fcdf1db,1172,19,ba34c6d5-b899-4abf-bc65-539af092b27a,2024-11-14 09:05:46.449000,v1.10 - Skipits - New Users,Skipits - Middle Prices
JP,2024-11-11T04:48:41.000Z,0.007160260200500491,0,1,0,0,,Apple,iPhone15ProMax,2024-11-16 04:32:22.587000,ios,0.007160260200500491,,0,71895e8b-2904-4b9f-a678-a3831641db87,36,82,d5ac783c-4033-493c-91af-cc19c4127c1a,2024-11-11 04:48:49.493000,v1.10 - Skipits - New Users,Skipits - High Prices
VN,2024-11-11T15:39:20.000Z,0.0012079681081,1,32,0,0,com.android.vending,Xiaomi,2201117TG,2024-11-16 04:33:55.937000,android,0.08185516498838949,0.08064719688028948,18,08ab40b0-8cf9-4678-9084-3868da32f5fa,1801,13,83d3ea0e-a6cc-47fa-aa15-b89708c3a78b,2024-11-11 15:39:29.757000,v1.10 - Skipits - New Users,Skipits - Middle Prices
JP,2024-05-15T12:45:01.000Z,,0,5,0,0,com.android.vending,samsung,SCV43-u,2024-11-16 04:34:48.244000,android,0.006220045413970947,0.006220045413970947,2,01259e50-941a-463b-a2a4-feac918fbc00,540,58,872e0984-c93c-4574-b760-74fffa134a5c,2024-11-09 22:45:58.089000,v1.10 - Skipits - Existing Users,Skipits - High Prices
MM,2024-09-30T08:35:11.000Z,,0,7,0,0,com.android.vending,vivo,V1924A,2024-11-16 04:38:44.613000,android,0,,0,7d1744e5-9351-432e-b6bc-3a06d33f349a,282,199,23e19eb7-cd86-488c-a692-4fd1faf1beeb,2024-11-11 02:01:08.900000,v1.10 - Skipits - Existing Users,Skipits - High Prices
MX,2024-11-16T01:30:39.000Z,0.050319350719451914,9,58,0,0,,Apple,iPhone15ProMax,2024-11-16 04:39:06.964000,ios,0.06558303928375245,0.015263688564300538,1,9fdf6b8e-83a9-427d-97a1-5f09cce0a973,2255,3,647ec6da-f54d-4ae5-9b42-916475fb89b2,2024-11-16 01:30:49.174000,v1.10 - Skipits - New Users,Skipits - High Prices
RU,2024-10-21T06:06:53.000Z,0.05198324374959747,4,38,0,0,,Apple,iPhone15ProMax,2024-11-16 04:39:37.182000,ios,0.1431212013225345,0.09113795757293702,6,06ca1400-133b-4dd4-b9dc-217e6cc9c008,1729,45,ee2761ce-fb6c-4b2b-9e17-51cef2e8901f,2024-11-09 15:29:47.894000,v1.10 - Skipits - Existing Users,Control
JP,2024-11-14T14:31:17.000Z,0.01794408,1,14,0,0,,Apple,iPhone13,2024-11-16 04:39:58.500000,ios,0.04892693714285714,0.03098285714285714,2,36073657-088c-4158-8812-a9f8899803e0,610,14,c014f8c7-f79d-4ed5-94c0-99c0017c7ca5,2024-11-14 14:31:25.902000,v1.10 - Skipits - New Users,Control
US,2024-08-10T18:27:11.000Z,0.05803597644774993,4,31,0,0,,Apple,iPhone8,2024-11-16 04:40:02.799000,ios,0.15604713462798675,0.09801115818023681,4,e85fbd3d-0b8e-41fe-a340-aa6ba2110dc0,1560,5,cda23609-ee42-48f3-ac22-cc6f6bd1cde3,2024-11-16 04:40:02.799000,v1.10 - Skipits - Existing Users,Control
IN,2024-11-10T14:45:54.000Z,0.0030820191240310667,2,12,0,0,com.android.vending,samsung,SM-S711B,2024-11-16 04:40:06.028000,android,0.0030820191240310667,,0,6403c2e0-e4bd-4fb3-ac6f-da8c26201a15,552,20,83fcb9f4-e220-44cd-b6c1-c829ddfbbcde,2024-11-10 14:46:01.444000,v1.10 - Skipits - New Users,Control
US,2024-11-12T15:17:03.000Z,0.3082495555714286,4,19,0,0,,Apple,iPhone15ProMax,2024-11-16 04:40:28.466000,ios,0.5116757154274525,0.20342615985602389,1,98ebad8e-2b63-48a5-9deb-1c659774709b,783,6,21ec87af-b382-43bd-aa4b-9581663adb50,2024-11-12 15:17:10.081000,v1.10 - Skipits - New Users,Control
US,2024-11-13T19:12:06.000Z,,0,4,0,0,,Apple,iPhone15Plus,2024-11-16 04:43:56.230000,ios,0,,0,9f11e356-fa15-4d5d-aa3f-84e2f91caf64,210,4,3be3345b-c9c8-4f80-b8f9-44fe622a0533,2024-11-13 19:12:13.915000,v1.10 - Skipits - New Users,Skipits - Middle Prices
US,2024-11-16T03:27:11.000Z,0.03507776409717151,4,38,0,0,com.android.vending,samsung,SM-S928U,2024-11-16 04:45:39.723000,android,0.21876540234710898,0.18368763824993747,6,b3a0da03-15d4-46a3-a696-966aa6115a22,2233,2,5b77ca1f-41f0-49a1-8853-f03c23652289,2024-11-16 03:27:18.574000,v1.10 - Skipits - New Users,Control
US,2024-10-28T20:24:32.000Z,,0,0,0,0,,Apple,iPhone15ProMax,2024-11-16 04:45:42.126000,ios,0,,0,f96b3fdc-4b05-42a0-8570-48ea812d0f6e,2,124,2541f12a-9b5d-41a5-8bdf-2855dc0018ad,2024-11-12 04:23:34.738000,v1.10 - Skipits - Existing Users,Skipits - High Prices
JP,2024-11-01T11:39:05.000Z,,0,15,0,0,,Apple,"iPhone17,1",2024-11-16 04:45:58.228000,ios,0.5058641052246093,0.5058641052246093,1,f487834d-543b-4344-9e1a-b3781762cca1,382,147,8dbb1b6c-5e92-4026-a85f-178dcbb8783f,2024-11-09 00:02:08.464000,v1.10 - Skipits - Existing Users,Control
PR,2024-11-13T21:01:28.000Z,0.015001492870391847,4,28,0,0,,Apple,iPhone15ProMax,2024-11-16 04:46:16.859000,ios,0.019491492870391848,0.00449,1,628f6f69-1a8f-4762-9b3c-a77ddc1a7f94,1258,4,8b8d6f61-76bb-4706-928b-b5fdcd5358ef,2024-11-13 21:01:35.672000,v1.10 - Skipits - New Users,Skipits - High Prices
JP,2024-10-02T11:04:30.000Z,0.10166878550810898,7,36,0,0,,Apple,iPhone14Plus,2024-11-16 04:47:12.588000,ios,0.20234509085754981,0.10067630534944082,4,72739025-52ac-4095-a1a9-b084d72f5be2,1811,146,193246fb-e0a1-4df8-ab5c-f86d4decf9e1,2024-11-09 10:25:27.253000,v1.10 - Skipits - Existing Users,Skipits - Middle Prices
US,2024-10-17T14:35:22.000Z,,0,0,0,0,com.android.vending,Google,Pixel 7,2024-11-16 04:50:10.750000,android,0,,0,5fcefa4c-e8a5-4ddb-9a6d-253f437c30d4,48,91,592f7f1f-c09d-475c-840b-eb4ab437b3b9,2024-11-09 03:49:33.456000,v1.10 - Skipits - Existing Users,Skipits - High Prices
VN,2024-11-07T01:47:38.000Z,0.0009808285714285713,2,16,0,0,com.android.vending,Xiaomi,2311DRK48G,2024-11-16 04:51:06.379000,android,0.012999902342916033,0.012019073771487462,6,7fb7e51b-b1dd-438e-845f-83aa5f987e41,1109,64,49767c7e-bebe-403d-b1fc-6d92ad6e61d5,2024-11-08 23:56:00.691000,v1.10 - Skipits - Existing Users,Skipits - Middle Prices
MX,2024-11-13T05:06:21.000Z,0.0128186211034,4,31,0,0,com.android.vending,vivo,V2058,2024-11-16 04:51:34.746000,android,0.09950316438056064,0.08668454327716064,12,707217a3-f0d0-4c9d-894a-61f1153db700,1839,10,f3bc2a6a-a421-4bf3-8030-32486ace17eb,2024-11-13 05:06:42.520000,v1.10 - Skipits - New Users,Skipits - Middle Prices
ID,2024-11-05T21:12:28.000Z,0.002628366433109685,4,30,0,0,com.android.vending,realme,RMX2101,2024-11-16 04:52:35.328000,android,0.002628366433109685,,0,c007a6b2-917e-4bf2-b6cf-4b9351868454,960,44,52e052e1-622f-4909-8428-75e82dfd2513,2024-11-10 13:06:40.164000,v1.10 - Skipits - Existing Users,Skipits - Middle Prices
US,2024-10-28T01:46:46.000Z,0.0174,2,15,0,0,com.android.vending,samsung,SM-S908U,2024-11-16 04:54:32.361000,android,0.04391891326904297,0.02651891326904297,1,6de0830e-a3a6-4eee-a51a-afdd1c144016,829,42,a24087bf-e616-4a46-bef4-f2028881eee0,2024-11-10 03:20:00.500000,v1.10 - Skipits - Existing Users,Skipits - High Prices
CL,2024-11-05T01:52:21.000Z,0.0020485714285714287,1,16,0,0,com.android.vending,motorola,moto g82 5G,2024-11-16 04:55:02.953000,android,0.010058623666666667,0.008010052238095238,2,d268f633-705a-4201-b41f-cd9bf7814413,741,22,9193e6b9-b755-43b9-a884-ae4990c560a1,2024-11-10 19:06:59.192000,v1.10 - Skipits - Existing Users,Skipits - High Prices
US,2024-11-12T04:43:49.000Z,0.22027010298367503,6,33,0,0,,Apple,iPhone14Plus,2024-11-16 04:58:27.066000,ios,0.6763199381198185,0.4560498351361434,6,e878b7cb-ad81-497b-a673-616bc741ed20,1682,11,878c2990-931f-4b87-8936-447dd87144f8,2024-11-12 04:43:55.663000,v1.10 - Skipits - New Users,Control
JP,2024-10-31T05:26:30.000Z,0.010427349000000002,3,6,0,0,,Apple,iPhone13,2024-11-16 05:00:28.120000,ios,0.020578876166366583,0.010151527166366577,3,4b073c8d-b2e7-4b64-a1ee-60cbf05d9a16,384,80,f27d4366-43ba-4982-b73f-e8a919ee3d6c,2024-11-09 22:12:32.153000,v1.10 - Skipits - Existing Users,Control
NZ,2024-11-16T05:02:31.000Z,0.004425557,1,30,0,0,com.android.vending,OPPO,CPH2305,2024-11-16 05:02:39.874000,android,0.07315862734541863,0.06873307034541863,4,8673cfa0-300e-40ce-b011-5d0ef8d123ea,1262,1,25dea619-0789-48f2-b910-4f9bef5aecdc,2024-11-16 05:02:39.875000,v1.10 - Skipits - New Users,Skipits - High Prices
TT,2024-11-15T06:35:03.000Z,,0,0,0,0,com.android.vending,samsung,SM-A037M,2024-11-16 05:06:05.288000,android,0.0013853783783783784,0.0013853783783783784,0,fa5d7691-a08b-4ccc-bb75-a56365f32fca,112,5,3c9a0102-df72-4610-a119-412c25c9f552,2024-11-15 06:35:12.244000,v1.10 - Skipits - New Users,Control
JP,2024-11-09T12:55:14.000Z,,1,1,0,0,,Apple,iPhone14,2024-11-16 05:06:20.872000,ios,0,,0,025fa692-31eb-4265-bc61-0d3292f5c756,43,144,f66c867e-161a-416f-a73b-a47c43807f6b,2024-11-09 12:55:22.578000,v1.10 - Skipits - New Users,Skipits - High Prices
AE,2024-11-12T19:20:11.000Z,,0,1,0,0,,Apple,iPhone15,2024-11-16 05:08:39.493000,ios,0,,0,c1ff5045-73a1-4d5f-b114-9db0d073caa8,14,7,3245d0fe-7b99-4509-a8ee-7e6e53e7942c,2024-11-12 19:20:18.501000,v1.10 - Skipits - New Users,Control
ID,2024-09-21T07:25:56.000Z,0.00322652,1,7,0,0,com.android.vending,Xiaomi,22021211RG,2024-11-16 05:08:43.925000,android,0.010553026,0.007326506,3,6b5d1163-f749-46a2-aa79-d5b6c0ab155f,452,64,e1c550cd-703a-4532-9cec-e191782613a4,2024-11-08 15:38:11.580000,v1.10 - Skipits - Existing Users,Skipits - Middle Prices
JP,2024-08-10T01:36:40.000Z,0.04498845982370966,9,51,0,0,,Apple,iPhone15Pro,2024-11-16 05:09:03.739000,ios,0.04498845982370966,,0,cc1a744f-73d0-4216-8ab2-6e58f4c1629e,1796,46,c30c1050-3da2-45f7-8488-eb4853c9d110,2024-11-09 01:33:47.766000,v1.10 - Skipits - Existing Users,Control
BR,2024-11-15T17:29:25.000Z,0.02755009037184976,22,131,0,0,com.android.vending,Xiaomi,Redmi Note 9 Pro,2024-11-16 05:09:05.172000,android,0.030262159883263334,0.0027120695114135744,1,8973c62b-257d-4a43-be9d-ffc524bbbc4a,5267,5,e30a1dfe-3fd0-48de-9b32-eb64a17c483f,2024-11-15 17:29:33.660000,v1.10 - Skipits - New Users,Control
US,2024-11-10T00:07:57.000Z,,0,0,0,0,,Apple,iPhone13,2024-11-16 05:09:50.973000,ios,0,,0,f45cbafb-c193-4eac-9495-4a3993fe57bc,0,82,84354e0f-547d-4d48-9fbb-fd05c2108f2a,2024-11-10 00:08:06.964000,v1.10 - Skipits - New Users,Control
US,2024-11-07T03:08:12.000Z,,0,7,0,0,,Apple,iPhone12Pro,2024-11-16 05:10:14.037000,ios,0.019303330331004762,0.019303330331004762,1,78d90f2d-5429-4d3e-b893-ef7e4616803c,297,32,1eb7fde0-b14e-4e2a-a8f7-13234b8c00b7,2024-11-09 23:15:07.468000,v1.10 - Skipits - Existing Users,Control
JP,2024-05-19T06:56:11.000Z,,0,0,0,0,com.android.vending,samsung,SCV45,2024-11-16 05:10:42.052000,android,0,,0,e8cd980c-f431-4b0f-ad53-bfcfe37f1489,0,232,d2c9a15b-efb8-4e62-90c1-c65f125837fe,2024-11-16 01:35:50.781000,v1.10 - Skipits - Existing Users,Control
CA,2024-11-15T01:09:38.000Z,0.1652945472900391,2,17,0,0,,Apple,iPhone14,2024-11-16 05:15:57.046000,ios,0.2872745472900391,0.12198,1,47dcc860-dc63-4312-9439-abc99365270c,713,3,7b8ab380-0cc9-4b42-845c-06a5b7803db1,2024-11-15 01:09:44.440000,v1.10 - Skipits - New Users,Control
IN,2024-10-29T21:08:55.000Z,,0,11,0,0,com.android.vending,OPPO,CPH2579,2024-11-16 05:18:49.465000,android,0,,0,85b144cf-3ec8-4846-baf0-48b141e82d53,457,27,78570803-4fd5-455a-ad39-f7668b47d61f,2024-11-13 11:37:03.062000,v1.10 - Skipits - Existing Users,Control
IN,2024-10-29T21:08:55.000Z,,0,5,0,0,com.android.vending,OPPO,CPH2579,2024-11-16 05:18:52.100000,android,0,,0,06f5e656-5d8d-41b1-9612-dfd675481e60,31,29,78570803-4fd5-455a-ad39-f7668b47d61f,2024-11-13 11:37:03.062000,v1.10 - Skipits - Existing Users,Control
PH,2024-09-29T22:12:58.000Z,,0,64,0,0,com.android.vending,TECNO,TECNO BG6,2024-11-16 05:18:57.081000,android,0,,0,deb95e06-7772-4733-a151-db905d88c9ac,1617,47,9d7dfba7-69c4-47b4-80c8-99604935e4ba,2024-11-07 20:41:10.319000,v1.10 - Skipits - Existing Users,Skipits - Middle Prices
BR,2024-09-28T00:04:50.000Z,,0,6,0,0,,Apple,iPhone14,2024-11-16 05:20:25.421000,ios,0,,0,926b338b-79ce-4d01-a220-fdc1dafc9c8c,150,91,7694f773-7e2e-438f-a24e-b66282c48672,2024-11-13 10:08:45.840000,v1.10 - Skipits - Existing Users,Control
TH,2024-11-16T04:29:17.000Z,,0,1,0,0,com.android.vending,samsung,SM-S928B,2024-11-16 05:27:06.150000,android,0,,0,e6b84ed7-fb0c-4efe-b316-01ff84abc155,373,3,259f83cd-f5eb-4db5-bef9-4c72f0139b44,2024-11-16 04:29:24.762000,v1.10 - Skipits - New Users,Control
VN,2024-06-06T16:49:01.000Z,,0,0,0,0,com.android.vending,samsung,SM-A705F,2024-11-16 05:27:26.700000,android,0,,0,69ae36f6-3964-4735-a217-aa8900d7e3bb,0,201,15bc98ba-c34d-410a-95c5-b63f09eaf98f,2024-11-09 12:26:15.532000,v1.10 - Skipits - Existing Users,Skipits - Middle Prices
JP,2024-11-01T08:48:48.000Z,0.0070335924041875185,2,12,0,0,,Apple,iPhoneXR,2024-11-16 05:28:43.922000,ios,0.014963417848681042,0.007929825444493523,2,80fd5148-4b22-463c-80f8-cdc220865392,659,98,a80eabc2-0445-461f-88a4-2c595a661398,2024-11-08 21:55:49.510000,v1.10 - Skipits - Existing Users,Control
HK,2024-10-10T06:43:36.000Z,0.003624125,1,6,0,0,com.android.vending,samsung,SM-G9860,2024-11-16 05:33:59.601000,android,0.03295050516528926,0.029326380165289257,1,2afe21b9-7f4b-4266-8c77-57ef24753b60,340,190,8a9f970f-b42b-4d9c-8f9b-3258648722c5,2024-11-10 02:46:19.354000,v1.10 - Skipits - Existing Users,Skipits - High Prices
US,2024-08-31T17:11:50.000Z,0.15183535588927533,16,75,0,0,,Apple,iPhone15Plus,2024-11-16 05:34:07.722000,ios,0.15183535588927533,,0,91083638-f1c8-4dd5-a72f-d0760ea079a9,4725,270,cde917ff-f8b0-4ffd-b363-261e49f81c3a,2024-11-09 21:06:09.573000,v1.10 - Skipits - Existing Users,Control
MY,2024-10-26T10:44:48.000Z,0.021226908965734,7,39,0,0,com.android.vending,vivo,vivo 1920,2024-11-16 05:35:10.732000,android,0.1343937231691966,0.11316681420346261,11,8ca79b9d-1e17-4bc4-acc2-3c2ace2a0241,2237,33,cc524d8b-5dbe-4c61-aac8-99622522fc8e,2024-11-15 14:06:47.684000,v1.10 - Skipits - Existing Users,Skipits - High Prices
US,2024-11-10T00:14:32.000Z,,0,0,0,0,,Apple,iPhoneXR,2024-11-16 05:36:21.794000,ios,0,,0,6d2fdddd-ea8e-47d4-b692-81007c9ac0e8,1,74,2956cb0b-c1a5-4207-8b94-0e4973c97995,2024-11-28 01:12:41.725000,v1.10 - Skipits - New Users,Skipits - High Prices
US,2024-11-10T00:14:32.000Z,,0,0,0,0,,Apple,iPhoneXR,2024-11-16 05:36:21.794000,ios,0,,0,6d2fdddd-ea8e-47d4-b692-81007c9ac0e8,1,74,2956cb0b-c1a5-4207-8b94-0e4973c97995,2024-11-10 00:14:38.739000,v1.10 - Skipits - New Users,Skipits - High Prices
ID,2024-10-29T06:56:11.000Z,0.005010547305969964,3,13,0,0,com.android.vending,samsung,SM-S918B,2024-11-16 05:45:02.768000,android,0.011343285228638422,0.006332737922668457,2,e6648faf-94b1-4280-bc93-2a46780ea4e4,760,155,275a3ee1-1ef6-411f-81dd-e2cec24ae73c,2024-11-08 23:14:48.290000,v1.10 - Skipits - Existing Users,Control
BE,2024-08-14T20:16:07.000Z,0.6775577124023437,5,29,0,0,com.android.vending,samsung,SM-S911B,2024-11-16 05:45:22.161000,android,1.7831762365722659,1.105618524169922,3,31df25c4-294e-4cd5-8459-c0a3548d3e8d,1592,43,700acaea-fa6b-4b2b-89c5-4710cbe371ec,2024-11-16 05:45:22.161000,v1.10 - Skipits - Existing Users,Skipits - Middle Prices
GT,2024-11-04T22:27:21.000Z,0.0074444089072847695,8,62,0,0,com.android.vending,motorola,moto g14,2024-11-16 05:45:44.720000,android,0.026781190182719006,0.019336781275434242,6,01c70cd9-0af2-47ae-a56f-17b5d63d02c2,3525,9,c04462f2-4b4d-4499-b18f-84e67257f411,2024-11-12 15:29:22.102000,v1.10 - Skipits - Existing Users,Skipits - High Prices
CA,2024-10-10T03:25:27.000Z,0.10127948672134274,3,15,0,0,,Apple,"iPhone17,1",2024-11-16 05:48:10.851000,ios,0.10127948672134274,,0,a872f998-2f7c-451b-82bb-17794a2d5977,833,29,89fe80dc-f165-4cab-a853-6a5546283be8,2024-11-11 03:44:56.624000,v1.10 - Skipits - Existing Users,Skipits - High Prices
GB,2024-11-10T01:53:20.000Z,0.00430244618095238,1,6,0,0,com.android.vending,samsung,SM-A536B,2024-11-16 05:48:27.911000,android,0.00430244618095238,,0,2e59292f-4fcc-4743-be1a-8cf32448dd57,270,13,fdebc7c6-91cc-4b6c-ad0d-bad7eadace65,2024-11-10 01:53:27.841000,v1.10 - Skipits - New Users,Skipits - High Prices
US,2024-10-15T00:09:05.000Z,,0,7,0,0,com.android.vending,Google,Pixel 9,2024-11-16 05:49:48.115000,android,0.05560864151480749,0.05560864151480749,2,b9f9e895-20a7-4206-8d88-06cdda7c4917,493,332,8e53ee42-6db6-4e79-b1e3-2aa5add08de3,2024-11-08 22:59:17.997000,v1.10 - Skipits - Existing Users,Control
JP,2024-11-09T04:36:35.000Z,0.010401354637421381,5,29,0,0,,Apple,iPhone14Pro,2024-11-16 05:50:38.995000,ios,0.04711598888630749,0.03671463424888611,17,0c03ffbe-0405-4e6c-b10f-6cf07c0b5715,2819,56,c998757d-6d7b-4a5c-937f-72fa3e2c6413,2024-11-09 04:36:43.333000,v1.10 - Skipits - New Users,Skipits - Middle Prices
PK,2024-11-14T05:35:45.000Z,0.0012723515570001694,4,38,0,0,com.android.vending,vivo,V2342,2024-11-16 05:50:47.704000,android,0.00417114455700017,0.002898793,4,200d7750-e8e6-4154-ab32-d87f1bd42010,1353,23,26cd1ef3-87af-423f-85ff-d9a6d2db4eab,2024-11-14 05:35:53.526000,v1.10 - Skipits - New Users,Skipits - Middle Prices
FR,2024-10-13T23:48:46.000Z,,0,20,0,0,,Apple,iPhone8,2024-11-16 05:51:35.419000,ios,0,,0,e7134537-bf29-4abb-adfc-89bb1ab6eb57,758,95,09f47406-285f-48f1-8107-c3b9743900b6,2024-11-12 18:01:17.081000,v1.10 - Skipits - Existing Users,Skipits - High Prices
US,2024-11-08T18:20:25.000Z,,1,5,0,0,,Apple,iPhone15ProMax,2024-11-16 05:51:53.645000,ios,0.06035949123809524,0.06035949123809524,3,ccf42619-356e-442a-8708-0582fa14e6af,547,38,f27ab112-12ee-4c33-b784-72bdc2ac4514,2024-11-08 18:20:31.900000,v1.10 - Skipits - New Users,Skipits - High Prices
BR,2024-11-13T22:45:10.000Z,0.022266995951690675,3,25,0,0,,Apple,iPhoneSE2Gen,2024-11-16 05:56:10.020000,ios,0.06453297270531955,0.042265976753628864,4,a6e95522-dca6-4793-96ad-0d0685c964ad,1440,18,fedd445b-90d7-4ead-a224-0c021700b321,2024-11-13 22:45:18.274000,v1.10 - Skipits - New Users,Skipits - Middle Prices
KR,2024-11-10T12:53:10.000Z,,0,8,0,0,com.android.vending,samsung,SM-S928N,2024-11-16 05:57:59.942000,android,0,,1,d3289062-e893-4725-9bd8-335508256279,198,40,49345b8f-c904-44dc-9722-ff15dde99a11,2024-11-10 12:53:18.603000,v1.10 - Skipits - New Users,Skipits - Middle Prices
JP,2024-10-27T11:56:25.000Z,,0,5,0,0,,Apple,"iPhone17,3",2024-11-16 05:59:01.873000,ios,0,,0,b02389cf-8b40-48a6-ad86-825d2338ec68,198,65,21904963-9187-48ed-b599-14ddb4a6c22e,2024-11-09 22:59:31.805000,v1.10 - Skipits - Existing Users,Skipits - Middle Prices
US,2024-10-27T04:42:14.000Z,,1,2,0,0,com.android.vending,Google,Pixel 6a,2024-11-16 05:59:40.587000,android,0,,0,4f26efa5-d7c0-499a-999b-44a73c09d2a4,68,107,399a82a6-d8c8-4408-a1ed-da9e05814d6a,2024-11-09 23:41:09.056000,v1.10 - Skipits - Existing Users,Skipits - High Prices
US,2024-10-10T18:22:25.000Z,,0,122,0,0,,Apple,iPhone13Pro,2024-11-16 05:59:54.020000,ios,0.3263231000604539,0.3263231000604539,10,2cc368c7-3687-4213-8fd7-7c8d7b570688,5234,33,e74d0b81-c93e-4ecd-8a28-c6aac5ae1dcd,2024-11-09 19:14:43.538000,v1.10 - Skipits - Existing Users,Skipits - High Prices
IL,2024-06-25T09:58:18.000Z,0.0143088010128,1,11,0,0,,Apple,iPhone14,2024-11-16 06:00:46.990000,ios,0.0143088010128,,0,b55a9231-34b8-44de-8cef-a6f8e3445dbf,343,114,1a30f78b-d58c-447e-b1b1-19085cb78233,2024-11-09 08:01:18.852000,v1.10 - Skipits - Existing Users,Control
JP,2024-11-11T04:48:41.000Z,,1,5,0,0,,Apple,iPhone15ProMax,2024-11-16 06:03:33.799000,ios,0.008948205947875976,0.008948205947875976,1,db59a627-be70-4a89-baf1-f96c7f66577b,219,83,d5ac783c-4033-493c-91af-cc19c4127c1a,2024-11-11 04:48:49.493000,v1.10 - Skipits - New Users,Skipits - High Prices
JP,2024-10-19T08:19:37.000Z,0.13562669405960073,38,150,0,0,,Apple,iPhone14,2024-11-16 06:03:45.087000,ios,0.25805476564421964,0.12242807158461888,35,5d6ac5f0-680d-42f8-8967-0151158b793d,7714,121,eb797557-3638-4a9f-bbeb-5e5fdbe7b956,2024-11-09 19:32:55.509000,v1.10 - Skipits - Existing Users,Skipits - High Prices
US,2024-10-30T21:27:46.000Z,,0,0,0,0,,Apple,iPadMini6Gen,2024-11-16 06:06:02.607000,ios,0,,0,08fc5d2c-6a69-4fe4-9285-0ceede82f430,0,60,c14004bc-8707-42fa-a99a-3c6c650a5700,2024-11-10 04:48:10.873000,v1.10 - Skipits - Existing Users,Skipits - High Prices
IN,2024-11-16T06:05:55.000Z,0.005024254888534547,4,23,0,0,,Apple,iPhone14ProMax,2024-11-16 06:06:02.641000,ios,0.009684811502933504,0.004660556614398957,3,a36486c2-269f-474b-b9e1-e8e964a56c72,1290,1,0143367f-0da0-4b74-87c2-1c30ccb89dac,2024-11-16 06:06:02.641000,v1.10 - Skipits - New Users,Skipits - High Prices
MX,2024-11-16T05:31:48.000Z,,0,0,0,0,com.android.vending,samsung,SM-A145M,2024-11-16 06:06:52.097000,android,0,,0,88fb335d-3720-40aa-9f08-d2d74327b5c2,6,3,7e5369e1-1e2d-41df-940e-cca2889c07e2,2024-11-16 05:32:00.650000,v1.10 - Skipits - New Users,Skipits - High Prices
KR,2024-11-16T06:11:59.000Z,0.01825039887519109,1,25,0,0,,Apple,iPhone13Pro,2024-11-16 06:12:06.937000,ios,0.12073433922820098,0.1024839403530099,3,0fdbb5de-74f1-4a25-b16c-9bcef137934d,966,1,48818c0a-dd7e-4c3b-ab0e-3c06c683a583,2024-11-16 06:12:06.937000,v1.10 - Skipits - New Users,Skipits - High Prices
RU,2024-11-16T06:13:04.000Z,,0,19,0,0,,Apple,iPhone12Mini,2024-11-16 06:13:10.841000,ios,0,,0,9dda839e-7b77-4cee-970a-22e86e7ff06f,542,1,5f45f06a-61cb-47b0-ae76-1a75b2207c0a,2024-11-16 06:13:10.841000,v1.10 - Skipits - New Users,Skipits - Middle Prices
DE,2024-10-03T09:22:53.000Z,,0,17,0,0,com.android.vending,asus,ASUS_AI2401_D,2024-11-16 06:13:31.142000,android,0.03959317253112793,0.03959317253112793,2,8d716799-e1bf-4464-96ae-f29964fe1e26,999,66,1429283a-7374-4788-970b-67bfb7250494,2024-11-08 10:12:48.668000,v1.10 - Skipits - Existing Users,Control
US,2024-11-07T02:24:10.000Z,,0,0,0,0,com.android.vending,TECNO,TECNO LI9,2024-11-16 06:13:44.978000,android,0,,0,0be80b8e-10a2-418e-b6a0-f537f0745e00,1,38,1d255a3e-7a68-4713-b6f0-6fda24fff4ca,2024-11-08 23:39:51.719000,v1.10 - Skipits - Existing Users,Skipits - High Prices
ID,2024-11-01T04:46:30.000Z,0.010110618235487045,5,7,0,0,com.android.vending,vivo,V2322,2024-11-16 06:15:52.978000,android,0.010110618235487045,,0,ff98ab41-a824-40a6-b337-4babfa9e279b,322,110,af650138-9160-4d1e-ab41-b4a8e8cde1d4,2024-11-10 02:06:07.659000,v1.10 - Skipits - Existing Users,Skipits - Middle Prices
US,2024-09-19T11:56:00.000Z,,0,7,0,0,,Apple,iPhone12Pro,2024-11-16 06:18:09.664000,ios,0.07104386460235594,0.07104386460235594,5,e6ba34b7-7160-4bef-aa7c-e9404af3b8c9,609,73,6fee9a25-513f-4c33-80d3-8dbd084f82a2,2024-11-08 05:40:57.352000,v1.10 - Skipits - Existing Users,Skipits - Middle Prices
DK,2024-11-10T06:57:05.000Z,0.01343140130391178,17,142,0,0,com.android.vending,OnePlus,IN2023,2024-11-16 06:19:31.154000,android,0.0738519208374447,0.06042051953353292,42,e68b4001-08b0-4541-913b-be848b92114d,8984,54,f34952da-3f05-4922-ada9-e2f55d526650,2024-11-10 06:57:12.634000,v1.10 - Skipits - New Users,Skipits - Middle Prices
IN,2024-11-09T03:50:19.000Z,,0,6,0,0,com.android.vending,OnePlus,IN2021,2024-11-16 06:20:20.049000,android,0.0040668014471054075,0.0040668014471054075,2,aa3e3ece-00bc-4e1f-a13f-0533db473856,364,39,22e39ecf-2339-45a4-b870-963c8c2c7dff,2024-11-09 03:50:26.512000,v1.10 - Skipits - New Users,Control
JP,2024-11-01T08:48:48.000Z,0.002964375,1,6,0,0,,Apple,iPhoneXR,2024-11-16 06:22:47.968000,ios,0.01290354289407349,0.009939167894073488,3,b701ae0b-4534-4d9a-b601-729c40e49c44,351,99,a80eabc2-0445-461f-88a4-2c595a661398,2024-11-08 21:55:49.510000,v1.10 - Skipits - Existing Users,Control
US,2024-11-01T21:39:40.000Z,0.03334694394113596,5,29,0,0,,Apple,iPhone13,2024-11-16 06:24:54.935000,ios,0.03334694394113596,,0,c29c934a-07dc-42bb-a718-20995182ec45,1342,19,c48f4cdc-dd9c-42d1-97fb-1fda228af103,2024-11-11 04:38:19.987000,v1.10 - Skipits - Existing Users,Control
BD,2024-11-02T12:24:33.000Z,,0,10,0,0,com.android.vending,INFINIX,Infinix X6528,2024-11-16 06:25:12.283000,android,0,,0,4eb50686-4250-4e83-bd52-3d741787b8a0,480,30,157bc733-0044-4d15-8031-1053c66f01b8,2024-11-10 12:37:29.042000,v1.10 - Skipits - Existing Users,Skipits - Middle Prices
ZZ,2024-11-10T15:09:48.000Z,0.00047002039298121135,4,18,0,0,com.android.vending,Google,Pixel 7,2024-11-16 06:26:49.378000,android,0.0012040687963663736,0.0007340484033851622,1,d0308d64-c6d7-4c5c-bbc6-3c092a804d51,978,69,ed6f340f-333b-4ec3-8cfd-2123827f3185,2024-11-10 15:09:54.149000,v1.10 - Skipits - New Users,Skipits - High Prices
IT,2024-11-12T07:51:12.000Z,,0,0,0,0,com.android.vending,HUAWEI,MAR-LX1B,2024-11-16 06:27:12.924000,android,0,,0,1a967e44-3793-4df3-9c4e-a51380ee02ad,0,32,9343411c-d15e-4a16-bcc5-a5d7db7fffdc,2024-11-12 07:51:18.541000,v1.10 - Skipits - New Users,Control
MX,2024-10-19T06:00:15.000Z,0.0026933750000000005,2,35,0,0,com.android.vending,Xiaomi,2303ERA42L,2024-11-16 06:30:45.069000,android,0.02278219980501673,0.020088824805016732,9,c88be27a-5436-4193-81d7-68d86674ad16,2061,95,9f3523d5-0764-46e4-ab6d-ecd7fc2a88df,2024-11-08 15:23:58.824000,v1.10 - Skipits - Existing Users,Control
US,2024-11-10T18:13:56.000Z,0.10213459914296844,3,21,0,0,com.android.vending,samsung,SM-G998U,2024-11-16 06:32:43.711000,android,0.10213459914296844,,0,2e2df80d-3843-4aa9-bfb3-cab54ac0c534,874,8,c1590141-1dce-4ccb-8a76-156af829d178,2024-11-10 18:14:05.769000,v1.10 - Skipits - New Users,Skipits - High Prices
JP,2024-11-06T06:27:39.000Z,,0,73,0,0,com.android.vending,OPPO,CPH2603,2024-11-16 06:35:04.906000,android,0.11006832867206232,0.11006832867206232,35,20d38659-efd0-43bd-abb7-293406ab15d8,5633,222,9b52eed6-f6c4-40f1-b513-f6d7d1cedb57,2024-11-08 22:45:26.400000,v1.10 - Skipits - Existing Users,Skipits - Middle Prices
ID,2024-10-18T14:38:11.000Z,0.0023155775917,1,9,0,0,com.android.vending,vivo,V2318,2024-11-16 06:36:20.930000,android,0.0023155775917,,0,8b059796-3c79-44a3-9e6b-329ea3d3b894,313,89,f37fb5e0-fbcc-4779-8c59-fdedc02f97e4,2024-11-11 05:14:22.831000,v1.10 - Skipits - Existing Users,Skipits - High Prices
US,2024-10-05T19:14:59.000Z,0.04268666666666666,0,4,0,0,,Apple,iPhoneXS,2024-11-16 06:36:56.040000,ios,0.04268666666666666,,0,d5aeb1d4-f6e8-4d57-9da7-e1905fd7d1b1,203,22,84343eed-41e2-460f-a024-6bd5e5219532,2024-11-11 19:40:33.645000,v1.10 - Skipits - Existing Users,Skipits - Middle Prices
ID,2024-10-29T06:56:11.000Z,0.004901163854035332,4,15,0,0,com.android.vending,samsung,SM-S918B,2024-11-16 06:37:06.432000,android,0.007310543854035332,0.00240938,1,2e32ae2b-cb5b-4eb4-86bf-c21c684993ad,1123,158,275a3ee1-1ef6-411f-81dd-e2cec24ae73c,2024-11-08 23:14:48.290000,v1.10 - Skipits - Existing Users,Control
JP,2024-10-27T12:25:06.000Z,,0,0,0,0,com.android.vending,Google,Pixel 6a,2024-11-16 06:37:30.076000,android,0,,0,a678a476-33f9-4994-9d0d-c08da8d297cc,40,96,ef8c1a61-d3b9-4bff-a3f6-7ac8fa8cac92,2024-11-08 18:11:59.676000,v1.10 - Skipits - Existing Users,Control
JO,2024-11-16T06:40:24.000Z,0.04123698895681472,3,45,0,0,,Apple,iPhone12ProMax,2024-11-16 06:40:32.158000,ios,0.04123698895681472,,0,06005cbb-bb1c-4062-984e-4da713f7548f,1522,1,8190c21a-65ca-4ee4-823b-2c1fed8981e1,2024-11-16 06:40:32.158000,v1.10 - Skipits - New Users,Control
JP,2024-10-27T14:54:22.000Z,0.014755178779581523,4,54,0,0,com.android.vending,SHARP,LP-02,2024-11-16 06:40:53.029000,android,0.06529627353812453,0.050541094758543015,9,eb1773bc-8cb6-4e2c-a512-70fa6a5d5351,2252,167,ce418d36-178c-4968-96c6-50cd9fcd4c40,2024-11-11 06:31:09.661000,v1.10 - Skipits - Existing Users,Skipits - High Prices
US,2024-11-09T19:43:51.000Z,1.3341806654541015,8,41,0,0,com.android.vending,samsung,SM-S926U,2024-11-16 06:41:40.215000,android,1.895466920336914,0.5612862548828125,1,209929c1-63a3-43ce-a7be-af27084675c3,2370,18,6deb6e38-aafe-418f-a4f1-ecd849cdb3a6,2024-11-09 19:43:59.219000,v1.10 - Skipits - New Users,Skipits - Middle Prices
UA,2024-11-12T16:11:50.000Z,0.008487992781400002,5,32,0,0,com.android.vending,Xiaomi,220333QNY,2024-11-16 06:42:16.272000,android,0.010938542781400001,0.0024505499999999997,1,7002c833-38e4-4f80-b1d7-5450d0b23c14,1494,6,71e8f61e-822f-441f-99e3-171f6843a0a0,2024-11-12 16:11:57.518000,v1.10 - Skipits - Existing Users,Skipits - High Prices
DK,2024-07-26T05:30:04.000Z,,0,30,0,0,,Apple,iPhone13,2024-11-16 06:42:30.048000,ios,0.7034680044555665,0.7034680044555665,13,c2510ff0-e9bd-48e5-8c8b-9ca90e566da6,3145,102,c9eedd05-4aaa-4014-8932-223efb5cd10f,2024-11-09 17:08:59.940000,v1.10 - Skipits - Existing Users,Control
US,2024-11-16T06:45:30.000Z,,0,10,0,0,com.android.vending,Along,Stratus_C7,2024-11-16 06:45:40.759000,android,0.06608898162841798,0.06608898162841798,0,0a32a4c3-739d-45aa-aad4-8983c481f1f3,366,1,c1c9a51b-f545-4766-b287-761d357f9dd8,2024-11-16 06:45:40.759000,v1.10 - Skipits - New Users,Skipits - Middle Prices
IN,2024-11-10T11:43:55.000Z,0.0131542199521619,6,30,0,0,,Apple,iPhone14Plus,2024-11-16 06:46:47.856000,ios,0.03122293708156896,0.01806871712940706,6,22dcc8e0-b013-4802-88d6-b54985897204,1648,25,c96a341d-676e-42e7-8a6f-e3db4a49090a,2024-11-10 11:44:02.327000,v1.10 - Skipits - New Users,Control
IN,2024-10-17T08:14:37.000Z,,0,23,0,0,com.android.vending,samsung,SM-S918B,2024-11-16 06:48:46.183000,android,0.2862334397814942,0.2862334397814942,5,5ab20f51-5dbc-4cfd-be38-39503bd546d8,1909,78,86114966-c2cb-4540-9894-0daa52b80631,2024-11-08 21:17:45.459000,v1.10 - Skipits - Existing Users,Control
US,2024-04-01T15:08:01.000Z,0.13337272114285717,3,17,0,0,,Apple,iPhone12,2024-11-16 06:49:32.021000,ios,0.4398593281035266,0.3064866069606694,5,e7e60468-f1b6-40e2-a7ee-a8edf3b97993,963,36,9e2433b5-aaeb-4de4-9be7-ed653eb4273a,2024-11-16 06:38:45.347000,v1.10 - Skipits - Existing Users,Skipits - Middle Prices
ID,2024-09-09T03:41:44.000Z,0.0026142857142857144,1,7,0,0,com.android.vending,vivo,V2144,2024-11-16 06:49:41.141000,android,0.0026142857142857144,,0,0f21a530-5a00-4535-9b7c-a0b4eb7502e4,322,123,ba6b3039-74af-482a-81dc-d3a6501fbb65,2024-11-16 06:49:41.141000,v1.10 - Skipits - Existing Users,Skipits - Middle Prices
US,2024-10-03T06:46:42.000Z,0.07266285705566407,1,12,0,0,,Apple,iPhone12ProMax,2024-11-16 06:49:51.390000,ios,0.24548854064941406,0.17282568359375,2,aad9d52f-1cb6-46de-8ded-2df75824c6ae,711,24,5d234795-c032-414a-86e9-e6883e930325,2024-11-12 20:49:09.818000,v1.10 - Skipits - Existing Users,Control
ID,2024-11-07T16:29:09.000Z,,0,0,0,0,com.android.vending,samsung,SM-M315F,2024-11-16 06:50:02.260000,android,0,,0,f75e47ce-4eb1-4022-9ef5-14ce4588dc9c,1,17,be243bdc-f2d9-4823-8055-8c5553873b0c,2024-11-07 16:29:21.936000,v1.10 - Skipits - New Users,Skipits - High Prices
VN,2024-09-21T12:39:44.000Z,0.002255238095238094,1,5,0,0,,Apple,iPhone11ProMax,2024-11-16 06:50:48.459000,ios,0.002255238095238094,,0,c33f7376-107b-4e80-b899-298f70252303,232,164,de0b2575-ddf7-4c88-8d86-ecacb8d4147e,2024-11-11 12:37:10.295000,v1.10 - Skipits - Existing Users,Skipits - Middle Prices
RU,2024-11-14T18:00:39.000Z,0.015256347000000002,6,38,0,0,com.android.vending,Xiaomi,23021RAA2Y,2024-11-16 06:53:40.024000,android,0.0887564387918396,0.0735000917918396,14,0313eb35-d542-421b-8721-5c2ef22029f3,2977,15,4ac518cc-51f8-4daf-8395-dbc03fba84e3,2024-11-14 18:00:45.418000,v1.10 - Skipits - New Users,Control
CA,2024-10-30T06:40:46.000Z,0.029457611789855957,3,15,0,0,,Apple,"iPhone17,1",2024-11-16 06:53:47.258000,ios,0.029457611789855957,,0,22441188-632f-482a-ab88-4225afaa7fdc,1089,26,8bb0e059-6f6a-40cc-b8c6-9afd5989db5e,2024-11-10 07:05:58.669000,v1.10 - Skipits - Existing Users,Control
AE,2024-11-13T12:33:49.000Z,0.10647288300317384,6,41,0,0,,Apple,iPhone12,2024-11-16 06:54:34.447000,ios,0.16021738602441407,0.05374450302124023,2,74c30fd0-c8cc-432c-acb8-3b3dc544af09,1630,5,da6c7f76-c9bd-4422-9510-b650502e4f7b,2024-11-16 06:02:21.387000,v1.10 - Skipits - Existing Users,Control
ZZ,2024-11-10T15:09:48.000Z,0.00027737040199497765,4,23,0,0,com.android.vending,Google,Pixel 7,2024-11-16 06:54:53.815000,android,0.0016254755516341072,0.0013481051496391297,5,25053275-e121-4f1f-b0af-1b5b285108d7,1415,70,ed6f340f-333b-4ec3-8cfd-2123827f3185,2024-11-10 15:09:54.149000,v1.10 - Skipits - New Users,Skipits - High Prices
US,2024-11-11T07:39:46.000Z,0.021388607787065597,6,26,0,0,,Apple,iPhoneXR,2024-11-16 06:57:30.228000,ios,0.04549603455082685,0.02410742676376125,8,02dfaf34-841a-4851-b52c-7f946bbae2a6,1837,56,7ad2e15b-bca7-494e-80ce-2384fb57ee6c,2024-11-11 07:39:53.796000,v1.10 - Skipits - New Users,Control
JP,2024-11-10T08:59:15.000Z,0.008912550891167504,3,33,0,0,,Apple,iPhone13,2024-11-16 06:58:15.799000,ios,0.09169872655109487,0.08278617565992737,22,4fc0d0ee-4cd0-43f1-b419-1c5f51638574,2541,32,2fe361cb-af2f-4db8-906d-c1f75fffd49f,2024-11-24 01:01:17.622000,v1.10 - Skipits - New Users,Control
JP,2024-11-10T08:59:15.000Z,0.008912550891167504,3,33,0,0,,Apple,iPhone13,2024-11-16 06:58:15.799000,ios,0.09169872655109487,0.08278617565992737,22,4fc0d0ee-4cd0-43f1-b419-1c5f51638574,2541,32,2fe361cb-af2f-4db8-906d-c1f75fffd49f,2024-11-10 08:59:23.130000,v1.10 - Skipits - New Users,Control
JP,2024-10-08T08:48:42.000Z,0.004545714285714285,1,4,0,0,,Apple,"iPhone17,2",2024-11-16 07:03:11.371000,ios,0.004545714285714285,,0,8f7ef3b4-80e8-4ede-bdfd-f8f84611c856,827,171,2f1d6f49-4e5b-463c-b1bb-10b0b87ae2ce,2024-11-08 02:55:19.784000,v1.10 - Skipits - Existing Users,Control
PL,2024-10-06T09:13:41.000Z,0.0008485714285714286,1,9,0,0,com.android.vending,DOOGEE,S59Pro,2024-11-16 07:04:11.733000,android,0.0008485714285714286,,0,c6197414-c228-40c6-8884-632157a3116e,282,221,0e797262-d8b8-43a1-a4af-7f407402b705,2024-11-12 09:17:00.441000,v1.10 - Skipits - Existing Users,Skipits - High Prices
BE,2024-08-26T10:27:05.000Z,0.005010905765585714,3,19,0,0,com.android.vending,samsung,SM-S921B,2024-11-16 07:04:12.236000,android,0.033714771925490473,0.02870386615990476,8,1d43cb14-fb35-4581-b86c-41f891c4c663,1538,245,61e940e7-8438-4af3-82bf-9353c53ae75c,2024-11-08 05:22:12.752000,v1.10 - Skipits - Existing Users,Control
US,2024-11-05T04:32:28.000Z,0.025608236945259412,4,56,0,0,,Apple,iPhone12ProMax,2024-11-16 07:04:20.710000,ios,0.1794556374376525,0.1538474004923931,19,d6e913da-8298-48dd-b6a7-45a9bb6cc518,2934,31,4bc26ebe-ade5-4304-aaa5-b9f4681ca150,2024-11-08 16:28:01.001000,v1.10 - Skipits - Existing Users,Skipits - Middle Prices
IN,2024-09-14T11:26:14.000Z,0.002360000000000001,0,2,0,0,com.android.vending,Xiaomi,22111317I,2024-11-16 07:06:04.849000,android,0.002360000000000001,,0,68dc97ed-2e1b-4250-ad0d-50847cd04192,183,44,c3fbfe61-3892-4360-ac2a-421f6bce2cfa,2024-11-16 07:06:04.849000,v1.10 - Skipits - Existing Users,Skipits - Middle Prices
JP,2024-10-04T22:37:50.000Z,,0,0,0,0,,Apple,iPhone12Mini,2024-11-16 07:09:20.659000,ios,0,,0,be36af30-91c7-4983-9a76-757a9e546c39,1,53,2661bf15-44d0-45e5-a125-3f1257b54a18,2024-11-10 01:02:50.441000,v1.10 - Skipits - Existing Users,Control
PK,2024-10-24T19:18:23.000Z,0.00147066,2,15,0,0,com.android.vending,vivo,V2131,2024-11-16 07:10:57.241000,android,0.002873759775314331,0.001403099775314331,1,54085200-c450-4b10-ae04-b9489a8b95b3,638,71,30a8c5c5-0c85-4e0c-a8b4-63b4f4975a7c,2024-11-09 19:12:56.760000,v1.10 - Skipits - Existing Users,Skipits - High Prices
CA,2024-10-14T14:36:43.000Z,,0,4,0,0,,Apple,iPhone12,2024-11-16 07:13:22.001000,ios,0,,0,4fcb9edc-0a33-467a-bc30-8e93985fbf2f,128,116,fd92ed72-ff18-40d4-af80-2b87adb4e282,2024-11-10 06:52:43.060000,v1.10 - Skipits - Existing Users,Skipits - High Prices
US,2024-11-01T03:43:59.000Z,0.13832697873,3,27,0,0,com.android.vending,Google,Pixel 6a,2024-11-16 07:13:32.971000,android,0.5449670090229687,0.40664003029296875,4,aaf94c47-084b-4fc3-b274-10a1e35229e2,1552,31,0f62717f-03d7-4d76-ae40-f3a48fc0c9e8,2024-11-08 22:26:05.035000,v1.10 - Skipits - Existing Users,Skipits - Middle Prices
NA,2024-11-12T19:10:11.000Z,,0,0,0,0,com.android.vending,HUAWEI,VOG-L29,2024-11-16 07:18:34.995000,android,0,,0,3d351e87-cf41-4fee-bf79-680af27ea564,0,9,3d69866c-ba6b-4339-8baa-1cf1a6e8106d,2024-11-12 19:10:20.238000,v1.10 - Skipits - New Users,Skipits - Middle Prices
ID,2024-11-12T15:24:34.000Z,,0,2,0,0,com.android.vending,INFINIX,Infinix X6528B,2024-11-16 07:21:13.131000,android,0,,0,46648b58-a9f6-4ac7-97ba-14319290fa16,62,4,c6bcfc6a-6aa0-4b9c-a4dc-75091ccd1952,2024-11-12 15:24:46.045000,v1.10 - Skipits - New Users,Skipits - High Prices
US,2024-10-03T06:46:22.000Z,,0,0,0,0,,Apple,"iPhone17,4",2024-11-16 07:23:20.591000,ios,0.4167246756417411,0.4167246756417411,6,bc76dbc8-96a0-452d-8be9-472c0c1c7dc8,378,135,cecfc7a7-bde3-4acf-83de-91dfb42a7cf5,2024-11-09 00:29:18.590000,v1.10 - Skipits - Existing Users,Control
MY,2024-09-18T06:21:33.000Z,0.013437663817114876,7,33,0,0,com.android.vending,HUAWEI,YAL-L21,2024-11-16 07:25:09.333000,android,0.013437663817114876,,0,3b68c79f-e507-4f83-8829-1ae8e19f1bde,3072,137,e81f2d47-568f-4bd7-8e1a-2fee8346e7f7,2024-11-10 23:22:46.012000,v1.10 - Skipits - Existing Users,Skipits - High Prices
MX,2024-10-18T17:56:55.000Z,0.174403023,16,84,0,0,com.android.vending,HONOR,PGT-N19,2024-11-16 07:26:19.414000,android,0.7130721138555298,0.5386690908555297,30,61425d26-5c51-44e7-a559-f4ebfdc294bb,6309,106,59d1d883-c33c-42db-b32e-4ec126cc21a9,2024-11-10 18:15:09.359000,v1.10 - Skipits - Existing Users,Skipits - High Prices
JP,2024-11-16T03:46:44.000Z,0.009182039999999999,2,12,0,0,,Apple,iPhone14,2024-11-16 07:26:57.461000,ios,0.040549640000000005,0.0313676,5,89432a12-ea2b-4804-a66f-2ea20c2dab70,1046,3,f0ea2c48-61a0-4b83-93da-91bfa21cdca3,2024-11-16 03:46:51.897000,v1.10 - Skipits - New Users,Skipits - Middle Prices
JP,2024-11-16T00:59:28.000Z,0.0885480719761676,8,25,0,0,,Apple,iPhone11Pro,2024-11-16 07:27:25.149000,ios,0.12213730728104548,0.033589235304877875,2,ba454eaf-bd87-449d-899b-63fa35ed8345,1539,3,f92245fc-64ae-43eb-bd84-6c5443ff662f,2024-11-16 00:59:36.070000,v1.10 - Skipits - New Users,Control
JP,2024-11-07T18:30:13.000Z,,0,0,0,0,,Apple,iPhone13,2024-11-16 07:27:28.621000,ios,0,,0,0387e236-0c12-4bee-b506-1b0ae44b6163,9,74,b0a845bb-cc30-41ff-8710-42d19c77e96f,2024-11-10 06:09:36.073000,v1.10 - Skipits - Existing Users,Skipits - High Prices
VN,2024-11-16T01:02:09.000Z,0.0004933333333333334,0,6,0,0,com.android.vending,Xiaomi,23129RN51X,2024-11-16 07:32:56.082000,android,0.0004933333333333334,,0,e6ab6c43-b011-4f0b-a04c-b5da7c2d89e6,221,11,d4c417ea-6535-4a48-8a86-470514f17c8a,2024-11-16 01:15:58.680000,v1.10 - Skipits - New Users,Control
US,2024-09-27T12:26:46.000Z,,0,76,0,0,com.android.vending,samsung,SM-G991U,2024-11-16 07:36:11.741000,android,0,,0,5a7c69b6-d01b-42ad-a213-46ed30faf394,2725,347,2380ae1c-6dde-4a0b-8ce0-2bde16d04821,2024-11-08 13:51:31.915000,v1.10 - Skipits - Existing Users,Skipits - Middle Prices
VN,2024-11-15T05:21:57.000Z,0.002346666666666666,3,15,0,0,,Apple,iPhone11Pro,2024-11-16 07:38:54.692000,ios,0.004563438269297281,0.002216771602630615,1,9cc00fa6-15b5-4675-ae37-96ae40ed1340,769,10,c623cdc5-32b7-4f95-883c-d68652db7ceb,2024-11-15 05:22:06.776000,v1.10 - Skipits - New Users,Control
FI,2024-11-10T16:40:18.000Z,,0,14,0,0,com.android.vending,OnePlus,DN2103,2024-11-16 07:44:02.220000,android,0,,0,3b3a5fe9-219e-4cdb-86e3-4f1de152b2e2,284,13,4edc2bd0-567a-470b-812a-d27c492c7914,2024-11-10 16:40:26.662000,v1.10 - Skipits - New Users,Skipits - Middle Prices
ID,2024-06-04T04:22:38.000Z,,0,12,0,0,com.android.vending,INFINIX,Infinix X6853,2024-11-16 07:45:25.616000,android,0,,0,eed6d3e7-d23d-437d-9b20-650c54e6708f,509,41,11edf3fe-1c0b-40df-96da-744d497d7702,2024-11-13 02:18:18.751000,v1.10 - Skipits - Existing Users,Skipits - High Prices
FR,2024-09-15T11:00:42.000Z,0.024895423241166455,10,45,0,0,com.android.vending,TCL,T810H,2024-11-16 07:45:46.843000,android,0.15445077870704343,0.12955535546587701,14,c0798e59-40f1-4c95-a355-6ad03f2acac7,2333,148,6224c9ad-d133-4ec5-8132-ed2f72c8e2a0,2024-11-08 19:26:44.289000,v1.10 - Skipits - Existing Users,Skipits - High Prices
JP,2024-11-02T05:32:29.000Z,0.03309409737744322,11,30,0,0,,Apple,iPad5Gen,2024-11-16 07:48:14.456000,ios,0.06965445298841604,0.03656035561097281,12,dd1f6939-db86-4c4d-a81a-d247e0e9fc4c,2192,57,cd8ff3dd-c91d-44fa-86c9-08a82ea213b2,2024-11-09 12:42:01.334000,v1.10 - Skipits - Existing Users,Skipits - Middle Prices
JP,2024-10-31T06:07:22.000Z,0.008444532308746339,5,40,0,0,,Apple,iPhone11ProMax,2024-11-16 07:49:03.849000,ios,0.03783654538171387,0.029392013072967522,8,497fb0a2-bee5-4fc4-b3b6-3d0dd87e8883,2328,82,7e5fd10e-c74f-4146-872a-1a5f5e87173a,2024-11-10 00:54:09.847000,v1.10 - Skipits - Existing Users,Skipits - High Prices
JP,2024-11-01T08:48:48.000Z,0.028687373160064332,11,44,0,0,,Apple,iPhoneXR,2024-11-16 07:53:13.397000,ios,0.0725611421392666,0.04387376897920227,19,6966e9db-ea0e-4fa2-9175-a51320d98d0c,2919,101,a80eabc2-0445-461f-88a4-2c595a661398,2024-11-08 21:55:49.510000,v1.10 - Skipits - Existing Users,Control
IN,2024-11-15T17:18:06.000Z,0.014793279925714286,7,27,0,0,,Apple,"iPhone17,1",2024-11-16 07:54:04.353000,ios,0.030429194231222128,0.015635914305507842,5,48a60a8a-a2d3-4897-9edf-82c01dd5ab82,1391,8,d58a3799-a712-4d8b-9908-f1f0eca90da5,2024-11-15 17:18:13.300000,v1.10 - Skipits - New Users,Skipits - Middle Prices
JP,2024-11-15T00:12:23.000Z,0.01670761904761905,3,17,0,0,,Apple,iPhone13,2024-11-16 07:54:21.809000,ios,0.01670761904761905,,0,2ad46e15-f2a1-44d8-a378-f395615885da,746,10,40c58274-4c99-4baa-82a5-55ae31a6e651,2024-11-15 00:12:31.974000,v1.10 - Skipits - New Users,Skipits - High Prices
TW,2024-10-29T05:04:22.000Z,0.015257539142857143,2,15,0,0,,Apple,iPhoneXR,2024-11-16 07:55:12.187000,ios,0.11910194658826447,0.10384440744540732,5,53a36c02-1edf-4d27-8a9b-9a4069cc7b10,851,139,dbf30888-38d4-4a0e-8015-b75b3389a8d4,2024-11-11 01:20:37.686000,v1.10 - Skipits - Existing Users,Control
TH,2024-11-16T03:47:09.000Z,0.009044596981817338,9,41,0,0,com.android.vending,realme,RMX2170,2024-11-16 07:56:15.426000,android,0.030687321799159492,0.021642724817342154,19,cf6e14f0-4a9d-4de3-a299-c9eb3227dbb3,2785,4,34147ad4-c939-48f8-b12d-110ea4f5a3e3,2024-11-16 03:47:17.513000,v1.10 - Skipits - New Users,Control
AU,2024-11-07T04:55:31.000Z,0.047037686142591115,7,26,0,0,com.android.vending,samsung,SM-A346E,2024-11-16 07:56:17.108000,android,0.0870642699974953,0.04002658385490417,11,c531732c-4b98-4a26-aa89-7e6bf05001e0,2100,59,e9989671-7384-4310-8c21-23fd7e7c4ade,2024-11-09 09:06:41.608000,v1.10 - Skipits - Existing Users,Control
GB,2024-11-11T14:37:57.000Z,0.018399238822677612,5,12,0,0,,Apple,iPhone14ProMax,2024-11-16 07:56:21.223000,ios,0.03001143549923706,0.011612196676559449,3,c2bd18e1-e98c-4907-9ee1-43b3cff0194e,703,25,9715bc24-eae8-4522-a626-462c6fabdd7f,2024-11-11 14:38:04.594000,v1.10 - Skipits - New Users,Skipits - Middle Prices
US,2024-07-13T19:19:01.000Z,,0,0,0,0,,Apple,iPhone12ProMax,2024-11-16 07:57:22.539000,ios,0,,0,2407bc36-0879-4623-9f1d-cfcec713cd75,30,279,b94dd7bd-1b38-4aa2-8d45-304e592176c9,2024-11-08 22:56:27.838000,v1.10 - Skipits - Existing Users,Skipits - Middle Prices
TR,2024-08-22T18:49:11.000Z,,0,115,0,0,com.android.vending,Xiaomi,M2003J15SC,2024-11-16 08:02:31.519000,android,0,,0,a8e1b09a-952d-46fd-a941-4a2a2caa2b97,2085,11,56038ad9-35cf-4994-b053-287cf3b531d6,2024-11-16 08:02:31.501000,v1.10 - Skipits - Existing Users,Skipits - Middle Prices
JO,2024-11-11T12:50:37.000Z,0.00131269,2,20,0,0,com.android.vending,samsung,SM-A546E,2024-11-16 08:02:36.777000,android,0.0037696765996649917,0.0024569865996649917,1,bc3966d8-b36a-4004-8947-c2d8cffd6881,667,12,b58074f3-0fe0-4640-bfc3-498e0e0d14e7,2024-11-11 12:48:33.027000,v1.10 - Skipits - New Users,Skipits - Middle Prices
JP,2024-10-06T08:05:59.000Z,0.003404857873916626,1,13,0,0,,Apple,iPhone13Pro,2024-11-16 08:04:07.933000,ios,0.021068814198379516,0.01766395632446289,3,c17ba8e5-b620-4a13-9f2e-0f05c03aaebd,676,199,822ca5f0-d909-4abe-b963-9672ad9eb622,2024-11-10 01:18:21.042000,v1.10 - Skipits - Existing Users,Skipits - Middle Prices
ID,2024-10-29T06:56:11.000Z,0.0032945045994783612,2,15,0,0,com.android.vending,samsung,SM-S918B,2024-11-16 08:05:25.178000,android,0.011922942599478362,0.008628437999999999,2,d8641534-e768-47d8-b53e-941134bf9086,646,161,275a3ee1-1ef6-411f-81dd-e2cec24ae73c,2024-11-08 23:14:48.290000,v1.10 - Skipits - Existing Users,Control
BR,2024-10-14T18:26:00.000Z,0.0034993951427700993,3,19,0,0,,Apple,iPhone14Plus,2024-11-16 08:06:10.419000,ios,0.0034993951427700993,,0,0d224cd9-1caa-498e-b8a1-9bcaa6f52681,683,91,1620fb65-4681-4154-b549-cfeb3ec767ec,2024-11-08 13:48:39.808000,v1.10 - Skipits - Existing Users,Skipits - Middle Prices
MX,2024-11-14T11:20:35.000Z,0.015443624260355032,5,26,0,0,com.android.vending,motorola,moto g34 5G,2024-11-16 08:06:24.421000,android,0.066464859724615,0.05102123546425996,8,a357d2b6-95d5-4c4b-931e-8c0b9a067c7f,1357,13,32f73fa8-b132-4bc8-bdb7-2c81a3c83c55,2024-11-14 11:20:44.306000,v1.10 - Skipits - New Users,Skipits - High Prices
ES,2024-11-10T07:48:17.000Z,0.0017496252460453797,3,12,0,0,com.android.vending,Xiaomi,Redmi Note 8 Pro,2024-11-16 08:07:28.592000,android,0.004451399584958344,0.002701774338912964,4,d8ae9e4d-d457-4882-8b7a-f3f1597a5c4f,999,44,37ef8f72-d162-46a1-8ef2-9a126313a9ca,2024-11-10 07:48:11.772000,v1.10 - Skipits - New Users,Skipits - Middle Prices
US,2024-09-02T19:54:22.000Z,0.027024309635162357,4,31,0,0,,Apple,iPhone12ProMax,2024-11-16 08:08:15.021000,ios,0.07656413054873659,0.04953982091357423,3,7dcc6b70-8b2d-432b-bd30-24588da64a2e,1462,811,1972e3dc-6a65-43cb-b438-26dcff5e34df,2024-11-10 07:01:18.527000,v1.10 - Skipits - Existing Users,Skipits - High Prices
JP,2024-11-06T06:27:39.000Z,,0,0,0,0,com.android.vending,OPPO,CPH2603,2024-11-16 08:09:16.348000,android,0.008891638295800001,0.008891638295800001,3,fa645fd0-8c6f-469a-a676-82a152410646,224,223,9b52eed6-f6c4-40f1-b513-f6d7d1cedb57,2024-11-08 22:45:26.400000,v1.10 - Skipits - Existing Users,Skipits - Middle Prices
TH,2024-11-11T11:50:34.000Z,0.004056797,2,10,0,0,,Apple,iPhone13Pro,2024-11-16 08:12:04.738000,ios,0.010636982164718629,0.00658018516471863,3,209d3307-d5f1-4fd0-ac6b-8f32e778411f,606,47,6088fd4c-bd6a-4d94-af77-e0eace0e09cf,2024-11-11 11:50:41.393000,v1.10 - Skipits - New Users,Skipits - Middle Prices
DZ,2024-09-08T22:50:31.000Z,0.0017035415485857144,1,7,0,0,com.android.vending,samsung,SM-M045F,2024-11-16 08:14:29.382000,android,0.004484122024776191,0.0027805804761904763,2,fe0eac03-bbfb-4e4b-a300-57e27ebef9ed,492,54,98171e48-ff58-4dc2-9223-6027a3d506d6,2024-11-13 23:30:57.729000,v1.10 - Skipits - Existing Users,Control
VN,2024-11-09T15:40:03.000Z,0.0009076190476190476,0,0,0,0,com.android.vending,OPPO,CPH2059,2024-11-16 08:14:33.868000,android,0.0009076190476190476,,0,8e30a129-bdbc-4026-993d-fe7c942027ad,0,37,90660fc2-d7dc-40c6-99bb-ef6f4ac8957e,2024-11-12 08:55:06.318000,v1.10 - Skipits - Existing Users,Skipits - Middle Prices
JP,2024-11-08T23:54:35.000Z,0.019365603849320186,3,14,0,0,,Apple,iPhone15Pro,2024-11-16 08:14:56.627000,ios,0.05380647602353777,0.03444087217421759,4,65a61d07-5d4b-450e-afaf-6df79e04fa7d,688,27,89adc7c5-a664-4558-93ff-0434eb278099,2024-11-08 23:54:43.317000,v1.10 - Skipits - New Users,Control
VN,2024-11-14T05:11:05.000Z,0.00034433799999999997,1,16,0,0,com.android.vending,Xiaomi,23053RN02A,2024-11-16 08:16:29.521000,android,0.011994156133333333,0.011649818133333333,2,84096840-cc19-4798-9f41-2811c702c45a,816,29,8d617894-6aae-4d73-b584-c3fce6bac1b1,2024-11-14 05:11:14.709000,v1.10 - Skipits - New Users,Skipits - Middle Prices
TH,2024-10-10T12:42:14.000Z,0.005409526755111149,8,19,0,0,,Apple,iPhoneXR,2024-11-16 08:16:49.733000,ios,0.009993277346526375,0.004583750591415223,7,e38044fd-bfdf-44dd-bad0-096e1bbe9854,1760,196,12aaa0e7-2b38-4363-8671-e040b8b80dd4,2024-11-09 07:02:14.384000,v1.10 - Skipits - Existing Users,Skipits - Middle Prices
IT,2024-08-15T10:50:41.000Z,,0,0,0,0,,Apple,iPhone15Pro,2024-11-16 08:18:10.416000,ios,0,,0,8dba8617-c3a2-4be5-96d9-fe534f9dd8cc,30,24,93f61efc-54af-4dac-9283-1da282b4d7b9,2024-11-12 10:05:03.602000,v1.10 - Skipits - Existing Users,Control
TR,2024-10-09T20:47:44.000Z,,0,1,0,0,com.android.vending,OPPO,CPH2269,2024-11-16 08:18:52.370000,android,0,,0,025403ce-6553-4283-bf97-1225f87ee98f,41,211,58b34a6a-1b0b-49d1-a350-080837328c59,2024-11-07 16:23:08.740000,v1.10 - Skipits - Existing Users,Skipits - Middle Prices
IN,2024-11-14T20:07:59.000Z,0.001216387,2,21,0,0,com.android.vending,samsung,SM-G925I,2024-11-16 08:19:42.454000,android,0.001216387,,0,8b522bcb-a5a0-4c78-bb5c-5cfb43cc7d0e,683,8,b21aba6c-7966-49d3-8e41-687e2f8f754e,2024-11-14 20:08:10.512000,v1.10 - Skipits - New Users,Skipits - High Prices
TW,2024-11-16T05:43:18.000Z,0.32939419071754283,12,90,0,0,com.android.vending,samsung,SM-S9180,2024-11-16 08:20:19.775000,android,1.4970141124859149,1.1676199217683723,21,f7a22987-179d-41b1-95a5-f5f02d5ac42d,5607,2,4a6ea0dc-6cd4-414d-8a41-270a10a68282,2024-11-16 05:43:26.550000,v1.10 - Skipits - New Users,Skipits - High Prices
DE,2024-04-16T05:35:35.000Z,0.39350476904565435,14,99,0,0,,Apple,iPhone11,2024-11-16 08:21:21.417000,ios,0.6518627406948242,0.25835797164916996,6,593d2f26-efe3-432c-b9f9-e0336780cdf0,4267,143,9929629f-2c26-4947-a5d2-ad7cbee1958a,2024-11-10 22:01:26.703000,v1.10 - Skipits - Existing Users,Control
IQ,2024-11-16T07:22:22.000Z,0.00525680756194251,3,27,0,0,,Apple,iPhone7,2024-11-16 08:24:10.028000,ios,0.00525680756194251,,0,19235cc0-dabc-4e97-8d1e-cd8c7dddd4a1,1418,2,e501efb8-820d-43ad-a0de-b89c0e6ac4af,2024-11-16 07:22:29.273000,v1.10 - Skipits - New Users,Skipits - High Prices
JP,2024-10-28T10:12:32.000Z,0.00872256102448418,1,16,0,0,com.android.vending,Google,Pixel 8,2024-11-16 08:24:44.479000,android,0.09307023962006343,0.08434767859557925,7,6e2f348d-08c1-4294-b2d1-1cf02f019101,943,61,79c29c02-2ecd-4065-85a0-d6cd26d0f369,2024-11-14 09:49:12.355000,v1.10 - Skipits - Existing Users,Control
GB,2024-10-03T08:00:26.000Z,,0,0,0,0,com.android.vending,Xiaomi,2201116TG,2024-11-16 08:24:46.613000,android,0,,0,34a7646c-af49-46e2-90a0-e04307643746,60,110,c725c522-2b09-45e1-b18d-1f6b75f8fdbc,2024-11-08 06:12:40.542000,v1.10 - Skipits - Existing Users,Skipits - High Prices
PL,2024-11-15T07:52:39.000Z,,0,0,0,0,com.android.vending,Xiaomi,2201123G,2024-11-16 08:25:04.340000,android,0,,0,a743f8a1-0738-4980-8169-b5d74c6da21c,120,10,614fd1a1-f79c-408a-bb73-a5d2d713db68,2024-11-15 07:52:45.826000,v1.10 - Skipits - New Users,Skipits - High Prices
CZ,2024-11-10T15:28:51.000Z,,0,0,0,0,com.android.vending,Xiaomi,22111317G,2024-11-16 08:25:54.559000,android,0,,0,d9deeaa6-c09d-4342-b984-969ffa4bb4a1,0,95,f9e96a70-2bde-47aa-9ea2-395c63b468d2,2024-11-10 15:29:00.027000,v1.10 - Skipits - New Users,Control
JP,2024-11-06T12:06:29.000Z,0.03124061248654411,3,26,0,0,,Apple,iPhoneSE3Gen,2024-11-16 08:26:11.087000,ios,0.08465244052762075,0.05341182804107665,4,681301ce-3de6-4b87-a355-09b4786847fa,1596,8,81010c07-2075-4021-9280-5e718d7382b0,2024-11-14 20:53:57.058000,v1.10 - Skipits - Existing Users,Control
VN,2024-11-15T01:17:02.000Z,,0,0,0,0,,Apple,iPhoneX,2024-11-16 08:29:20.211000,ios,0.003792209,0.003792209,0,f7675d51-5fce-4e4e-95d8-fa4e3e24eb72,52,21,1447edff-37e5-4a87-8bc7-c4c678b4fa1d,2024-11-15 01:17:11.190000,v1.10 - Skipits - New Users,Skipits - High Prices
AU,2024-10-12T01:21:06.000Z,0.03847180511945923,4,12,0,0,,Apple,iPhone12ProMax,2024-11-16 08:30:44.742000,ios,0.04875158455366334,0.01027977943420411,1,cd2d86d1-0f85-4f1d-804e-1481656c088b,612,144,c2d1e374-2be4-416a-8ca6-4ad5f2a008e7,2024-11-09 03:45:01.750000,v1.10 - Skipits - Existing Users,Skipits - High Prices
JP,2024-11-13T13:12:36.000Z,0.00913851978866577,2,5,0,0,,Apple,iPhoneSE2Gen,2024-11-16 08:31:48.282000,ios,0.013877101788665771,0.004738582,1,235f8669-47b2-4b01-979b-3786ada527a8,727,17,0a5186fd-2a76-4991-9967-dd9d417b6642,2024-11-13 13:12:44.530000,v1.10 - Skipits - New Users,Control
TW,2024-11-16T08:32:32.000Z,0.09199813066451756,2,35,0,0,,Apple,iPhoneX,2024-11-16 08:32:40.272000,ios,0.09199813066451756,,0,0038c99b-ed63-4b00-8445-082e576b0bf6,1285,1,b2cc2159-763d-427d-bf3a-27852d5a9df1,2024-11-16 08:32:40.272000,v1.10 - Skipits - New Users,Skipits - Middle Prices
AT,2024-09-07T08:36:26.000Z,0.01794966419186783,11,67,0,0,com.android.vending,samsung,SM-N980F,2024-11-16 08:33:09.778000,android,0.01794966419186783,,0,461945fe-b67c-4431-8fae-039c5c00428e,3085,141,03a71a8c-a046-4bd0-8fa6-9c54911de757,2024-11-10 08:11:39.133000,v1.10 - Skipits - Existing Users,Skipits - High Prices
JP,2024-09-28T03:09:19.000Z,0.01389019476190476,5,33,0,0,,Apple,iPhoneSE2Gen,2024-11-16 08:33:11.122000,ios,0.01389019476190476,,0,aaf80b38-13aa-4fde-85fa-b5719764a6eb,1348,54,32fb8d54-518b-49ad-9505-75afe2a9c7a8,2024-11-09 05:18:40.784000,v1.10 - Skipits - Existing Users,Skipits - High Prices
BE,2024-11-16T08:38:13.000Z,,0,24,0,0,,Apple,"iPhone17,3",2024-11-16 08:38:19.271000,ios,0,,0,7d38d15e-fc3f-4b2b-85a7-ec57f9197ffc,657,1,3e1d2d22-ebaa-444f-bbaf-59eba13e2eaf,2024-11-16 08:38:19.271000,v1.10 - Skipits - New Users,Control
JP,2024-11-14T04:50:32.000Z,0.10880232921325685,3,6,0,0,,Apple,iPhone14ProMax,2024-11-16 08:39:50.632000,ios,0.10880232921325685,,1,130b8f91-1b3b-45f7-a161-ecb8cf0f64eb,646,25,6d3bf719-5236-4b68-ac1c-2acbc0c0878d,2024-11-14 04:50:40.118000,v1.10 - Skipits - New Users,Control
IT,2024-11-09T12:07:34.000Z,0.001741318374521034,2,12,0,0,com.android.vending,samsung,SM-S911B,2024-11-16 08:42:26.194000,android,0.003271372347718971,0.0015300539731979371,1,bab3aa25-ae75-49ec-afad-065072865440,774,58,575a6605-d07d-40e1-a8ab-a059b91278cb,2024-11-13 11:51:57.575000,v1.10 - Skipits - Existing Users,Control
GB,2024-11-03T15:48:56.000Z,0.11461272320332846,4,16,0,0,,Apple,iPhone13ProMax,2024-11-16 08:46:05.799000,ios,0.3590651924529235,0.24445246924959504,6,d90c5359-6dc3-4de3-aca0-fb279677fcf1,1144,66,295db446-aa66-46c5-b4ff-e26f08046dac,2024-11-13 18:18:42.500000,v1.10 - Skipits - Existing Users,Control
KR,2024-11-14T06:46:31.000Z,0.09382032980592611,3,24,0,0,com.android.vending,samsung,SM-S916N,2024-11-16 08:46:20.989000,android,0.3851173841973052,0.2912970543913791,5,801128ff-c835-42d3-9280-613658244705,1286,12,f6552187-c276-4df5-9a74-e601a609bb05,2024-11-14 06:46:39.827000,v1.10 - Skipits - New Users,Skipits - High Prices
TW,2024-09-19T00:27:18.000Z,,0,1,0,0,,Apple,iPhone13Pro,2024-11-16 08:47:53.766000,ios,0,,0,5c8c4caa-92e6-4504-a4c7-d747b58c90c4,25,365,ee3ee995-9443-45ce-b60d-a18d67fcc1e7,2024-11-09 00:19:06.776000,v1.10 - Skipits - Existing Users,Control
ID,2024-11-10T01:13:21.000Z,0.0022733797703999997,2,13,0,0,com.android.vending,samsung,SM-A346E,2024-11-16 08:51:07.407000,android,0.0022733797703999997,,0,01abb36f-7e44-467f-81ec-e784510a20b5,555,5,1be5cd9f-a57f-4f98-abe2-0f1db53d7ab2,2024-11-10 01:13:30.928000,v1.10 - Skipits - New Users,Control
PL,2024-11-02T07:04:49.000Z,0.006236096,3,15,0,0,com.android.vending,samsung,SM-S911B,2024-11-16 08:52:55.457000,android,0.006236096,,0,1823cf12-a509-4e87-b416-a73ff365826c,670,27,1ccfa8c4-de69-4a72-aa82-67c18d44d1c2,2024-11-09 09:10:26.623000,v1.10 - Skipits - Existing Users,Control
JP,2024-09-24T01:25:09.000Z,0.010918858829904884,7,39,0,0,com.android.vending,samsung,SCG15,2024-11-16 08:54:29.743000,android,0.05859689916601823,0.04767804033611335,21,dd349837-484f-4d2f-ae2f-503a0fc9d673,3261,110,1bb556a6-7a00-4843-9b8a-16678c9b71e1,2024-11-10 03:40:31.888000,v1.10 - Skipits - Existing Users,Skipits - High Prices
AT,2024-11-04T20:58:50.000Z,,0,0,0,0,com.android.vending,Xiaomi,2201117TY,2024-11-16 08:55:40.667000,android,0,,0,f33d1486-f37e-41fb-926a-b28078fea26d,92,36,acc72127-a3bf-479e-ba37-adec136ecdde,2024-11-09 10:10:28.281000,v1.10 - Skipits - Existing Users,Control
JP,2024-11-12T05:02:38.000Z,,0,1,0,0,,Apple,iPhone12Pro,2024-11-16 08:57:10.123000,ios,0.01520447921752929,0.01520447921752929,1,605f5106-a36e-4593-a05d-6d1b2f876e6e,16,62,e87c97de-9061-4886-bd97-d3feecd3bdf7,2024-11-12 05:02:45.670000,v1.10 - Skipits - New Users,Skipits - High Prices
UA,2024-11-06T14:28:56.000Z,0.002725519846280416,1,17,0,0,,Apple,iPhone11ProMax,2024-11-16 08:58:04.652000,ios,0.011034872609925405,0.008309352763644988,4,d2b441b4-bfcd-4f5e-b3bd-b7c285b98e03,849,106,3b3e4a7e-0bbd-419e-b6f1-83392869efa9,2024-11-12 14:45:17.782000,v1.10 - Skipits - Existing Users,Skipits - Middle Prices
US,2024-11-14T04:23:24.000Z,0.23717834,3,23,0,0,com.android.vending,Google,Pixel 6 Pro,2024-11-16 08:58:52.597000,android,0.23717834,,0,eb56f4cc-d670-42cd-bb34-13a4d9d6ac2d,778,7,73acdf08-d534-4523-ab6f-8ef078987fa1,2024-11-14 04:23:29.446000,v1.10 - Skipits - New Users,Control
ZZ,2024-11-10T02:43:59.000Z,,0,11,0,0,com.android.vending,INFINIX MOBILITY LIMITED,Infinix X689B,2024-11-16 09:00:30.943000,android,0,,0,58142c0d-29cd-48a6-a901-ae148aab753d,490,8,6d03ee80-0c38-4f43-99f8-2edb8b68bcc4,2024-11-12 19:00:01.700000,v1.10 - Skipits - Existing Users,Skipits - Middle Prices
IT,2024-11-06T17:24:38.000Z,0.006046529714285714,2,12,0,0,com.android.vending,Xiaomi,2209116AG,2024-11-16 09:03:25.557000,android,0.0456158400591133,0.039569310344827587,2,11e17f17-ac29-4181-b9e5-dd05d4760ba3,740,61,97c72d29-b9da-4244-b66e-d56301311cfd,2024-11-09 12:21:02.046000,v1.10 - Skipits - Existing Users,Skipits - Middle Prices
US,2024-11-05T20:02:20.000Z,0.17503946679695467,13,76,0,0,com.android.vending,samsung,SM-F936U1,2024-11-16 09:04:20.449000,android,1.166387273904932,0.9913478071079773,28,823090ee-33be-4217-a059-be29f52b570c,5791,52,29cb6204-ce14-4f8b-98ba-118e46a93ad8,2024-11-08 17:55:45.205000,v1.10 - Skipits - Existing Users,Skipits - High Prices
BY,2024-09-25T10:32:21.000Z,,0,0,0,0,,Apple,iPhoneSE2Gen,2024-11-16 09:05:27.810000,ios,0,,0,5b1cce73-56f7-4d6c-8275-07bca3c222b8,30,55,744e8da9-0283-4c99-93d8-fd71d5d7a83e,2024-11-10 07:23:00.456000,v1.10 - Skipits - Existing Users,Skipits - High Prices
US,2024-02-19T04:28:09.000Z,0.38887002983579805,19,47,0,0,,Apple,"iPhone17,2",2024-11-16 09:05:31.400000,ios,0.5468654249810008,0.15799539514520264,7,e15bb1f4-a33a-459b-a617-83a015c1a2df,3159,52,6b35ef38-9c8a-4d99-8bee-4dc4b9d36522,2024-11-15 18:00:07.353000,v1.10 - Skipits - Existing Users,Skipits - Middle Prices
JP,2024-10-05T08:44:38.000Z,,0,0,0,0,,Apple,iPhoneSE2Gen,2024-11-16 09:09:07.711000,ios,0,,0,08feb649-7c80-4abd-8c62-542bb8637654,19,222,2031e3b4-9f79-4165-b179-f3c5758c4de3,2024-11-09 04:43:11.739000,v1.10 - Skipits - Existing Users,Skipits - Middle Prices
ID,2024-11-14T07:51:21.000Z,,0,38,0,0,com.android.vending,Xiaomi,2201116TG,2024-11-16 09:09:13.840000,android,0,,0,e8b13068-ef94-4495-9d67-896acc21f623,410,11,ff6f3a92-560e-4c81-809e-012d17897e69,2024-11-14 08:33:33.170000,v1.10 - Skipits - Existing Users,Skipits - Middle Prices
US,2024-05-17T08:33:49.000Z,0.053938121795654284,3,23,0,0,,Apple,iPhone12ProMax,2024-11-16 09:09:17.142000,ios,0.23711420707702638,0.1831760852813721,7,69f945ef-b882-4aa7-ad92-3cb0873d523f,1766,321,fcf654fd-2575-426d-9581-52bbcda70d80,2024-11-11 09:08:23.595000,v1.10 - Skipits - Existing Users,Skipits - High Prices
IN,2024-11-16T08:56:30.000Z,0.00028311452269554136,0,10,0,0,com.android.vending,OnePlus,CPH2487,2024-11-16 09:10:03.733000,android,0.00028311452269554136,,0,0beeb319-56ee-41b4-bebc-41e98df3c4b0,518,2,8279732d-17e3-46d0-b393-8e7c82d2a1c9,2024-11-16 08:56:41.674000,v1.10 - Skipits - New Users,Control
IN,2024-11-05T08:05:16.000Z,0.003162857142857143,0,1,0,0,com.android.vending,OnePlus,CPH2423,2024-11-16 09:10:15.941000,android,0.003162857142857143,,0,38d0b418-e9b0-4a45-a308-406f320efd78,48,141,367ee839-a5a0-4414-9fe5-fca5e2415616,2024-11-11 01:49:41.540000,v1.10 - Skipits - Existing Users,Skipits - High Prices
RU,2024-11-10T17:44:12.000Z,0.0035954510000000004,1,18,0,0,com.android.vending,asus,ASUS_AI2203_C,2024-11-16 09:11:00.031000,android,0.03414600465647588,0.030550553656475885,5,9d9bbe01-c6e2-43b5-8812-509cd2e97b0d,1448,66,f1f96069-1fc7-430c-9faf-6ede0429f80d,2024-11-10 17:46:03.628000,v1.10 - Skipits - New Users,Control
BR,2024-11-13T22:45:10.000Z,,0,11,0,0,,Apple,iPhoneSE2Gen,2024-11-16 09:11:07.408000,ios,0,,0,11d91b63-241a-40e6-bb2d-0c7350cc53cb,474,19,fedd445b-90d7-4ead-a224-0c021700b321,2024-11-13 22:45:18.274000,v1.10 - Skipits - New Users,Skipits - Middle Prices
PH,2024-11-14T14:56:37.000Z,0.0021029682717,2,8,0,0,com.android.vending,samsung,SM-G990E,2024-11-16 09:16:20.134000,android,0.0021029682717,,0,7b4cf980-ee38-4a4e-984b-3f4cdc046ca0,257,6,30fbaff6-7a07-44d1-a905-ce1eb3b42321,2024-11-14 14:56:46.738000,v1.10 - Skipits - New Users,Skipits - High Prices
TR,2024-11-12T11:11:44.000Z,0.0391682282443,1,4,0,0,com.android.vending,Xiaomi,22041216G,2024-11-16 09:20:38.991000,android,0.0391682282443,,0,d92c8fb3-e236-4423-bc43-74abc4da43f0,138,26,348f782b-6df3-433f-89cc-1b6d40e68509,2024-11-12 11:11:52.042000,v1.10 - Skipits - New Users,Control
ZZ,2024-11-06T22:35:04.000Z,,0,0,0,0,com.android.vending,samsung,SM-A235M,2024-11-16 09:23:53.607000,android,0,,0,8d8fff7c-0289-49ef-acee-0f4c15394a37,0,19,8b6ab270-0bdb-4501-ba36-d06d7155c8c5,2024-11-12 14:05:33.439000,v1.10 - Skipits - Existing Users,Control
US,2024-11-08T16:51:03.000Z,0.02692690277826218,2,5,0,0,,Apple,iPhone13ProMax,2024-11-16 09:26:56.548000,ios,0.02692690277826218,,0,3b216a5f-a16a-45eb-8147-81d1cfd7ac5b,726,30,4d73817f-3019-478e-9a93-4cb8effbb833,2024-11-08 16:51:10.768000,v1.10 - Skipits - New Users,Skipits - Middle Prices
JP,2024-09-17T15:34:04.000Z,0.007880671,2,3,0,0,,Apple,iPhone13,2024-11-16 09:30:02.654000,ios,0.010836695000000002,0.002956024000000001,1,d82c1804-8128-4c36-9b9f-a4d00b2f4f58,240,441,dd66c377-fd7e-4a97-b35a-c510472e43c7,2024-11-08 22:47:53.142000,v1.10 - Skipits - Existing Users,Skipits - High Prices
PH,2024-10-22T10:11:03.000Z,,0,18,0,0,com.android.vending,realme,RMX3661,2024-11-16 09:30:52.934000,android,0.034153917404113394,0.034153917404113394,11,464c4a5a-879a-42bc-a0ae-c1331155c688,1128,99,cbec7bc9-a130-4b1c-bfd9-c6f8548e5ed4,2024-11-11 06:01:46.083000,v1.10 - Skipits - Existing Users,Skipits - Middle Prices
IN,2024-09-30T06:26:17.000Z,0.0009672460000000001,3,23,0,0,com.android.vending,OPPO,CPH1809,2024-11-16 09:32:38.552000,android,0.005248866862033845,0.004281620862033844,11,38c62ca7-e922-4b89-8ccd-3dc7c9713a90,1636,89,aed8d164-ee3a-45d2-b2e0-fa20a054cc47,2024-11-12 05:56:34.869000,v1.10 - Skipits - Existing Users,Skipits - High Prices
JP,2024-09-10T06:53:03.000Z,0.005340343895809991,1,15,0,0,,Apple,iPhone15Plus,2024-11-16 09:33:45.205000,ios,0.047791164849897025,0.04245082095408703,6,424db419-e553-4234-bbb8-6dcea0d660f3,881,88,801267e2-2f11-4e96-a0d6-27b46215ad2a,2024-11-11 09:19:53.654000,v1.10 - Skipits - Existing Users,Control
KR,2024-11-16T09:36:05.000Z,0.28718359375,1,33,0,0,,Apple,iPhoneXS,2024-11-16 09:36:14.420000,ios,0.8639272766113282,0.5767436828613282,2,3a64c048-2ebc-4f89-ad0d-10365b3bd15d,1141,1,a50abc9c-19cd-496e-8f18-96687c6bc4ac,2024-11-16 09:36:14.420000,v1.10 - Skipits - New Users,Skipits - Middle Prices
BR,2024-11-16T09:10:24.000Z,0.008197119474411011,3,30,0,0,,Apple,iPhone13,2024-11-16 09:36:29.270000,ios,0.027697395947448737,0.019500276473037724,6,941359df-87cc-4bab-82b6-c7aa8d8c0087,1515,2,d4a46758-c313-46b6-ba60-7154a3003234,2024-11-16 09:10:32.173000,v1.10 - Skipits - New Users,Control
JP,2024-11-02T10:20:27.000Z,0.030634224115453787,5,34,0,0,com.android.vending,Google,Pixel 4a (5G),2024-11-16 09:37:01.958000,android,0.056359118841730185,0.0257248947262764,2,b83c3406-195e-46e1-9a77-f89e41d0b404,1600,43,ed96b595-f6a8-4479-b3f7-57da0737a017,2024-11-07 22:10:23.536000,v1.10 - Skipits - Existing Users,Control
PH,2024-11-12T06:31:57.000Z,0.006963891346153847,3,22,0,0,com.android.vending,samsung,SM-G975U1,2024-11-16 09:39:41.279000,android,0.01781713542094065,0.010853244074786803,3,96b2abd1-aa87-4ef7-bddc-0d7431d4e4b7,903,39,4a3af524-353f-41d4-b7ab-bfff8fc24a2b,2024-11-12 09:39:23.683000,v1.10 - Skipits - Existing Users,Control
HK,2024-11-05T03:01:23.000Z,0.00098464,1,17,0,0,com.android.vending,samsung,SM-N9600,2024-11-16 09:42:56.371000,android,0.031937457,0.030952817,12,1e846978-6d09-4aee-93e8-82f570f24b3a,1639,104,0a90e52d-5040-4e1e-9628-1974cf1411cb,2024-11-10 02:05:45.158000,v1.10 - Skipits - Existing Users,Control
JP,2024-11-14T11:32:11.000Z,0.031539475513696666,4,26,0,0,,Apple,iPhone12Pro,2024-11-16 09:43:06.578000,ios,0.031539475513696666,,0,711633df-e17e-460e-ba98-0725918d3510,882,33,3d4fdfe1-c1a1-440a-846a-9b25ff2b76cd,2024-11-14 11:32:19.058000,v1.10 - Skipits - New Users,Skipits - Middle Prices
AU,2024-10-17T05:33:03.000Z,0.006363809523809522,1,2,0,0,,Apple,iPhone15ProMax,2024-11-16 09:43:32.809000,ios,0.006363809523809522,,0,2aa52c45-220f-417c-bec4-5bc890701f5e,94,191,86ab0217-ac1a-4cf8-95d8-0945e29c64e1,2024-11-09 21:34:33.171000,v1.10 - Skipits - Existing Users,Control
UA,2024-10-19T10:20:28.000Z,,0,24,0,0,com.android.vending,Xiaomi,2209116AG,2024-11-16 09:43:51.528000,android,0,,0,0680ac11-63f6-45c4-90be-650ccb132902,827,61,d96f5ae6-4adf-4a58-a717-e41dd26ad13a,2024-11-14 05:23:22.212000,v1.10 - Skipits - Existing Users,Skipits - High Prices
NZ,2024-11-10T10:17:14.000Z,0.004123756,1,3,0,0,com.android.vending,samsung,SM-N975F,2024-11-16 09:44:52.877000,android,0.012389523562000002,0.008265767562,0,a26a0a21-4763-48bb-bc29-7d939343c152,168,26,ab882ef7-d509-4e39-845e-e06abda7fc3c,2024-11-10 10:17:21.653000,v1.10 - Skipits - New Users,Skipits - Middle Prices
GT,2024-09-26T20:08:13.000Z,0.0023466666666666666,1,1,0,0,com.android.vending,samsung,SM-S901E,2024-11-16 09:44:53.481000,android,0.01213987039053496,0.009793203723868297,4,885af2c5-7799-422d-bc73-509ee6bac14b,447,89,70297f26-13a0-4f61-a86c-7d91b4c5d340,2024-11-08 20:43:12.000000,v1.10 - Skipits - Existing Users,Skipits - Middle Prices
PH,2024-11-08T04:28:04.000Z,,0,17,0,0,com.android.vending,vivo,V2204,2024-11-16 09:45:00.084000,android,0,,0,dc4c55d0-3c80-4790-b3aa-a6f4981ee15d,315,13,777776aa-df6f-4705-bd6a-995cd473ece8,2024-11-08 04:28:15.460000,v1.10 - Skipits - New Users,Control
PH,2024-11-08T04:28:04.000Z,,0,7,0,0,com.android.vending,vivo,V2204,2024-11-16 09:45:03.708000,android,0,,0,ce481f54-dfc7-42c8-9a04-2309cd77d6d5,10,23,777776aa-df6f-4705-bd6a-995cd473ece8,2024-11-08 04:28:15.460000,v1.10 - Skipits - New Users,Control
ES,2024-11-08T13:36:48.000Z,0.002160540225428571,1,9,0,0,com.android.vending,samsung,SM-A236B,2024-11-16 09:47:21.681000,android,0.002160540225428571,,0,6ba7aa57-bb1a-4908-af68-83ad85521c8a,381,25,3248dda4-4b33-45c7-8c51-9005a60b52e7,2024-11-08 13:36:55.543000,v1.10 - Skipits - New Users,Skipits - High Prices
TR,2024-10-21T09:58:11.000Z,,0,1,0,0,com.android.vending,samsung,SM-A137F,2024-11-16 09:47:26.884000,android,0,,0,b05c4ea2-bf1a-4801-a130-bf64a18ca02f,0,10,5fdeea40-4884-4589-9d25-851adb217eaa,2024-11-16 09:22:23.433000,v1.10 - Skipits - Existing Users,Skipits - Middle Prices
GB,2024-11-15T13:59:18.000Z,0.04447931047582718,6,40,0,0,,Apple,iPhone13,2024-11-16 09:47:42.081000,ios,0.07126931047582719,0.02679000000000002,1,a4d59bae-de50-41a7-9c27-1682aff57caf,1591,5,46f6e622-8673-40c8-a146-bb485cbc3814,2024-11-15 13:59:25.063000,v1.10 - Skipits - New Users,Control
JP,2024-10-06T02:15:33.000Z,0.02457032200000001,1,13,0,0,,Apple,iPhone14,2024-11-16 09:52:34.534000,ios,0.02457032200000001,,0,69fa0de3-c8e8-47a2-ad52-b08e630ca2be,455,115,9df24e46-d207-4b17-8b2d-37adc4635a79,2024-11-16 09:52:34.534000,v1.10 - Skipits - Existing Users,Skipits - High Prices
RU,2024-10-13T14:21:29.000Z,,0,2,0,0,com.android.vending,vivo,V2310,2024-11-16 09:53:27.042000,android,0,,0,2e4012f6-07b4-4aaf-8049-a3d085be420f,78,269,27b4e1c3-a502-4091-8c76-f5f74842d375,2024-11-12 01:55:45.356000,v1.10 - Skipits - Existing Users,Skipits - Middle Prices
IN,2024-10-15T17:55:39.000Z,0.00015,1,22,0,0,com.android.vending,samsung,SM-M346B,2024-11-16 09:54:20.442000,android,0.016777477217588006,0.016627477217588005,9,1474e26a-941a-43cc-91cf-eadd8d37b866,1437,146,77097cb5-1c43-4b1b-81b3-2ece852962f0,2024-11-08 14:50:48.461000,v1.10 - Skipits - Existing Users,Skipits - High Prices
BA,2024-10-14T14:19:41.000Z,,0,5,0,0,com.android.vending,samsung,SM-S911B,2024-11-16 09:54:45.495000,android,0.011653956413269046,0.011653956413269046,1,96c7fa35-9ca1-4e81-bb1a-5ce2c30eedc6,261,16,20020182-292f-4e88-88a5-712438881ed1,2024-11-09 12:42:46.910000,v1.10 - Skipits - Existing Users,Skipits - Middle Prices
DE,2024-11-15T13:34:27.000Z,,0,29,0,0,com.android.vending,motorola,moto g54 5G,2024-11-16 09:55:26.924000,android,0.038125535488128665,0.038125535488128665,3,6794d425-9fe8-44fc-babe-bd922c98631b,1645,6,c2d684ff-c8c5-43a3-8a0b-3b27eb4a9b3c,2024-11-16 09:55:31.034000,v1.10 - Skipits - New Users,Control
JP,2024-09-25T14:57:58.000Z,,0,2,0,0,,Apple,iPhone12Pro,2024-11-16 09:57:31.383000,ios,0,,0,f744036e-b136-4b2e-a677-d8d9e75ce4e6,97,258,c9c81a9e-cf07-4425-b6c2-c04440af942b,2024-11-09 10:52:44.382000,v1.10 - Skipits - Existing Users,Control
US,2024-11-13T03:27:59.000Z,,0,3,0,0,com.android.vending,samsung,SM-S911U,2024-11-16 10:00:11.265000,android,0.04348,0.04348,0,157868c9-8fc1-4d20-bd41-0a1c3e82046d,81,17,1be4b8e3-7782-43b5-a6ff-bb24a0aa74a4,2024-11-13 03:28:06.823000,v1.10 - Skipits - New Users,Skipits - High Prices
JP,2024-11-16T10:00:23.000Z,0.39273440699707035,6,65,0,0,,Apple,iPhone15,2024-11-16 10:00:31.337000,ios,1.0312759975642092,0.6385415905671387,9,2d1dc649-a500-4974-81c4-5a33d4dcefae,3196,1,5606506a-cae0-4842-a3cd-b261703115ae,2024-11-16 10:00:31.337000,v1.10 - Skipits - New Users,Skipits - Middle Prices
HR,2024-11-06T17:58:44.000Z,,0,11,0,0,com.android.vending,samsung,SM-A536B,2024-11-16 10:01:31.896000,android,0,,0,6d650a4c-4264-410b-be4d-f94b0170ee3d,367,21,49701f91-ff5b-4871-8f65-b041355645a8,2024-11-09 23:03:40.682000,v1.10 - Skipits - Existing Users,Skipits - High Prices
KR,2024-10-29T23:07:57.000Z,,0,0,0,0,,Apple,iPhone13ProMax,2024-11-16 10:02:04.268000,ios,0,,1,1657ca41-357a-4f7e-9276-919cb584c0ab,12,122,a9a76121-76ce-4d26-b639-7c1cfacd0926,2024-11-09 03:00:51.257000,v1.10 - Skipits - Existing Users,Control
TR,2024-10-20T20:55:17.000Z,0.0009230569989,1,10,0,0,com.android.vending,Xiaomi,M2102J20SG,2024-11-16 10:02:39.101000,android,0.0073132399354997315,0.006390182936599731,4,35aaef17-bbb0-4c2f-af5f-b73727b370fb,683,80,502fc0ac-706d-402e-97c7-230cf71756be,2024-11-10 10:46:43.419000,v1.10 - Skipits - Existing Users,Skipits - High Prices
JP,2024-09-10T07:26:34.000Z,,0,5,0,0,,Apple,iPhone12,2024-11-16 10:06:00.134000,ios,0.007109,0.007109,2,fb76cc25-c731-494c-8a88-190fe00437ab,289,184,2d338b45-4a5f-44c0-bc99-5bab3715df14,2024-11-10 01:07:41.311000,v1.10 - Skipits - Existing Users,Control
JP,2024-11-01T08:48:48.000Z,0.02072492271886899,12,40,0,0,,Apple,iPhoneXR,2024-11-16 10:07:52.359000,ios,0.051247187397986636,0.03052226467911766,17,7dbf326b-766d-44af-80ad-dec626b406b0,3249,103,a80eabc2-0445-461f-88a4-2c595a661398,2024-11-08 21:55:49.510000,v1.10 - Skipits - Existing Users,Control
IT,2024-11-15T00:01:55.000Z,0.0022500000000000003,1,11,0,0,com.android.vending,asus,ASUS_AI2302,2024-11-16 10:08:51.994000,android,0.007578691075642904,0.005328691075642903,1,1aaf1721-f751-497e-ad4c-ebebb6daf4c9,567,3,e39ee9c1-8456-45e0-a507-ed288e3bf5d2,2024-11-15 00:02:01.507000,v1.10 - Skipits - New Users,Control
AZ,2024-10-04T04:39:08.000Z,,0,0,0,0,com.android.vending,asus,ASUS_AI2201_C,2024-11-16 10:09:14.643000,android,0,,1,de150fb2-a958-4be9-b533-137ccfb08146,0,59,90e204f4-572e-4064-aed6-c39bcc899fd3,2024-11-08 14:24:00.453000,v1.10 - Skipits - Existing Users,Skipits - Middle Prices
US,2024-11-15T21:29:11.000Z,,0,13,0,0,com.android.vending,samsung,SM-S918U,2024-11-16 10:11:35.864000,android,0,,0,81bf7219-0e5a-43d6-94d6-2f8c7dc4537d,60,11,a57fe918-161c-400d-8fe5-7f3cfee90555,2024-11-15 21:29:19.046000,v1.10 - Skipits - New Users,Skipits - Middle Prices
AU,2024-11-13T23:38:02.000Z,,0,19,0,0,com.android.vending,vivo,V2127,2024-11-16 10:12:42.781000,android,0,,0,b30731ef-f72d-499d-ae5e-7f078ba78c0c,750,9,4db88a36-01d6-407f-9b2c-26cf959dba79,2024-11-14 00:37:16.226000,v1.10 - Skipits - Existing Users,Skipits - High Prices
DK,2024-10-19T11:26:13.000Z,0.06929184393618773,10,66,0,0,com.android.vending,samsung,SM-G991B,2024-11-16 10:12:51.038000,android,0.15291997920412645,0.0836281352679387,9,11887a8d-0004-4eb3-bcb8-0dbd1c813e38,2569,75,83744036-4153-478f-9ca6-0ceb396fcb94,2024-11-09 06:20:19.412000,v1.10 - Skipits - Existing Users,Skipits - Middle Prices
TN,2024-10-25T14:53:47.000Z,,0,14,0,0,com.android.vending,INFINIX,Infinix X6826,2024-11-16 10:19:38.347000,android,0,,0,22115f6e-fb9d-44fd-b4f2-c0e80081a42c,856,74,068bda98-cc32-477b-b8ef-894a6962d913,2024-11-10 14:35:40.522000,v1.10 - Skipits - Existing Users,Control
KR,2024-11-03T10:52:42.000Z,,0,38,0,0,,Apple,iPhone15Pro,2024-11-16 10:20:17.245000,ios,0,,0,bb85dbd3-60b5-4a8d-97fe-de181ed4298d,1338,64,5e259439-558b-4dd0-bf88-7d1b0345ee4b,2024-11-09 01:51:53.090000,v1.10 - Skipits - Existing Users,Skipits - High Prices
US,2024-11-15T21:04:49.000Z,,0,0,0,0,,Apple,iPhone14Pro,2024-11-16 10:21:02.212000,ios,0.02851,0.02851,0,38c0a455-6ea4-47f0-9da4-59cb4ef61f7f,73,3,4ceed5eb-ad97-4fb9-9211-8fa6d2acf9b8,2024-11-15 21:04:56.426000,v1.10 - Skipits - New Users,Control
IN,2024-11-16T07:25:31.000Z,,0,23,0,0,com.android.vending,motorola,moto g84 5G,2024-11-16 10:22:55.172000,android,0,,0,27be0014-efa9-481a-8a81-718942fbc593,264,2,21e8aa72-6b85-40d1-8862-f253567dd8f0,2024-11-16 07:25:40.206000,v1.10 - Skipits - New Users,Skipits - Middle Prices
IN,2024-11-16T10:15:53.000Z,0.0005827985107898712,2,23,0,0,com.android.vending,INFINIX,Infinix X6815D,2024-11-16 10:24:22.469000,android,0.0005827985107898712,,0,d672c6f1-3c78-49b5-ba0e-434275fc32ab,725,2,e1da4acf-22d1-48f3-906a-0573f8eb06ad,2024-11-16 10:16:02.618000,v1.10 - Skipits - New Users,Control
KZ,2024-08-20T10:09:56.000Z,0.0018761728856545815,6,32,0,0,com.android.vending,Xiaomi,2203129G,2024-11-16 10:27:55.157000,android,0.0018761728856545815,,0,f73f74c9-11fe-410a-a5e9-57c95d2e3de0,1356,213,a21a413e-1c58-471f-ad03-c441cc19a137,2024-11-12 19:28:03.238000,v1.10 - Skipits - Existing Users,Skipits - Middle Prices
BE,2024-11-10T11:10:26.000Z,0.017707891428571428,3,22,0,0,com.android.vending,Xiaomi,2201117TY,2024-11-16 10:29:15.678000,android,0.12615792395674652,0.1084500325281751,5,c3f16c27-7c10-4381-81b6-e6f497c82a43,1460,6,c9017048-be4f-4486-87a7-2bf44a4b3b9e,2024-11-10 11:10:32.443000,v1.10 - Skipits - New Users,Skipits - Middle Prices
AE,2024-11-13T12:35:03.000Z,0.002551831,2,16,0,0,com.android.vending,samsung,SCG06,2024-11-16 10:30:20.394000,android,0.016580931844266074,0.014029100844266076,4,6ea6a440-df46-4806-a449-58ffcf566f1b,816,9,1af39bae-092b-49fd-a2b6-9db134c6bd45,2024-11-13 12:35:11.770000,v1.10 - Skipits - New Users,Skipits - Middle Prices
JP,2024-11-02T07:08:07.000Z,0.02477070103247279,13,16,0,0,,Apple,iPhoneSE3Gen,2024-11-16 10:36:59.308000,ios,0.02477070103247279,,0,b8a72afd-18f0-4e49-8c40-c51f53ae07d8,1131,60,b1fcbbf9-3b81-496a-a1ac-9ff33320ec69,2024-11-09 01:48:07.761000,v1.10 - Skipits - Existing Users,Skipits - High Prices
IN,2024-10-29T16:59:38.000Z,0.00093363115197404,1,9,0,0,com.android.vending,vivo,V2339,2024-11-16 10:42:46.562000,android,0.00093363115197404,,0,ca790f7b-a9ac-48c2-81b5-c2d022c9a67f,287,30,95eab36a-b2a9-4b41-9be1-2e6a2e40e1b9,2024-11-10 14:28:17.115000,v1.10 - Skipits - Existing Users,Skipits - Middle Prices
HK,2024-11-08T01:39:37.000Z,,0,1,0,0,,Apple,iPhone15ProMax,2024-11-16 10:43:12.064000,ios,0,,0,55645f3e-e8ca-462d-9daa-655328e76baa,37,62,ee12710b-5257-4b29-8934-e0fb2fe41aa9,2024-11-08 10:50:32.878000,v1.10 - Skipits - Existing Users,Control
BR,2024-11-16T04:05:02.000Z,0.009597142857142856,3,37,0,0,,Apple,iPhone12,2024-11-16 10:44:51.856000,ios,0.009597142857142856,,0,9e3549dc-37c2-4c89-9670-9191d8dee7e4,1830,2,cd8b12ce-7182-456e-8c7d-b8eb121ab0d6,2024-11-16 04:05:09.901000,v1.10 - Skipits - New Users,Control
AU,2024-10-13T07:19:15.000Z,0.018507959999999997,2,36,0,0,com.android.vending,samsung,SM-A326B,2024-11-16 10:45:21.676000,android,0.018507959999999997,,0,cc3504b3-6fab-4f8f-afb1-299cc27806f8,1153,52,c4b89154-c332-4e22-8e5d-93a3c92612b8,2024-11-09 03:07:25.401000,v1.10 - Skipits - Existing Users,Skipits - Middle Prices
JP,2024-11-01T09:18:17.000Z,0.012991879169079732,3,15,0,0,,Apple,iPhone15,2024-11-16 10:46:07.121000,ios,0.012991879169079732,,0,eb2bc347-9e12-4493-8ab7-68d2010c3f05,575,45,698661d1-fb46-4232-9a49-4e399e789a92,2024-11-11 10:35:53.163000,v1.10 - Skipits - Existing Users,Skipits - Middle Prices
TR,2024-11-16T10:11:59.000Z,0.022489189,4,31,0,0,com.android.vending,samsung,SM-S918B,2024-11-16 10:49:10.676000,android,0.035292419,0.01280323,1,9c2cdaf3-fc7b-4b5d-8e08-44807ff44b3a,1130,2,ef470dc6-ac65-4946-8079-6c15b5e5907b,2024-11-16 10:12:06.076000,v1.10 - Skipits - New Users,Skipits - Middle Prices
NL,2024-11-16T10:49:41.000Z,,0,12,0,0,com.android.vending,OnePlus,DN2103,2024-11-16 10:49:49.712000,android,0.01988328552246094,0.01988328552246094,1,af439634-7300-4984-9149-faa9810402ee,593,1,deda7e19-0f6d-4e78-ab00-87d9cc5cc65d,2024-11-16 10:49:49.712000,v1.10 - Skipits - New Users,Skipits - High Prices
MY,2024-11-09T07:28:20.000Z,0.08834236897415505,6,56,0,0,,Apple,iPhone15,2024-11-16 10:50:15.349000,ios,0.1308829392096345,0.04254057023547944,2,dcdf62c3-b003-4b84-9177-7991101b5a9e,1986,6,82036336-b6d2-40e3-8236-8a95af9cb8f5,2024-11-09 07:28:46.180000,v1.10 - Skipits - New Users,Skipits - High Prices
NL,2024-10-20T15:19:31.000Z,,0,0,0,0,com.android.vending,motorola,moto g13,2024-11-16 10:51:10.934000,android,0,,0,b42de500-4c80-4ff5-9fc5-cf320e5af417,30,61,b5576d7b-b882-4f10-a640-2e628270be19,2024-11-14 11:25:04.019000,v1.10 - Skipits - Existing Users,Control
BR,2024-11-15T20:23:21.000Z,,0,0,0,0,com.android.vending,motorola,motorola edge 40 neo,2024-11-16 10:51:52.965000,android,0,,0,b2ae0e34-9a28-43e1-a6c6-07c0c0fc4806,5,2,9a031aa4-f526-42e9-9604-b308e88fc313,2024-11-15 20:23:29.063000,v1.10 - Skipits - New Users,Skipits - Middle Prices
JP,2024-11-09T08:17:46.000Z,0.016978631,9,81,0,0,com.android.vending,SHARP,SHG06,2024-11-16 10:55:01.445000,android,0.08853158895486452,0.07155295795486451,7,c2b49740-1d93-4442-9cd5-57242d0bfe2b,3294,23,53b7073c-fc87-4ebf-8421-8f50326e3445,2024-11-09 08:17:57.342000,v1.10 - Skipits - New Users,Skipits - High Prices
US,2024-11-15T14:00:57.000Z,,0,21,0,0,com.android.vending,samsung,SM-A356E,2024-11-16 10:58:01.618000,android,0,,0,c0e64d3b-85e7-412b-b3c7-b8ffcadc8afa,720,7,726c8282-0224-48ec-98f4-27296c89892a,2024-11-15 14:01:06.335000,v1.10 - Skipits - New Users,Control
NL,2024-11-01T06:06:34.000Z,0.01782095238095239,1,14,0,0,,Apple,iPhone15Plus,2024-11-16 10:58:33.010000,ios,0.050159876380193806,0.03233892399924142,2,61d0876c-b4f4-4c0a-9820-c12b0282e117,646,30,070c53b9-d961-43df-af21-12b69790ca86,2024-11-09 14:49:11.569000,v1.10 - Skipits - Existing Users,Skipits - High Prices
FR,2024-08-10T09:58:41.000Z,,0,0,0,0,com.android.vending,Google,Pixel 7,2024-11-16 10:59:47.567000,android,0,,0,e9698008-baf4-4f11-8089-731bbcebdfd8,10,360,3bac1a76-33df-49a6-bc5a-3f01f5d23b3f,2024-11-10 08:59:47.203000,v1.10 - Skipits - Existing Users,Control
PL,2024-11-15T11:58:15.000Z,,0,39,0,0,,Apple,iPhone13,2024-11-16 11:00:21.730000,ios,0,,0,c9ff5b2e-6cee-47af-a1b8-62510077d111,1467,5,bd752696-6654-4ef4-b934-82169dd2b3e5,2024-11-15 11:58:22.565000,v1.10 - Skipits - New Users,Skipits - High Prices
TR,2024-11-13T19:56:36.000Z,0.003043692951804762,1,13,0,0,com.android.vending,samsung,SM-A145F,2024-11-16 11:00:58.767000,android,0.03523784915321533,0.03219415620141057,8,77ea47c3-6e16-450e-b29c-1bad8dbb0d08,1298,7,5415f071-f14d-4f5e-9e38-e1e1f9e50f64,2024-11-13 19:54:28.120000,v1.10 - Skipits - New Users,Control
NL,2024-11-16T11:00:57.000Z,,0,10,0,0,,Apple,iPhone14ProMax,2024-11-16 11:01:03.185000,ios,0,,0,71c815c3-35d2-430d-b852-e5f800869ef6,459,1,337778bd-b77d-452a-a558-7fa1319e858c,2024-11-16 11:01:03.185000,v1.10 - Skipits - New Users,Control
ID,2024-11-07T15:59:42.000Z,0.0007808954066666667,2,25,0,0,com.android.vending,samsung,SM-A127F,2024-11-16 11:03:06.335000,android,0.02549025004360345,0.024709354636936777,7,70272c50-db47-4f6b-9d38-8b1f2e505ca9,1574,56,b8c5e7f4-faf1-4ec0-a705-325e59ed55aa,2024-11-09 03:31:41.513000,v1.10 - Skipits - Existing Users,Skipits - High Prices
JP,2024-11-03T13:43:09.000Z,,0,14,0,0,com.android.vending,samsung,SC-51B,2024-11-16 11:04:59.374000,android,0,,0,ff59b59d-68b6-489c-a128-a176a8e35505,1463,91,a524da17-e548-4375-96fc-56cb2a0a81fc,2024-11-09 00:46:32.202000,v1.10 - Skipits - Existing Users,Control
RU,2024-09-10T17:44:17.000Z,0.011933775380952385,4,39,0,0,,Apple,iPhone13,2024-11-16 11:07:07.147000,ios,0.07487776444192448,0.0629439890609721,11,754e8179-79dd-4f7c-b7dd-908250df42ac,2290,124,9b1a9d74-519f-449e-ab6f-d2f627c7c525,2024-11-10 04:01:13.199000,v1.10 - Skipits - Existing Users,Skipits - Middle Prices
MY,2024-10-07T16:01:20.000Z,0.001213008,2,11,0,0,com.android.vending,Xiaomi,2201116PG,2024-11-16 11:08:48.564000,android,0.011152247939682006,0.009939239939682008,7,4b351248-354f-49e2-b424-26a79b8ae994,1528,95,b5ed5a50-5b1c-4b8a-92b8-078a0b2110b5,2024-11-08 15:25:05.783000,v1.10 - Skipits - Existing Users,Skipits - High Prices
BR,2024-11-15T12:49:36.000Z,,0,11,0,0,com.android.vending,Xiaomi,23028RA60L,2024-11-16 11:14:29.692000,android,0.009783264456298828,0.009783264456298828,4,01f3ece4-d4ef-4a11-bf1d-f87782164891,538,17,b90c8659-c68e-45ef-8315-dd8ff92f9a2b,2024-11-15 12:49:46.735000,v1.10 - Skipits - New Users,Skipits - Middle Prices
KR,2024-10-30T14:52:09.000Z,0.021129185991008673,21,27,0,0,com.android.vending,samsung,SM-S911N,2024-11-16 11:15:58.528000,android,0.034865264991008685,0.013736079000000002,2,e4552103-9093-4077-875c-54f0fbec5840,1794,66,25d26def-d986-414e-a780-eafeb4acf31a,2024-11-10 22:12:45.009000,v1.10 - Skipits - Existing Users,Control
KR,2024-11-16T11:09:24.000Z,,0,25,0,0,com.android.vending,samsung,SM-S901N,2024-11-16 11:16:32.512000,android,0.09935320573901367,0.09935320573901367,3,cdae381f-a12e-410c-81e0-7ffd6fd2fd8b,1025,2,23387807-95e8-4b0e-aa31-7df4c89eec51,2024-11-16 11:09:32.817000,v1.10 - Skipits - New Users,Control
JP,2024-11-15T13:23:00.000Z,0.020546799501224337,5,30,0,0,,Apple,iPhone11Pro,2024-11-16 11:16:56.195000,ios,0.030102119935794647,0.009555320434570311,2,006f897a-7eef-409d-9dce-56fdb82ceaf6,1392,5,e136b966-bcdf-48b6-bf68-007685e610de,2024-11-15 13:23:08.353000,v1.10 - Skipits - New Users,Control
PH,2024-10-12T11:49:04.000Z,,0,0,0,0,com.android.vending,ITEL,itel A665L,2024-11-16 11:18:43.667000,android,0,,0,9aa918da-8fa4-48cd-8d0a-21bfc3f7de95,11,296,dcc9f673-ca12-454e-b7c7-d1eae1564121,2024-11-10 23:24:55.405000,v1.10 - Skipits - Existing Users,Skipits - High Prices
KR,2024-10-23T06:07:17.000Z,0.0233368467609193,4,16,0,0,,Apple,iPhone12Pro,2024-11-16 11:23:03.575000,ios,0.05211736599677356,0.028780519235854254,5,d912eba9-259e-4693-8ed0-3b03dad00971,1296,72,51d5d92e-faeb-4201-bcf1-e8e99fb51cad,2024-11-09 02:24:34.565000,v1.10 - Skipits - Existing Users,Skipits - High Prices
KH,2024-11-09T00:04:36.000Z,0.00019999999999999998,2,12,0,0,com.android.vending,vivo,V2120,2024-11-16 11:24:49.030000,android,0.0014274012159175872,0.0012274012159175871,2,7ace346c-e998-4231-acfe-294b557e76a1,791,40,9282ef2c-70bc-41ae-b395-cb864914d0e4,2024-11-09 00:04:46.636000,v1.10 - Skipits - New Users,Skipits - High Prices
JP,2024-11-16T11:25:11.000Z,,0,3,0,0,com.android.vending,Xiaomi,A001XM,2024-11-16 11:26:52.023000,android,0,,0,cc27b687-3a2f-4e48-8a92-1ece7ecdc087,180,2,4a63789f-3d84-4da5-a6ca-df10df45781e,2024-11-16 11:25:21.803000,v1.10 - Skipits - New Users,Skipits - High Prices
JP,2024-11-16T03:15:32.000Z,0.059503791164579836,6,34,0,0,,Apple,iPhone15,2024-11-16 11:31:48.841000,ios,0.07101773865145727,0.01151394748687744,1,334900f2-8033-4b9e-a6ae-3e13e9e6b574,1467,3,8d08935d-ace1-4add-a851-483d2edbd516,2024-11-16 03:15:39.583000,v1.10 - Skipits - New Users,Control
KR,2024-10-22T03:27:51.000Z,0.07085383144419544,4,22,0,0,com.android.vending,samsung,SM-S916N,2024-11-16 11:32:30.785000,android,0.07085383144419544,,0,2d65667d-d2e8-46a6-851e-bcb05c064672,812,62,20f9dd93-4f33-43c6-a8d2-8fc61294407c,2024-11-08 21:15:44.810000,v1.10 - Skipits - Existing Users,Skipits - Middle Prices
ID,2024-09-23T17:46:38.000Z,0.005103232144761173,12,119,0,0,com.android.vending,INFINIX,Infinix X6837,2024-11-16 11:33:10.646000,android,0.023024254803116886,0.017921022658355712,15,f4244e6a-6b8f-4804-b1f8-6b59b6599004,4988,164,cd959556-36ef-44e5-b15d-e24157a8c002,2024-11-10 04:31:41.785000,v1.10 - Skipits - Existing Users,Skipits - Middle Prices
US,2024-11-06T16:18:54.000Z,,0,0,0,0,com.android.vending,Google,Pixel 7,2024-11-16 11:33:25.629000,android,0,,0,8e70e250-4cf6-48cf-ae2d-e8f8f59dedc1,31,89,fce672d7-2bdb-4faa-b819-782a6f8de679,2024-11-08 04:35:31.929000,v1.10 - Skipits - Existing Users,Control
HR,2024-09-15T15:14:57.000Z,,0,1,0,0,com.android.vending,samsung,SM-S916B,2024-11-16 11:34:56.584000,android,0,,0,c32088cf-652c-4327-9fca-728986a9e2e9,43,98,614f5173-f866-4c13-a34b-f15bf9066369,2024-11-16 11:07:50.844000,v1.10 - Skipits - Existing Users,Skipits - Middle Prices
ID,2024-11-08T01:39:10.000Z,,0,0,0,0,com.android.vending,Xiaomi,M2007J20CG,2024-11-16 11:36:17.678000,android,0,,0,887210fd-4962-4e37-8617-c6637337b4c1,319,23,304c2fcd-66a2-4ceb-83f8-a3786120b0f3,2024-11-08 01:39:18.960000,v1.10 - Skipits - New Users,Skipits - High Prices
KG,2024-11-15T07:15:59.000Z,0.0005167,1,12,0,0,com.android.vending,Xiaomi,Redmi Note 9 Pro,2024-11-16 11:36:30.238000,android,0.002688507,0.002171807,1,b9495b21-94c4-4ae5-ac0a-42a6e8200459,447,18,0bb747ab-8103-4dcd-85e9-65a829d5741f,2024-11-15 07:16:06.383000,v1.10 - Skipits - New Users,Control
ID,2024-11-15T09:50:14.000Z,0.08371840814572291,6,49,0,0,,Apple,iPhone11,2024-11-16 11:40:49.436000,ios,0.18257126516408767,0.09885285701836478,5,4aa8a13b-9ccc-41c0-b5c5-d66b915cc81d,2057,3,5026ba55-3246-456a-b273-cb3a1883e681,2024-11-15 09:50:21.577000,v1.10 - Skipits - New Users,Skipits - High Prices
BR,2024-10-06T15:43:59.000Z,,0,5,0,0,com.android.vending,motorola,moto g(20),2024-11-16 11:42:56.025000,android,0.011384413631522896,0.011384413631522896,2,21d66c4d-0153-420d-8d30-e4e7ea2c3bb8,645,160,e39aecaf-0c97-48eb-88df-ac0528b3a42c,2024-11-08 09:04:17.829000,v1.10 - Skipits - Existing Users,Control
IE,2024-11-13T21:15:47.000Z,,0,16,0,0,,Apple,iPhone13ProMax,2024-11-16 11:44:22.856000,ios,1.3655382232666018,1.3655382232666018,5,b501ce8f-e730-4db7-905d-40ec616db866,952,8,4ced7401-e1ef-47c3-8655-e41efb467a89,2024-11-13 21:15:53.400000,v1.10 - Skipits - New Users,Skipits - Middle Prices
JP,2024-09-26T05:49:27.000Z,0.03469831136322022,9,45,0,0,,Apple,iPhone12Mini,2024-11-16 11:44:38.683000,ios,0.08515245531351168,0.05045414395029145,9,75859852-787c-486c-af5e-abad8a89f81b,3113,326,33b29c47-b3d2-4c6b-b0ee-4de05540ad51,2024-11-09 01:17:53.203000,v1.10 - Skipits - Existing Users,Control
DE,2024-10-22T16:38:06.000Z,0.0063962884767418335,3,14,0,0,,Apple,iPhone13Pro,2024-11-16 11:44:39.741000,ios,0.02519881432131581,0.018802525844573977,6,0c27d6a8-3293-4da5-96ff-1f5226ca17b8,1094,79,ca1a77a5-4563-420c-bcf1-2a7f92bc1edd,2024-11-11 08:58:37.350000,v1.10 - Skipits - Existing Users,Skipits - High Prices
JP,2024-08-14T02:24:42.000Z,,0,22,0,0,,Apple,iPhone14,2024-11-16 11:44:45.136000,ios,0,,0,06993b41-3849-49a8-ae93-57f9495c4620,814,160,819df515-5e83-4c3b-b571-cd65a10a7ab5,2024-11-13 09:46:12.878000,v1.10 - Skipits - Existing Users,Skipits - Middle Prices
JP,2024-11-15T07:16:11.000Z,0.007766234000000001,1,7,0,0,,Apple,iPhoneSE3Gen,2024-11-16 11:45:34.687000,ios,0.007766234000000001,,0,7b0a49c2-a79e-4c8b-a788-552a36262adf,428,12,6f571495-4249-40f1-88e0-798fa97316c6,2024-11-15 07:16:19.250000,v1.10 - Skipits - New Users,Skipits - Middle Prices
JP,2024-11-09T03:55:55.000Z,0.0068191077768402115,2,14,0,0,,Apple,iPhone14,2024-11-16 11:46:24.856000,ios,0.0068191077768402115,,0,035bcf23-b951-4548-8824-0b6cefbe13ee,678,45,10f3626b-ab53-4096-857c-aaa2f54e33f2,2024-11-09 03:56:03.238000,v1.10 - Skipits - New Users,Skipits - Middle Prices
IT,2024-10-18T19:39:38.000Z,0.0020402352503813685,2,15,0,0,com.android.vending,samsung,SM-A546B,2024-11-16 11:47:11.372000,android,0.0020402352503813685,,0,cbbc4d2f-9c74-4f28-a0a8-d1127b34a5a8,563,122,5276cf88-995b-4a4b-8544-3de6c06cad8d,2024-11-09 23:34:13.205000,v1.10 - Skipits - Existing Users,Control
JP,2024-11-10T23:57:20.000Z,0.014171075642506283,7,34,0,0,,Apple,iPhone14Pro,2024-11-16 11:49:36.969000,ios,0.014171075642506283,,0,53f7c756-72bd-4b34-90d0-d7a050fcf148,1599,62,5633c970-1d6f-420b-aa5d-e56008433df2,2024-11-10 23:57:28.331000,v1.10 - Skipits - New Users,Control
TW,2024-11-05T12:22:10.000Z,0.010251733,1,3,0,0,,Apple,iPhone15ProMax,2024-11-16 11:50:02.765000,ios,0.010251733,,0,46255cb6-99c1-4e84-ab70-85c56a1ef244,166,61,739bf303-96af-4b17-9291-4be2a118bf48,2024-11-09 11:12:39.492000,v1.10 - Skipits - Existing Users,Skipits - Middle Prices
US,2024-10-25T09:40:41.000Z,0.1502428576653218,16,72,0,0,,Apple,"iPhone17,2",2024-11-16 11:51:46.616000,ios,0.30176449367453806,0.1515216360092163,13,311be867-a850-40f0-9269-c5ee378d6916,13060,270,790f3bab-67b5-455e-9667-44b0fe4db4d1,2024-11-09 16:18:38.529000,v1.10 - Skipits - Existing Users,Skipits - Middle Prices
JP,2024-11-01T02:52:36.000Z,0.02310477666666667,4,17,0,0,,Apple,iPhone12,2024-11-16 11:52:55.540000,ios,0.028671250666666672,0.005566474000000001,1,443442c6-5d8f-44f7-9249-0d03ef83dcfe,999,100,ed86bf30-2c25-43c1-bcb7-6f9d0e7eb429,2024-11-09 01:38:01.917000,v1.10 - Skipits - Existing Users,Skipits - Middle Prices
ID,2024-11-16T11:43:03.000Z,0.001147011,1,32,0,0,com.android.vending,INFINIX MOBILITY LIMITED,Infinix X680,2024-11-16 11:53:18.523000,android,0.001147011,,0,ab604fa4-4845-4db6-8e8c-703c61dcb92b,1199,2,d393e053-cc4f-40d1-8b4c-dc2c9f8120ff,2024-11-16 11:53:18.523000,v1.10 - Skipits - New Users,Skipits - High Prices
CZ,2024-10-14T13:30:58.000Z,0.01694894653416443,7,45,0,0,,Apple,iPhone11,2024-11-16 11:53:21.102000,ios,0.0490340276346283,0.03208508110046387,11,b9310d0c-f718-4ffc-81ae-9cf674552530,2311,97,9339ec88-ff77-445d-99fb-f117927157b0,2024-11-09 08:13:25.729000,v1.10 - Skipits - Existing Users,Skipits - High Prices
JP,2024-10-05T08:44:38.000Z,,0,46,0,0,,Apple,iPhoneSE2Gen,2024-11-16 11:55:22.448000,ios,0.07385486011999194,0.07385486011999194,15,fd63146e-05f8-4a61-904d-b3f928fb1dbf,2321,227,2031e3b4-9f79-4165-b179-f3c5758c4de3,2024-11-09 04:43:11.739000,v1.10 - Skipits - Existing Users,Skipits - Middle Prices
IT,2024-11-05T20:01:15.000Z,0.007183837343851727,4,29,0,0,,Apple,iPhone14Plus,2024-11-16 11:58:42.739000,ios,0.010723837343851727,0.00354,1,aba2a2ff-0084-4fc9-ab6f-33800011f9cf,1269,43,fb94fce6-9aae-4d26-acdd-50022b505bba,2024-11-09 14:44:00.407000,v1.10 - Skipits - Existing Users,Control
PH,2024-11-14T14:56:37.000Z,0.008409870058905136,5,38,0,0,com.android.vending,samsung,SM-G990E,2024-11-16 12:04:17.063000,android,0.010819870058905135,0.00241,1,3a4814b4-fa96-4925-80d0-852be7474fdb,1609,8,30fbaff6-7a07-44d1-a905-ce1eb3b42321,2024-11-14 14:56:46.738000,v1.10 - Skipits - New Users,Skipits - High Prices
UA,2024-11-06T14:28:56.000Z,0.002935477512611389,2,9,0,0,,Apple,iPhone11ProMax,2024-11-16 12:05:02.908000,ios,0.004355477512611389,0.00142,1,0902a51c-ef33-47e2-a627-5c29dae7c1cf,494,109,3b3e4a7e-0bbd-419e-b6f1-83392869efa9,2024-11-12 14:45:17.782000,v1.10 - Skipits - Existing Users,Skipits - Middle Prices
GB,2024-10-26T08:15:41.000Z,0.013695886967976887,2,14,0,0,,Apple,iPhone11,2024-11-16 12:06:03.204000,ios,0.03490160125369118,0.021205714285714286,4,963bbf5e-18ac-40b5-8610-222649e94a63,848,193,2c604c33-1c16-4168-a09e-19d2aa85b4e9,2024-11-09 18:34:28.386000,v1.10 - Skipits - Existing Users,Skipits - Middle Prices
TR,2024-11-15T12:12:50.000Z,0.004790270999999999,1,11,0,0,,Apple,iPhone11,2024-11-16 12:07:42.267000,ios,0.004790270999999999,,0,9ed3beff-e048-4ed4-8cf0-75dde9543fe9,428,17,11839d42-8104-4028-9b91-0c998781910a,2024-11-15 12:12:57.242000,v1.10 - Skipits - New Users,Control
KR,2024-10-29T23:07:57.000Z,,0,4,0,0,,Apple,iPhone13ProMax,2024-11-16 12:08:50.279000,ios,0.002166271,0.002166271,1,97237043-85f3-4fb3-8f6d-b978758bd20d,393,123,a9a76121-76ce-4d26-b639-7c1cfacd0926,2024-11-09 03:00:51.257000,v1.10 - Skipits - Existing Users,Control
KR,2024-10-29T15:14:42.000Z,,0,0,0,0,com.android.vending,samsung,SM-N976N,2024-11-16 12:10:05.015000,android,0,,0,cb1e5219-6a11-4bb0-8e9f-9fc482d85cd7,0,131,04a693c0-f639-4e18-8511-e6beebb189e8,2024-11-08 06:10:12.482000,v1.10 - Skipits - Existing Users,Skipits - High Prices
BR,2024-10-26T13:14:14.000Z,,0,3,0,0,com.android.vending,samsung,SM-A055M,2024-11-16 12:11:48.702000,android,0.012465601839,0.012465601839,1,603cd607-4e93-48b9-bb96-32e63794002f,157,172,a4c73836-668b-4bb2-bbbd-9a0c279f2b95,2024-11-09 17:00:38.248000,v1.10 - Skipits - Existing Users,Skipits - High Prices
VN,2024-10-04T11:05:07.000Z,0.003049202993451824,2,8,0,0,com.android.vending,samsung,SM-A057F,2024-11-16 12:13:24.394000,android,0.003049202993451824,,0,bf57d43e-5d43-4ac2-9a6a-907ad1468c38,389,128,5a1f4b8d-b061-45a1-8425-f9481ebc201d,2024-11-08 08:33:04.054000,v1.10 - Skipits - Existing Users,Skipits - Middle Prices
IN,2024-11-16T04:43:54.000Z,0.0023942148269330316,7,36,0,0,com.android.vending,vivo,V2029,2024-11-16 12:13:30.851000,android,0.0034727796269066556,0.0010785647999736242,2,7d3bc45d-7c23-44f6-97d6-3dd35217eede,1733,8,a0e90069-211f-4ea4-9967-1a812b00bf42,2024-11-16 04:43:59.943000,v1.10 - Skipits - New Users,Skipits - High Prices
QA,2024-11-08T09:45:14.000Z,0.009813839912414557,1,6,0,0,,Apple,iPhone14Pro,2024-11-16 12:13:45.782000,ios,0.009813839912414557,,0,be6ac443-f2f8-4b9f-9f05-f254b11f2606,227,18,f24e36a9-b774-45d2-8588-4d198f6111f4,2024-11-08 09:45:29.971000,v1.10 - Skipits - New Users,Control
PL,2024-11-11T12:56:12.000Z,,0,1,0,0,,Apple,iPhone14,2024-11-16 12:15:17.331000,ios,0,,0,00212946-65c1-4608-8837-e94b3d1877a8,38,10,d5689c56-b077-4f48-91a3-93ac0e7cbff7,2024-11-11 12:56:18.727000,v1.10 - Skipits - New Users,Skipits - High Prices
KW,2024-11-16T12:16:04.000Z,,0,29,0,0,,Apple,iPhoneXSMax,2024-11-16 12:16:12.514000,ios,0.02369142857142857,0.02369142857142857,1,5476b2c4-a4ae-48be-b4d3-eb41530f41e5,1065,1,e2462587-3649-424e-ba66-64696fc18ca6,2024-11-16 12:16:12.514000,v1.10 - Skipits - New Users,Skipits - Middle Prices
TR,2024-11-15T09:11:08.000Z,0.050245815117467965,7,58,0,0,,Apple,iPhoneXR,2024-11-16 12:17:45.393000,ios,0.08389478667508514,0.03364897155761719,3,a316e1ce-93c3-4573-be3e-0c39404457cc,2087,3,3da79a04-ce7f-4715-9262-ed4df2192323,2024-11-15 09:11:14.809000,v1.10 - Skipits - New Users,Skipits - Middle Prices
DK,2024-11-01T05:33:21.000Z,0.013155112483842032,3,16,0,0,,Apple,iPhone12Pro,2024-11-16 12:18:26.726000,ios,0.02686182691749682,0.013706714433654787,2,799b2df0-73bb-4ff9-a033-25425c7fa749,685,13,c9ef19ba-a20e-4439-b4a4-396dc77dfc51,2024-11-10 16:49:29.342000,v1.10 - Skipits - Existing Users,Control
PE,2024-11-16T12:18:13.000Z,,0,2,0,0,com.android.vending,Xiaomi,2212ARNC4L,2024-11-16 12:18:26.781000,android,0,,0,70a16d17-8c3d-4793-a0c1-eaff5d9d89d8,130,1,994a2d74-4288-4760-907c-a4740ecf91be,2024-11-16 12:18:26.782000,v1.10 - Skipits - New Users,Skipits - High Prices
FR,2024-11-16T12:22:43.000Z,,0,22,0,0,com.android.vending,Xiaomi,M2103K19C,2024-11-16 12:22:49.710000,android,0,,0,e5f24779-9ce8-4799-914d-fc21ee65ada0,625,1,717ad4c8-c51d-46ae-aa60-f2a7b0357733,2024-11-16 12:22:49.710000,v1.10 - Skipits - New Users,Skipits - Middle Prices
JP,2024-11-09T07:26:15.000Z,0.015862044448490868,3,8,0,0,,Apple,iPad5Gen,2024-11-16 12:23:09.584000,ios,0.019377444089289438,0.003515399640798569,1,ea116f60-3b16-423e-9b7a-c5f0c1d2635d,462,15,056ec7f0-1ea6-493c-adfa-e9ca522ce893,2024-11-09 07:26:24.398000,v1.10 - Skipits - New Users,Skipits - High Prices
UA,2024-11-15T15:18:39.000Z,0.048565830952380956,3,15,0,0,,Apple,iPhone13Pro,2024-11-16 12:23:17.196000,ios,0.048565830952380956,,0,e6f6ab81-46d5-407a-8e83-b8b9bf21a12c,781,10,c26982d7-a780-4b10-a25f-4b438dc620b3,2024-11-15 15:18:46.852000,v1.10 - Skipits - New Users,Control
IN,2024-11-08T09:25:46.000Z,0.00842144977563295,6,33,0,0,com.android.vending,Xiaomi,23090RA98I,2024-11-16 12:23:45.714000,android,0.00842144977563295,,0,48a44d40-890b-4ad1-84fb-f22282b25237,1498,8,ae45e495-690c-486c-90a2-061be3083b32,2024-11-08 09:26:01.747000,v1.10 - Skipits - New Users,Skipits - High Prices
CL,2024-11-05T03:29:01.000Z,0.003132563234584263,2,16,0,0,com.android.vending,samsung,SM-A546E,2024-11-16 12:24:17.519000,android,0.035055959937141466,0.0319233967025572,5,a84d8be8-37a3-493b-8ad5-0de894abf3c6,963,9,6d86ac75-b121-40b1-8133-176038b1e8d4,2024-11-14 22:10:12.192000,v1.10 - Skipits - Existing Users,Skipits - High Prices
US,2024-10-28T20:38:18.000Z,,0,0,0,0,,Apple,iPhone12Pro,2024-11-16 12:24:33.253000,ios,0,,0,99fa9165-e71c-467a-a77d-9285527b408f,31,78,db2243d5-878d-436d-81e0-2e5d03a95244,2024-11-09 01:26:08.244000,v1.10 - Skipits - Existing Users,Control
US,2024-10-28T08:41:17.000Z,,0,0,0,0,,Apple,iPhone13,2024-11-16 12:25:04.290000,ios,0,,0,e8f65495-73da-4b61-a67d-43acd0ed6a48,27,61,8a02e51f-b327-4d7e-a6a8-9d5a4a38f21a,2024-11-09 12:47:27.095000,v1.10 - Skipits - Existing Users,Control
DZ,2024-11-02T19:22:50.000Z,,0,10,0,0,com.android.vending,samsung,SM-A307GN,2024-11-16 12:26:27.818000,android,0,,0,0656c5a8-6576-46fe-9603-02cb86273686,320,147,459f9510-1de2-4e8b-8981-a81c5a68aafd,2024-11-15 20:38:15.544000,v1.10 - Skipits - Existing Users,Control
NO,2024-11-16T12:26:51.000Z,0.01162476190476191,1,56,0,0,,Apple,iPhone12,2024-11-16 12:26:57.747000,ios,0.09017761460274579,0.07855285269798387,5,7ead86c3-c52a-4f80-8798-429e86a884e0,1895,1,b1b275a5-f18e-4d17-a54b-952d1d83ad3a,2024-11-16 12:26:57.747000,v1.10 - Skipits - New Users,Skipits - Middle Prices
KR,2024-07-14T08:30:12.000Z,0.01809149933012857,3,12,0,0,com.android.vending,samsung,SM-F946N,2024-11-16 12:27:16.161000,android,0.04840945018556535,0.03031795085543678,3,541fb6f9-a622-4c5a-ac97-e4e02363c4e8,1018,302,eb12dce3-a966-4fd6-bb1c-15579f0de14a,2024-11-09 02:11:35.377000,v1.10 - Skipits - Existing Users,Skipits - Middle Prices
IN,2024-11-13T08:08:41.000Z,,0,25,0,0,com.android.vending,Xiaomi,22101316I,2024-11-16 12:30:05.414000,android,0,,0,4f8ab42d-ece0-4d6e-9a14-0c427ee9ceff,270,20,fe60c41d-537e-4899-a5fa-11142e8a6687,2024-11-13 15:15:22.109000,v1.10 - Skipits - Existing Users,Control
IT,2024-11-06T20:16:38.000Z,,0,4,0,0,,Apple,"iPhone17,2",2024-11-16 12:31:13.493000,ios,0,,0,6bc0ffe3-621f-4807-a0b2-11eb089ae20e,2543,32,40ac6e4c-aded-4e9c-84a1-25828cb4eca7,2024-11-12 18:22:56.443000,v1.10 - Skipits - Existing Users,Control
US,2024-11-15T11:12:09.000Z,0.08825736276197897,4,14,0,0,com.android.vending,samsung,SM-F711U,2024-11-16 12:31:51.777000,android,0.3464939031817922,0.2582365404198132,5,c8647a2d-063d-44e9-b505-4e17c07ecfd9,1486,2,e7619ddc-eb22-4c8d-982e-e410fd278eda,2024-11-15 11:12:15.915000,v1.10 - Skipits - New Users,Skipits - Middle Prices
US,2024-11-02T18:28:58.000Z,,0,4,0,0,,Apple,iPhone14ProMax,2024-11-16 12:32:17.209000,ios,0.062157500721500725,0.062157500721500725,3,ea506563-03a4-4a4f-a0d6-574aad9b9bc8,277,92,4682f6bf-440f-4c94-8f1b-6d1855a36392,2024-11-09 12:22:19.337000,v1.10 - Skipits - Existing Users,Skipits - High Prices
VN,2024-11-11T14:10:49.000Z,0.001450105547904968,0,7,0,0,,Apple,iPhoneX,2024-11-16 12:34:07.417000,ios,0.001450105547904968,,0,a5ac2e7c-456d-4a35-9896-2a28fcf5c04a,182,34,178b1f44-4344-4c9b-91b7-244d746da0d2,2024-11-11 14:10:57.317000,v1.10 - Skipits - New Users,Skipits - High Prices
TW,2024-11-16T12:34:47.000Z,0.1902270112768809,5,54,0,0,,Apple,iPhone13Pro,2024-11-16 12:34:54.472000,ios,0.6006996926688487,0.41047268139196774,9,ca85d86a-42d8-46ac-a2b7-2505b9c78117,3171,1,3c9078ff-0194-4a95-9079-dd35f48f7442,2024-11-16 12:34:54.472000,v1.10 - Skipits - New Users,Skipits - High Prices
JP,2024-10-25T18:17:24.000Z,0.0037371428571428573,2,15,0,0,,Apple,iPhoneSE3Gen,2024-11-16 12:36:04.160000,ios,0.05110152030211386,0.047364377444971004,11,db709fb2-fbed-4470-bc9d-68f8e63acee6,1432,130,fd573081-9994-4551-80c8-dccad7127def,2024-11-16 11:47:55.974000,v1.10 - Skipits - Existing Users,Skipits - High Prices
ID,2024-10-30T14:59:27.000Z,0.0345132131576538,3,42,0,0,,Apple,iPhone15,2024-11-16 12:36:54.420000,ios,0.2333582900802612,0.19884507692260742,14,58765e16-7eeb-4901-a6b4-a73775620e22,2302,6,30210273-5a2f-40a7-b5d5-18e091be6ab1,2024-11-16 12:36:54.420000,v1.10 - Skipits - Existing Users,Skipits - Middle Prices
PH,2024-11-10T04:20:58.000Z,,0,3,0,0,,Apple,iPhone13Pro,2024-11-16 12:37:49.838000,ios,0.02206506792199044,0.02206506792199044,6,6c162bde-08ca-4479-9847-7e193128f940,476,67,8193546f-a2f9-4b7c-9cd6-2820261d2c73,2024-11-10 04:21:09.811000,v1.10 - Skipits - New Users,Control
FR,2024-11-16T08:34:16.000Z,,0,0,0,0,,Apple,iPhone11,2024-11-16 12:39:34.031000,ios,0,,0,6b9210e6-1de0-4c91-b7fb-8801a308d2e6,7,2,949d858b-aaa2-48c7-998a-04a3379a7c47,2024-11-16 08:34:22.487000,v1.10 - Skipits - New Users,Control
AU,2024-11-15T22:25:16.000Z,,0,12,0,0,com.android.vending,Google,Pixel 7 Pro,2024-11-16 12:39:35.897000,android,0.05209764543429844,0.05209764543429844,1,49ba3db3-bbc2-4ea0-a745-40d67021fb28,464,4,84d258c2-0821-468d-ac91-16a6385c63d3,2024-11-15 22:25:23.746000,v1.10 - Skipits - New Users,Skipits - Middle Prices
ID,2024-10-17T06:34:50.000Z,0.003469716000000002,1,10,0,0,,Apple,iPhone13Pro,2024-11-16 12:39:59.868000,ios,0.003469716000000002,,0,f820623b-e80f-40cf-b300-fe835bd7dcbb,324,132,cc309917-5ae2-4e59-9c34-c92713e3388c,2024-11-10 06:11:50.897000,v1.10 - Skipits - Existing Users,Skipits - Middle Prices
PE,2024-11-12T13:55:13.000Z,0.000736592,0,0,0,0,com.android.vending,HONOR,CMA-LX3,2024-11-16 12:40:30.683000,android,0.000736592,,0,520f4bef-0b6a-4400-a6a2-7d10c58ec3ac,26,15,db783aab-4e5e-4e8e-bec7-70d0341e6da8,2024-11-12 13:55:26.297000,v1.10 - Skipits - New Users,Skipits - Middle Prices
VN,2024-11-16T07:41:31.000Z,,1,3,0,0,com.android.vending,OPPO,CPH1937,2024-11-16 12:40:55.661000,android,0,,0,dce925da-3b59-45db-b5d2-d4043d4635de,139,8,d5469f0f-8f0c-430d-a56a-6032601d0654,2024-11-16 07:41:39.826000,v1.10 - Skipits - New Users,Skipits - High Prices
FR,2024-08-03T08:49:48.000Z,,0,19,0,0,com.android.vending,samsung,SM-G991B,2024-11-16 12:41:11.248000,android,0,,0,fbbbdc3a-5deb-4cc3-a0da-5a3b8e3a442d,743,114,3ab33bcd-ee4f-4c54-aeb4-04722970b55b,2024-11-13 21:15:10.989000,v1.10 - Skipits - Existing Users,Control
IN,2024-10-29T13:32:32.000Z,0.00979015856699524,18,131,0,0,com.android.vending,Xiaomi,2210132G,2024-11-16 12:41:18.234000,android,0.06502619202314805,0.055236033456152814,56,e7a72281-e593-4b45-83cc-55a291b0f762,7713,36,3744e0df-6839-49c1-bff1-a2686b794673,2024-11-10 13:02:35.661000,v1.10 - Skipits - Existing Users,Skipits - Middle Prices
BR,2024-11-16T12:41:30.000Z,0.00252199125289917,0,25,0,0,com.android.vending,samsung,SM-M346B,2024-11-16 12:41:38.922000,android,0.00252199125289917,,0,0b321783-e24e-4037-bd24-2886e691a254,1005,1,26bf38a1-fb7a-422f-ae84-23fc7d2569aa,2024-11-16 12:41:38.922000,v1.10 - Skipits - New Users,Control
KR,2024-10-29T23:07:57.000Z,,0,14,0,0,,Apple,iPhone13ProMax,2024-11-16 12:42:58.304000,ios,0.01708000055555556,0.01708000055555556,5,d56cd5fc-a7d5-4a48-98a0-0307b2777882,13553,125,a9a76121-76ce-4d26-b639-7c1cfacd0926,2024-11-09 03:00:51.257000,v1.10 - Skipits - Existing Users,Control
VN,2024-10-13T18:23:04.000Z,0.0009780952380952378,1,6,0,0,,Apple,iPhoneX,2024-11-16 12:49:25.295000,ios,0.0009780952380952378,,0,db2c1c57-7c8e-4d0b-b549-c667bf72d551,271,24,9e80ce26-6529-488a-8b86-ec7bcea006d5,2024-11-12 11:56:08.894000,v1.10 - Skipits - Existing Users,Control
CO,2024-11-02T18:51:52.000Z,,0,9,0,0,,Apple,iPhone13,2024-11-16 12:51:45.112000,ios,0.008498437614440916,0.008498437614440916,2,b2151159-8a0f-4abc-b742-2012c1f8845a,360,89,7ccf1be7-81ac-4cec-aafb-d5f34dfe4d06,2024-11-09 02:40:36.561000,v1.10 - Skipits - Existing Users,Control
IN,2024-11-16T12:10:49.000Z,,0,0,0,0,com.android.vending,Google,Pixel 6a,2024-11-16 12:55:48.136000,android,0.0030611671076,0.0030611671076,0,4fc2d666-f477-4d3f-a71c-b70a926c552a,36,2,fc6b30e0-5f1f-4b54-8b36-5c6aac1c2279,2024-11-16 12:10:54.574000,v1.10 - Skipits - New Users,Skipits - Middle Prices
BR,2024-11-14T01:07:07.000Z,0.0005220099999999999,1,17,0,0,com.android.vending,motorola,moto g24,2024-11-16 12:59:11.327000,android,0.008069672906908307,0.007547662906908307,4,28c22586-519e-4fa8-ba82-c361a3f8c707,1129,41,dc2ceef1-f517-4e29-87ce-e9b670e3f260,2024-11-14 01:07:16.097000,v1.10 - Skipits - New Users,Skipits - High Prices
JP,2024-10-26T09:24:34.000Z,0.010370148666666665,4,38,0,0,,Apple,iPhoneXS,2024-11-16 13:00:29.973000,ios,0.04903162248667655,0.038661473820009874,13,bb2e9ea9-d18f-4fbf-9a55-b9205ea220dc,1880,60,a4ec81d4-06cb-49ca-a473-4bd5958d2b03,2024-11-09 11:10:41.169000,v1.10 - Skipits - Existing Users,Skipits - High Prices
JP,2024-10-24T11:58:49.000Z,0.024957493832257226,6,10,0,0,,Apple,iPhoneXR,2024-11-16 13:01:17.335000,ios,0.06482001147845387,0.03986251764619664,8,7cad8c76-8fc2-48f9-8a47-e0ffdcccc5b6,1365,19,4f8ba6c9-034d-4542-8e13-8e8d1d7aca5f,2024-11-15 08:34:42.146000,v1.10 - Skipits - Existing Users,Control
PL,2024-10-24T08:40:29.000Z,0.004019839347572328,3,25,0,0,com.android.vending,Xiaomi,22101316G,2024-11-16 13:01:19.086000,android,0.010876685441703796,0.00685684609413147,2,832cc317-8255-47d1-8c94-fc5f8c77d584,996,194,70d78163-ea50-41e9-a416-51e9cece8819,2024-11-09 08:46:45.656000,v1.10 - Skipits - Existing Users,Control
JP,2024-10-08T12:17:48.000Z,0.01971503608667694,19,78,0,0,,Apple,iPad10Gen,2024-11-16 13:02:18.756000,ios,0.053070516657916504,0.03335548057123957,26,6b397850-39f4-499c-950f-d54ad935da93,6157,122,286d8de5-38fd-4388-84b0-4974bde7d55d,2024-11-11 09:57:16.753000,v1.10 - Skipits - Existing Users,Skipits - Middle Prices
EG,2024-09-26T09:07:32.000Z,,0,1,0,0,com.android.vending,realme,RMX2020,2024-11-16 13:05:54.013000,android,0,,0,3f9a209e-842e-4da3-b445-4be027e071c5,88,46,feddb98b-c747-45e3-ae42-a28a29912dac,2024-11-16 11:04:29.216000,v1.10 - Skipits - Existing Users,Control
TH,2024-06-14T07:35:29.000Z,0.003181294,1,14,0,0,com.android.vending,OPPO,CPH2247,2024-11-16 13:06:58.486000,android,0.039249584186410086,0.036068290186410085,7,f7a3da64-10d7-45b3-823b-fb9aedd1df7f,1010,121,2d552d34-4ada-410a-8b63-46e69d73ba6e,2024-11-09 01:34:03.688000,v1.10 - Skipits - Existing Users,Control
SV,2024-11-16T13:08:14.000Z,,0,24,0,0,,Apple,iPhone11,2024-11-16 13:08:22.495000,ios,0,,0,e974bf45-366a-45bc-a3f0-93b0ea4dbcbf,863,1,36a0de04-3928-49ab-b029-025b76580d20,2024-11-16 13:08:22.495000,v1.10 - Skipits - New Users,Skipits - Middle Prices
EG,2024-09-26T09:07:32.000Z,0.00041967,1,42,0,0,com.android.vending,realme,RMX2020,2024-11-16 13:08:30.336000,android,0.004620967655591826,0.004201297655591825,5,ddcc8b6b-6656-4a1d-b1d0-08392f8b7d65,1941,47,feddb98b-c747-45e3-ae42-a28a29912dac,2024-11-16 11:04:29.216000,v1.10 - Skipits - Existing Users,Control
DE,2024-09-30T14:35:21.000Z,0.04210036865234376,2,19,0,0,,Apple,iPhone15ProMax,2024-11-16 13:09:31.356000,ios,0.09005076232910157,0.04795039367675781,2,15fe0799-d929-413c-a451-eefde2dba8b6,848,23,0410c0a3-9d61-4939-b220-ce7b42aedbe7,2024-11-15 14:32:19.568000,v1.10 - Skipits - Existing Users,Control
ES,2024-11-15T09:58:47.000Z,0.03647960548860686,3,21,0,0,com.android.vending,Xiaomi,Redmi Note 8,2024-11-16 13:16:02.530000,android,0.03647960548860686,,0,b50fdac7-5893-4e04-842e-7e03dbdb01cd,933,3,c31cb6c4-72bd-408d-b236-c4797f1567ec,2024-11-15 09:58:55.604000,v1.10 - Skipits - New Users,Control
ID,2024-10-25T12:37:19.000Z,,1,1,0,0,com.android.vending,vivo,V2332,2024-11-16 13:18:02.208000,android,0,,0,77f73abc-8143-4361-b251-f33aa84234bc,69,60,501afae0-72dc-4e91-b6ee-0027803df8fd,2024-11-09 06:23:41.049000,v1.10 - Skipits - Existing Users,Control
US,2024-11-09T14:51:56.000Z,0.022148117,1,15,0,0,,Apple,iPhone15,2024-11-16 13:19:01.848000,ios,0.07571765495935058,0.053569537959350585,2,438ee769-2517-44eb-a4dc-3539e4f4a316,588,14,a058101e-af8a-4e7d-9910-0c624b960ef8,2024-11-09 14:52:02.707000,v1.10 - Skipits - New Users,Skipits - Middle Prices
US,2024-11-11T22:44:24.000Z,,0,18,0,0,com.android.vending,samsung,SM-N986U,2024-11-16 13:19:05.753000,android,0.6811604630000001,0.6811604630000001,0,fd68db22-1bb9-48fc-be15-53292171f3df,551,20,44707d28-db91-45ba-8866-bb51164c60f1,2024-11-11 22:44:31.831000,v1.10 - Skipits - New Users,Control
BR,2024-11-14T01:07:07.000Z,0.0014781619999999999,2,17,0,0,com.android.vending,motorola,moto g24,2024-11-16 13:22:39.590000,android,0.005772946127243042,0.004294784127243042,3,0139b6c5-663f-4e1c-b80b-e87f1710e038,1001,42,dc2ceef1-f517-4e29-87ce-e9b670e3f260,2024-11-14 01:07:16.097000,v1.10 - Skipits - New Users,Skipits - High Prices
UZ,2024-07-28T04:59:27.000Z,,0,1,0,0,com.android.vending,Xiaomi,23053RN02A,2024-11-16 13:22:45.398000,android,0,,0,2d32c5f2-71e0-40fa-a679-4b2e079943cc,80,286,4ed7a11e-7bdc-491f-8e2e-64c713679c62,2024-11-11 11:14:48.291000,v1.10 - Skipits - Existing Users,Control
GB,2024-11-02T14:43:21.000Z,0.008704936027526856,2,14,0,0,,Apple,iPhone13,2024-11-16 13:23:48.293000,ios,0.008704936027526856,,0,556b6d9e-7bb2-4c58-8377-2d7f3dd1bf92,501,87,57cf9fe8-a9c0-4ceb-af4b-f6f9c5a03339,2024-11-10 07:50:16.100000,v1.10 - Skipits - Existing Users,Control
GB,2024-08-28T20:51:39.000Z,,0,1,0,0,,Apple,iPhone12Mini,2024-11-16 13:28:26.106000,ios,0,,0,3510eff0-8ec6-404a-bf28-dfb8b3086e96,18,63,9c038f01-9f9d-48b4-b0c1-3be807d54f10,2024-11-12 08:00:35.786000,v1.10 - Skipits - Existing Users,Control
KR,2024-11-15T02:31:33.000Z,0.013774784129890805,4,11,0,0,,Apple,iPhone13ProMax,2024-11-16 13:29:43.130000,ios,0.04391117953710865,0.030136395407217846,6,c03a669f-b0a8-4634-ba97-c9ac62b999dd,1057,11,424319cb-e1a4-400e-b4d8-f0a0d1d10403,2024-11-15 02:31:41.487000,v1.10 - Skipits - New Users,Skipits - High Prices
MX,2024-11-01T18:26:49.000Z,0.002311391,0,25,0,0,com.android.vending,Xiaomi,2201116PG,2024-11-16 13:30:16.700000,android,0.002311391,,0,5a6d1ee3-040e-45bd-8bbc-01df92d702e3,947,13,9a27403c-6093-4ba5-87ee-1c117af699d0,2024-11-10 14:52:32.337000,v1.10 - Skipits - Existing Users,Control
US,2024-10-17T13:33:16.000Z,0.03915868267752057,5,24,0,0,,Apple,iPhone14ProMax,2024-11-16 13:30:22.962000,ios,0.11939461736895735,0.08023593469143678,9,fac2505b-d7bc-423f-8c40-100a5d275974,2111,133,7794426d-6bdd-4627-8542-1ebbe7e668a0,2024-11-09 02:38:58.286000,v1.10 - Skipits - Existing Users,Control
JP,2024-11-14T14:57:02.000Z,,0,4,0,0,com.android.vending,Sony,SO-53B,2024-11-16 13:33:05.772000,android,0,,0,90f4e1b4-6990-45b0-a0ba-31d4905e8016,127,2,c25cafa8-c9b7-4aeb-80c2-c073270887b0,2024-11-14 14:57:10.425000,v1.10 - Skipits - New Users,Control
CZ,2024-11-10T15:28:51.000Z,,0,4,0,0,com.android.vending,Xiaomi,22111317G,2024-11-16 13:33:20.287000,android,0,,0,f14f076f-ff31-408c-98fc-acdabceb1b81,125,110,f9e96a70-2bde-47aa-9ea2-395c63b468d2,2024-11-10 15:29:00.027000,v1.10 - Skipits - New Users,Control
VN,2024-11-16T05:26:32.000Z,0.003979006813000001,6,45,0,0,com.android.vending,Xiaomi,2201116SG,2024-11-16 13:34:23.963000,android,0.03195726607751796,0.02797825926451796,4,f30623ba-b710-43d5-ac57-607b4a47b89c,1865,3,f2bd3795-17c6-4f34-855c-2fae232ac1f4,2024-11-16 05:26:40.790000,v1.10 - Skipits - New Users,Control
MY,2024-09-15T06:35:11.000Z,0.021748019613665664,6,30,0,0,com.android.vending,Xiaomi,23124RN87G,2024-11-16 13:34:29.776000,android,0.07958997119469333,0.057841951581027666,5,f7c04b05-55d2-4a64-802f-cee685eda5f5,1607,273,e43420fd-ecf9-4089-ab0f-a41359167e2b,,v1.10 - Skipits - Existing Users,Skipits - High Prices
AR,2024-11-12T15:15:28.000Z,,0,0,0,0,com.android.vending,motorola,moto g200 5G,2024-11-16 13:34:52.291000,android,0,,1,5da96fcb-af59-4490-ae48-ed2d6ad801e7,2,38,cfdd1832-7922-4c03-a503-79d62cb8471a,2024-11-12 15:15:37.220000,v1.10 - Skipits - New Users,Skipits - High Prices
IT,2024-11-09T09:48:19.000Z,0.01718095616928827,6,31,0,0,,Apple,iPhoneX,2024-11-16 13:35:58.331000,ios,0.022981807514350524,0.005800851345062256,1,f20ea9e9-2b16-4b0a-a09c-5e125f7012a2,1430,16,e5132e19-dd82-42de-88eb-389e51f912a5,2024-11-09 09:48:26.432000,v1.10 - Skipits - New Users,Skipits - Middle Prices
US,2024-11-01T08:55:22.000Z,0.01264857142857143,1,0,0,0,,Apple,iPhone13ProMax,2024-11-16 13:40:47.138000,ios,0.041212428571428567,0.02856385714285714,2,2df65dd0-365a-4026-b48c-0669e115101c,260,41,ca237146-b08a-41ca-bd6a-bd73e3a7e26a,2024-11-09 21:29:16.994000,v1.10 - Skipits - Existing Users,Skipits - High Prices
IN,2024-10-29T05:31:42.000Z,,0,0,0,0,com.android.vending,Xiaomi,23090RA98I,2024-11-16 13:40:52.566000,android,0,,0,e4beee85-52aa-44b5-9344-6cc2cadbd7b9,3,105,308ffaab-ef3e-4620-b046-7f126e6af7cb,2024-11-14 15:34:45.389000,v1.10 - Skipits - Existing Users,Skipits - High Prices
BR,2024-10-07T15:13:48.000Z,0.0081533307163,4,24,0,0,com.android.vending,samsung,SM-M236B,2024-11-16 13:43:22.039000,android,0.01633444548000454,0.00818111476370454,2,b1fe1851-0647-44b5-9a39-2a0136b9f18a,1159,49,9c6aba7b-8051-4c74-bd7c-225efe032041,2024-11-09 20:35:55.696000,v1.10 - Skipits - Existing Users,Control
JP,2024-10-25T12:03:30.000Z,0.022030081863460088,4,24,0,0,,Apple,iPhone15Pro,2024-11-16 13:44:33.760000,ios,0.11309184536588215,0.0910617635024221,14,1313f727-5eba-4356-b311-9e3a05e52741,3061,190,e4e88985-24ea-4ea7-b86d-daed31ddf207,2024-11-08 23:12:39.616000,v1.10 - Skipits - Existing Users,Skipits - Middle Prices
GB,2024-11-03T23:26:00.000Z,0.031165345059863903,1,13,0,0,com.android.vending,Google,Pixel 8 Pro,2024-11-16 13:45:25.613000,android,0.07627175604008851,0.04510641098022461,1,8e87e44f-e6fa-4f90-b48c-5348e703913a,581,11,298db700-bbea-4a2d-b424-1967703a5485,2024-11-09 08:25:10.992000,v1.10 - Skipits - Existing Users,Skipits - High Prices
US,2024-08-31T17:11:50.000Z,0.073937362,2,15,0,0,,Apple,iPhone15Plus,2024-11-16 13:45:36.764000,ios,0.073937362,,0,5738f7fe-e9a1-4e80-abe7-d6c35e3536f9,643,271,cde917ff-f8b0-4ffd-b363-261e49f81c3a,2024-11-09 21:06:09.573000,v1.10 - Skipits - Existing Users,Control
IN,2024-10-29T05:31:42.000Z,0.0007467400000000001,2,10,0,0,com.android.vending,Xiaomi,23090RA98I,2024-11-16 13:46:02.984000,android,0.0007467400000000001,,0,59edbfac-8850-48b2-acff-7266a7bb2c29,310,106,308ffaab-ef3e-4620-b046-7f126e6af7cb,2024-11-14 15:34:45.389000,v1.10 - Skipits - Existing Users,Skipits - High Prices
US,2024-11-15T21:47:16.000Z,,0,0,0,0,,Apple,iPhone12Pro,2024-11-16 13:47:54.895000,ios,0,,0,0103c5b2-5360-4990-bc25-6ed7cf0764f1,4,8,d87f10eb-99f0-4732-bcea-4d23981b71ac,2024-11-15 21:47:22.763000,v1.10 - Skipits - New Users,Skipits - High Prices
PK,2024-11-16T13:47:11.000Z,,0,4,0,0,com.android.vending,vivo,vivo Y17,2024-11-16 13:47:55.045000,android,0,,0,835af5be-78fd-4201-baaf-0473603f2285,125,1,95264746-47ab-419a-940f-19ff324fd4ab,2024-11-16 13:47:55.045000,v1.10 - Skipits - New Users,Skipits - Middle Prices
JP,2024-11-15T00:23:59.000Z,0.02495899200439453,1,20,0,0,,Apple,iPhone14ProMax,2024-11-16 13:48:03.662000,ios,0.02495899200439453,,0,0c071523-7f12-4974-98f3-0be6112bfa2e,595,6,c1d13b8c-1c76-44d1-9182-abddb09f8dbe,2024-11-15 00:24:07.481000,v1.10 - Skipits - New Users,Skipits - High Prices
TR,2024-11-14T09:46:22.000Z,0.000277874,1,4,0,0,com.android.vending,LGE,LM-Q610.FG,2024-11-16 13:48:22.711000,android,0.001446880468761626,0.001169006468761626,3,b0b2b65b-1e9f-4e65-8426-7ad4faba89da,387,48,50632a07-61bc-4bb9-821a-6764b3d850d2,2024-11-14 09:46:33.650000,v1.10 - Skipits - New Users,Control
TR,2024-11-16T10:53:56.000Z,0.007974265618528572,3,7,0,0,com.android.vending,samsung,SM-A705FN,2024-11-16 13:50:57.544000,android,0.021543246207783338,0.013568980589254766,1,f4744b46-b745-4d48-8f11-350ad62a58f3,562,3,e6aee96c-f056-4de1-8c86-f5d393e83f9a,2024-11-16 10:54:03.968000,v1.10 - Skipits - New Users,Skipits - Middle Prices
US,2024-11-08T00:21:44.000Z,0.042819885253906245,2,18,0,0,,Apple,iPhone14Pro,2024-11-16 13:52:22.882000,ios,0.042819885253906245,,0,6a2879c9-c0e4-41eb-90e1-78be80b9f661,664,22,f068e46b-14b6-40dd-91ac-224a16bc10b7,2024-11-08 00:21:52.157000,v1.10 - Skipits - New Users,Control
ID,2024-07-22T07:12:14.000Z,,0,6,0,0,,Apple,iPhone13,2024-11-16 13:53:55.979000,ios,0,,0,5e77db9a-c2bd-4c49-a8eb-4924655cac0a,120,464,c8cffebf-1262-47fe-8723-a7077ec73015,2024-11-10 11:03:34.772000,v1.10 - Skipits - Existing Users,Control
IT,2024-10-11T14:22:23.000Z,0.0015733,2,23,0,0,com.android.vending,samsung,SM-A356B,2024-11-16 13:53:58.340000,android,0.016152412531748272,0.014579112531748272,14,c5664619-7904-42ac-9be7-1821a9d58855,1482,100,f569d3a1-906a-4203-bf7d-32804f12ab02,2024-11-09 08:49:37.882000,v1.10 - Skipits - Existing Users,Skipits - Middle Prices
KR,2024-11-08T05:59:19.000Z,0.1579132575757558,5,33,0,0,com.android.vending,samsung,SM-S911N,2024-11-16 13:55:38.803000,android,0.44647535155519286,0.2885620939794371,4,687af89d-03bd-4798-acb8-2258730aa3ee,1739,14,06c69c5a-d983-4b89-aac9-d050120b3cd7,2024-11-08 05:59:27.811000,v1.10 - Skipits - New Users,Skipits - Middle Prices
GB,2024-10-26T11:29:32.000Z,,0,82,0,0,,Apple,iPhone13ProMax,2024-11-16 13:55:54.826000,ios,0.9602622104907227,0.9602622104907227,9,83a2f125-a893-49b7-b557-28b95b86747e,3022,89,d8f04dc8-0a45-440f-ad78-47db7f4b0437,2024-11-09 16:07:43.419000,v1.10 - Skipits - Existing Users,Control
IN,2024-11-10T14:45:54.000Z,0.002677247723440135,2,14,0,0,com.android.vending,samsung,SM-S711B,2024-11-16 13:55:55.543000,android,0.002677247723440135,,0,df58ae1b-aae2-4246-b4d9-97d4b1f41353,671,22,83fcb9f4-e220-44cd-b6c1-c829ddfbbcde,2024-11-10 14:46:01.444000,v1.10 - Skipits - New Users,Control
GB,2024-11-03T15:48:56.000Z,0.08926010482036864,4,29,0,0,,Apple,iPhone13ProMax,2024-11-16 13:56:37.598000,ios,0.34244273933022723,0.2531826345098586,8,444bd674-ab3f-4e7b-a45a-0edb5e7718df,1902,67,295db446-aa66-46c5-b4ff-e26f08046dac,2024-11-13 18:18:42.500000,v1.10 - Skipits - Existing Users,Control
US,2024-11-16T13:59:00.000Z,,0,15,0,0,,Apple,iPhone14ProMax,2024-11-16 13:59:08.066000,ios,0,,0,29b2477d-798a-4931-9f76-efaada4fc5e9,369,1,5ce439cf-a3b8-4375-abad-9ccf53b02e1f,2024-11-16 13:59:08.066000,v1.10 - Skipits - New Users,Skipits - High Prices
US,2024-11-04T16:14:34.000Z,0.0355469699489648,6,30,0,0,com.android.vending,samsung,SM-S921U,2024-11-16 14:02:33.374000,android,0.0355469699489648,,0,32eca078-8eff-47b6-bf8b-6b5b6f6424e2,1284,34,c2f9e2e3-69fb-49b4-b826-803f333d711a,2024-11-12 12:45:30.938000,v1.10 - Skipits - Existing Users,Skipits - Middle Prices
JP,2024-11-16T02:12:28.000Z,0.036207735297267646,6,40,0,0,com.android.vending,Xiaomi,2107113SR,2024-11-16 14:04:44.599000,android,0.1234053423905269,0.08719760709325926,4,01790be7-11aa-4d4d-a2cd-60819dc8a5c2,1897,4,ebd1104d-902e-41b3-b5e7-e7a49bf221df,2024-11-16 02:12:36.655000,v1.10 - Skipits - New Users,Skipits - Middle Prices
EC,2024-10-08T00:27:53.000Z,,0,10,0,0,com.android.vending,Xiaomi,2201117TG,2024-11-16 14:04:47.004000,android,0.01132707440803309,0.01132707440803309,5,4a26fd65-5352-4644-91b4-e38ff47367e1,593,59,2b51feb0-8951-4003-bd57-2f2a781aa41b,2024-11-09 01:01:52.953000,v1.10 - Skipits - Existing Users,Skipits - Middle Prices
US,2024-11-10T13:13:33.000Z,,0,0,0,0,,Apple,iPhone15Pro,2024-11-16 14:05:34.429000,ios,0,,0,2655c076-e9cc-4f6a-98fb-68899833fcf6,0,30,d61a50bd-2079-4fa5-8552-de7a1a0e74c1,2024-11-10 13:13:39.113000,v1.10 - Skipits - New Users,Skipits - Middle Prices
US,2024-11-10T13:13:33.000Z,,0,1,0,0,,Apple,iPhone15Pro,2024-11-16 14:05:34.533000,ios,0,,0,7ba4c5e6-0161-4e8a-b06f-6a376846d233,45,33,d61a50bd-2079-4fa5-8552-de7a1a0e74c1,2024-11-10 13:13:39.113000,v1.10 - Skipits - New Users,Skipits - Middle Prices
BR,2024-09-25T14:02:48.000Z,,0,0,0,0,com.android.vending,motorola,moto g84 5G,2024-11-16 14:07:13.061000,android,0,,0,c6a0808c-04dc-4f29-ad59-c2af39a200f9,0,155,dfb4ffa6-f2a5-4b4b-9a97-d0be340f31a1,2024-11-12 11:19:52.196000,v1.10 - Skipits - Existing Users,Skipits - Middle Prices
UA,2024-10-31T11:20:57.000Z,0.017086546724830984,4,34,0,0,com.android.vending,samsung,SM-G991B,2024-11-16 14:07:14.905000,android,0.038308296353727574,0.021221749628896586,3,5b5aa817-b1bc-4a00-82ad-2cdfcec64457,1603,23,b06a259b-7ded-44b1-be1b-7190bb14ff74,2024-11-11 12:44:13.131000,v1.10 - Skipits - Existing Users,Skipits - Middle Prices
DZ,2024-11-14T12:03:26.000Z,0.0007947079611074356,4,36,0,0,com.android.vending,samsung,SM-M146B,2024-11-16 14:07:18.163000,android,0.0034838230813823493,0.002689115120274914,5,68b223d9-ca8b-42bc-9f8f-4d9fea51201d,1784,6,ddc5af99-ca0f-47a7-9bcd-a277946e991d,2024-11-14 12:03:34.064000,v1.10 - Skipits - New Users,Control
US,2024-10-17T13:33:16.000Z,,0,1,0,0,,Apple,iPhone14ProMax,2024-11-16 14:08:41.620000,ios,0,,0,06afac4c-8164-4892-a50e-759a3f053c42,23,136,7794426d-6bdd-4627-8542-1ebbe7e668a0,2024-11-09 02:38:58.286000,v1.10 - Skipits - Existing Users,Control
CZ,2024-11-10T15:28:51.000Z,,0,1,0,0,com.android.vending,Xiaomi,22111317G,2024-11-16 14:09:01.248000,android,0,,0,af814a00-eace-40ce-a478-e1a99c6b81aa,65,118,f9e96a70-2bde-47aa-9ea2-395c63b468d2,2024-11-10 15:29:00.027000,v1.10 - Skipits - New Users,Control
NL,2024-10-10T09:21:30.000Z,0.004609387874603271,1,3,0,0,,Apple,iPhone13,2024-11-16 14:10:28.041000,ios,0.004609387874603271,,0,26209d9c-ba19-49a9-8919-3a89eadd445e,434,115,17c42b62-73e5-40fd-ac51-ef3e4e38eb40,2024-11-09 16:35:05.408000,v1.10 - Skipits - Existing Users,Skipits - Middle Prices
ID,2024-10-18T07:15:31.000Z,0.005772292,4,17,0,0,com.android.vending,samsung,SM-M336B,2024-11-16 14:10:45.883000,android,0.010603004535344015,0.004830712535344015,1,378844c8-c350-4982-bb61-5da09c68d726,1146,216,fc288ee5-530c-4a28-a01c-7d63bd68110c,2024-11-11 01:07:14.210000,v1.10 - Skipits - Existing Users,Skipits - High Prices
EG,2024-11-08T16:39:12.000Z,0.01158470574443999,5,58,0,0,com.android.vending,samsung,SM-A528B,2024-11-16 14:11:43.001000,android,0.029078240744439984,0.017493534999999998,5,69b01186-8fd3-4c2d-a5af-fb3383457f0a,2722,45,0582f17a-5344-478a-a56c-ff9cf8db2ef0,2024-11-08 16:39:19.155000,v1.10 - Skipits - New Users,Skipits - High Prices
US,2024-10-12T17:31:39.000Z,,0,9,0,0,,Apple,iPhone8,2024-11-16 14:11:52.428000,ios,0,,0,bde6288d-d8ab-432b-91bf-a92a9e3e39c4,401,37,40cea2b7-7f73-412f-930f-d8abb201dcc0,2024-11-10 15:12:56.833000,v1.10 - Skipits - Existing Users,Skipits - Middle Prices
JP,2024-09-12T09:40:51.000Z,0.01691862998772757,4,10,0,0,,Apple,iPhone15,2024-11-16 14:12:11.032000,ios,0.02142944968295052,0.004510819695222946,1,4afcf08e-2eed-4b31-8f36-81c0e73a79b0,2924,136,8df19084-4bb7-4d19-bf7a-b5f30a8c4a4b,2024-11-09 05:37:37.254000,v1.10 - Skipits - Existing Users,Skipits - Middle Prices
BR,2024-09-14T02:13:52.000Z,0.0047715162571,2,15,0,0,com.android.vending,samsung,SM-M526B,2024-11-16 14:14:20.456000,android,0.0119663482571,0.007194832,1,d6c045ba-3779-45dc-a2d2-213d68e8cf12,892,84,6b5577c2-7549-4ca2-bc4d-4e475309439a,2024-11-10 16:07:10.220000,v1.10 - Skipits - Existing Users,Skipits - High Prices
PL,2024-11-16T00:01:40.000Z,,0,0,0,0,com.android.vending,HUAWEI,BLA-L29,2024-11-16 14:15:51.970000,android,0,,0,005e2e8d-aba3-49cb-ba9a-dbbdedd09f0e,1,2,08a02fa0-556e-455e-a2d5-f534881eaac5,2024-11-16 00:01:47.247000,v1.10 - Skipits - Existing Users,Skipits - Middle Prices
JP,2024-11-16T14:15:55.000Z,0.165649107825509,22,168,0,0,,Apple,iPhone15,2024-11-16 14:16:02.834000,ios,0.5868752779915319,0.4212261701660229,52,482f4aba-3e0c-4272-b528-8ac49b3c5d97,9891,1,635ee917-1f43-47fb-9d62-decf5e1bbf47,2024-11-16 14:16:02.834000,v1.10 - Skipits - New Users,Control
KR,2024-10-23T07:15:36.000Z,,0,3,0,0,com.android.vending,samsung,SM-S926N,2024-11-16 14:17:15.368000,android,0,,0,6655a1ae-552a-45e1-884f-68c795a4d953,107,201,ba2e2f18-78bb-425d-bd5f-f047117bdbd4,2024-11-10 03:08:08.882000,v1.10 - Skipits - Existing Users,Skipits - Middle Prices
CA,2024-11-16T05:58:21.000Z,0.08471014740599996,13,81,0,0,,Apple,iPhone13,2024-11-16 14:17:16.385000,ios,0.08471014740599996,,0,3b4c5fa5-4354-429a-87e8-da4e9f0a6876,2856,7,5246d1b3-7202-4a72-95c4-f57905d407ba,2024-11-16 05:58:28.556000,v1.10 - Skipits - New Users,Skipits - Middle Prices
US,2024-10-12T17:16:41.000Z,0.03403030471428572,7,21,0,0,,Apple,iPhone15Plus,2024-11-16 14:18:05.128000,ios,0.08457806323809523,0.050547758523809536,12,94d7896f-6fca-4626-831d-67f8175e5083,2038,428,5d50ac0a-3d1a-46a2-bf20-0c5f6deaa90c,2024-11-08 10:18:56.058000,v1.10 - Skipits - Existing Users,Skipits - Middle Prices
GB,2024-11-13T16:37:11.000Z,0.012734673331351507,4,28,0,0,com.android.vending,HONOR,REA-NX9,2024-11-16 14:18:08.055000,android,0.022624673331351507,0.00989,1,7a6130f1-0097-42e5-b8f2-6c1db25dfa0a,1098,14,7c75975a-4a6e-44b6-9197-e01c0dcca3c8,2024-11-13 16:37:17.663000,v1.10 - Skipits - New Users,Skipits - High Prices
GB,2024-11-12T15:21:41.000Z,0.01897503471374512,0,5,0,0,,Apple,iPhone11,2024-11-16 14:18:10.185000,ios,0.01897503471374512,,0,f9de7728-a04f-48fe-b315-c226172703a8,198,40,d7d185f6-a036-431f-8013-d3b2140087f9,2024-11-12 15:21:47.569000,v1.10 - Skipits - New Users,Control
JP,2024-11-16T08:38:37.000Z,0.08466537176849999,8,43,0,0,com.android.vending,Google,Pixel 7a,2024-11-16 14:18:25.843000,android,0.13970348750330003,0.055038115734800004,5,710b744e-6d3e-4e1c-a953-747eaeb6cf7a,1891,3,dc3cbd18-6cb0-4ba4-b0e1-bcaf17cad20a,2024-11-16 08:38:44.888000,v1.10 - Skipits - New Users,Skipits - Middle Prices
RU,2024-11-16T14:21:32.000Z,,0,33,0,0,com.android.vending,Blackview,SHARK 8,2024-11-16 14:21:38.990000,android,0,,0,864b8f45-f1fe-4146-9e6a-7ce80798d710,2104,2,da63e936-eff4-458f-bc2a-0891ab0814c7,2024-11-16 14:21:38.990000,v1.10 - Skipits - New Users,Skipits - Middle Prices
TR,2024-11-15T15:45:07.000Z,,0,5,0,0,com.android.vending,samsung,SM-S928B,2024-11-16 14:22:01.779000,android,0,,0,78e18258-1c92-40c6-8127-945064f8c73a,95,2,192b73ed-ee53-4273-939d-747a1c47d02d,2024-11-15 15:45:14.083000,v1.10 - Skipits - New Users,Skipits - Middle Prices
VN,2024-11-09T07:06:30.000Z,0.00028052255511283873,1,4,0,0,com.android.vending,samsung,SM-A057F,2024-11-16 14:23:05.499000,android,0.004308476555112839,0.004027954,1,ff0925fd-4742-41bb-afde-08ce77f11545,521,30,d5823f22-0693-43e8-93b1-0b6b1fb4dbf1,2024-11-09 07:06:38.945000,v1.10 - Skipits - New Users,Control
KR,2024-11-10T08:13:17.000Z,0.3183417793968746,7,29,0,0,,Apple,iPhone11ProMax,2024-11-16 14:27:20.483000,ios,0.5227935566148304,0.20445177721795582,2,c0af1d0c-e361-424c-a68b-a02d5007ba1a,3101,12,4725c127-37de-4ef5-8ad4-970520acc4b8,2024-11-10 08:13:25.940000,v1.10 - Skipits - New Users,Control
IT,2024-11-06T17:24:38.000Z,0.021749313000000003,7,37,0,0,com.android.vending,Xiaomi,2209116AG,2024-11-16 14:27:26.602000,android,0.2072952598256194,0.1855459468256194,10,eb732016-6316-45b4-8a55-5310de0d18df,2230,65,97c72d29-b9da-4244-b66e-d56301311cfd,2024-11-09 12:21:02.046000,v1.10 - Skipits - Existing Users,Skipits - Middle Prices
GB,2024-09-11T11:18:31.000Z,0.004060554027557375,1,2,0,0,,Apple,iPhone13Mini,2024-11-16 14:29:52.820000,ios,0.004060554027557375,,0,a95ea6d8-8cda-48a5-af35-31145820da71,56,281,ad74f80b-fe2d-4f85-bee1-c32f05b60c5d,2024-11-08 10:30:27.048000,v1.10 - Skipits - Existing Users,Skipits - High Prices
BE,2024-10-20T16:18:20.000Z,,0,27,0,0,com.android.vending,samsung,SM-G920F,2024-11-16 14:31:02.065000,android,0,,0,26830bd9-874e-49d6-aaaf-5de419bf73a3,1328,83,de0d7d9b-ae63-44cd-935a-2fed50a4a6c5,2024-11-08 16:30:35.054000,v1.10 - Skipits - Existing Users,Control
US,2024-08-28T02:24:20.000Z,,0,37,0,0,com.android.vending,samsung,SM-S926U,2024-11-16 14:31:10.567000,android,1.4331562696277378,1.4331562696277378,33,376ec0ba-127e-416c-a418-b418f443603b,5330,213,f0d68996-fbbd-4888-b095-4caf180e79d6,2024-11-09 05:42:17.183000,v1.10 - Skipits - Existing Users,Control
US,2024-11-13T17:07:46.000Z,0.01678240066687266,0,1,0,0,,Apple,iPhone15ProMax,2024-11-16 14:31:38.500000,ios,0.01678240066687266,,0,05a4cbb5-e9d5-4e4a-a2dc-47857ef3579f,24,12,ee45460a-bb6f-4444-95b7-145f03696a48,2024-11-13 17:07:52.921000,v1.10 - Skipits - New Users,Skipits - High Prices
MX,2024-11-10T06:28:49.000Z,0.006363474354248047,1,9,0,0,com.android.vending,Xiaomi,2201117SL,2024-11-16 14:32:10.588000,android,0.006363474354248047,,0,d549f64c-fe83-4be1-bcf3-5ef1461f6ada,397,16,4f1d5365-11ab-4ee2-8e74-e632ef9f71f9,2024-11-10 06:28:56.719000,v1.10 - Skipits - New Users,Skipits - Middle Prices
ID,2024-11-09T03:41:28.000Z,,0,0,0,0,com.android.vending,INFINIX,Infinix X6833B,2024-11-16 14:32:15.037000,android,0,,0,8759b7f2-8108-406b-a138-2c20fbdc0054,62,31,39c623ea-9047-476f-bc52-a676b203d243,2024-11-09 03:41:36.223000,v1.10 - Skipits - New Users,Skipits - High Prices
JP,2024-11-01T14:42:00.000Z,,0,8,0,0,,Apple,"iPhone17,1",2024-11-16 14:34:55.624000,ios,0,,0,3a9753d7-4e06-4cd4-8df3-78a9a8bd1948,304,65,e3f69cd7-764b-435b-8b44-34ba72a304b3,2024-11-08 23:44:34.401000,v1.10 - Skipits - Existing Users,Control
TR,2024-09-22T08:48:41.000Z,0.0022367800604,1,16,0,0,com.android.vending,samsung,SM-A346E,2024-11-16 14:36:20.157000,android,0.0045833540604000005,0.002346574,1,06b3b3b7-f3c1-4c95-98cf-50b80031ab88,558,84,d8ec95d4-8f59-433f-893c-c3a37a7d89c7,2024-11-10 12:43:58.165000,v1.10 - Skipits - Existing Users,Control
IN,2024-09-30T06:26:17.000Z,0.0012886702027478899,12,41,0,0,com.android.vending,OPPO,CPH1809,2024-11-16 14:39:03.412000,android,0.004906225056633541,0.003617554853885651,12,830936d7-709b-4550-a948-16df44e67c9c,5208,91,aed8d164-ee3a-45d2-b2e0-fa20a054cc47,2024-11-12 05:56:34.869000,v1.10 - Skipits - Existing Users,Skipits - High Prices
ZA,2024-11-16T13:39:04.000Z,0.003656135869790476,2,11,0,0,com.android.vending,Sony,H3213,2024-11-16 14:40:03.722000,android,0.011390660631695238,0.007734524761904762,3,853d6450-2b89-421d-a8b0-d2c63e641fa6,1437,3,2b8c070a-4c0e-452f-a3c9-5d6a8ce2bc79,2024-11-16 13:39:14.913000,v1.10 - Skipits - New Users,Control
GB,2024-11-07T00:31:13.000Z,,0,9,0,0,,Apple,iPhone13Pro,2024-11-16 14:40:15.516000,ios,0.01188951859939575,0.01188951859939575,4,bd0154c1-ff70-47b3-940c-2730bafdc7b6,698,57,80d8a699-d1ab-418f-9761-661718abcbf1,2024-11-09 12:16:28.461000,v1.10 - Skipits - Existing Users,Control
BR,2024-09-10T17:34:22.000Z,0.006165966516876221,1,11,0,0,com.android.vending,samsung,SM-S911B,2024-11-16 14:40:46.897000,android,0.006165966516876221,,0,641003ad-cf29-43b8-8317-dc816ca81b6c,380,25,15470004-5e04-4e4b-b3d7-97abf16c9c9e,2024-11-09 18:37:45.498000,v1.10 - Skipits - Existing Users,Skipits - Middle Prices
RO,2024-11-14T07:59:27.000Z,0.012722399984087264,2,10,0,0,,Apple,iPhone11,2024-11-16 14:43:55.103000,ios,0.026277321104087266,0.01355492112,1,3bad7ada-87b4-4681-843c-f4edce1977f0,606,6,0f6876b6-265e-47a7-9ec4-fb89cb3a8672,2024-11-14 07:59:33.527000,v1.10 - Skipits - New Users,Skipits - High Prices
JP,2024-11-15T06:14:48.000Z,,0,15,0,0,,Apple,iPhone15,2024-11-16 14:44:25.926000,ios,0,,0,d8f53f11-f5ed-44f2-9e0d-1fb652fb21a4,534,18,7373d286-2b54-4289-aed3-bdbdd2f25f11,2024-11-15 06:14:55.916000,v1.10 - Skipits - New Users,Skipits - High Prices
JP,2024-11-14T23:39:13.000Z,0.003582487500000001,2,15,0,0,,Apple,iPhone12,2024-11-16 14:45:11.455000,ios,0.015234874880170824,0.011652387380170824,4,a610b453-4504-405e-8258-9388f00490cd,956,11,929bc767-03d4-4d76-bdd1-0b65b3bfc33f,2024-11-14 23:39:22.886000,v1.10 - Skipits - New Users,Control
US,2024-11-12T23:51:44.000Z,0.0077104761904761895,2,16,0,0,,Apple,iPhone11,2024-11-16 14:45:35.391000,ios,0.031364584131897695,0.02365410794142151,4,ab9e74f5-9c66-454b-8da8-801214d5ba58,745,52,a19c4592-9452-49de-bba7-43f2ee9829ae,2024-11-12 23:51:51.710000,v1.10 - Skipits - New Users,Skipits - Middle Prices
TW,2024-10-22T05:01:33.000Z,0.011561024586059572,5,41,0,0,com.android.vending,samsung,SM-G9900,2024-11-16 14:46:37.983000,android,0.048205643097259526,0.03664461851119995,7,f38418c7-58d1-4c14-be6b-c7fd4a4fa64f,1608,99,25bef2e0-f4df-4bc1-8a81-b042e3fbb984,2024-11-08 10:09:26.873000,v1.10 - Skipits - Existing Users,Skipits - High Prices
US,2024-11-16T14:48:05.000Z,,0,5,0,0,com.android.vending,samsung,SM-S926U,2024-11-16 14:48:12.737000,android,0,,0,344591b3-7ec4-4afa-9513-6d33438731e6,128,1,d2d8dbe3-ebd0-40a3-9cfc-3727bb0ea1ef,2024-11-16 14:48:12.737000,v1.10 - Skipits - New Users,Control
US,2024-11-13T19:47:54.000Z,0.0331094618344519,2,24,0,0,com.android.vending,samsung,SM-A536U,2024-11-16 14:48:31.834000,android,0.079817449191747,0.0467079873572951,1,19194b6d-d872-48e1-9954-d0949cdc4070,1118,3,1cae1877-3fc5-4812-9032-e7eae96c83ec,2024-11-13 19:48:02.389000,v1.10 - Skipits - New Users,Skipits - High Prices
BR,2024-08-01T18:02:23.000Z,0.0014378,0,5,0,0,,Apple,iPhoneX,2024-11-16 14:48:36.569000,ios,0.0014378,,0,a10ac5a5-7f26-4764-8966-1e7d59ab35df,205,357,c5f2699a-507d-4185-bf7e-5a840f4cf7b5,2024-11-10 09:15:47.865000,v1.10 - Skipits - Existing Users,Skipits - High Prices
CA,2024-11-15T16:31:24.000Z,0.03482635654202382,3,14,0,0,,Apple,iPhone15,2024-11-16 14:49:32.628000,ios,0.05091088054202382,0.016084524,1,ca5b4849-2eb1-4d7b-90e6-b8f1f1e43a10,709,18,3d18af17-dd69-449a-80db-ca3d18f6bedd,2024-11-15 16:31:31.901000,v1.10 - Skipits - New Users,Control
BR,2024-10-28T14:03:41.000Z,0.020652400463980952,6,45,0,0,com.android.vending,samsung,SM-S711B,2024-11-16 14:50:03.651000,android,0.08713120346398096,0.066478803,7,2de688f4-7fb7-49c2-8a29-cf16f96a8fea,2446,32,c20f98a9-f411-415a-91aa-e4f8dbd25291,2024-11-08 10:22:45.123000,v1.10 - Skipits - Existing Users,Skipits - Middle Prices
US,2024-11-04T22:16:20.000Z,,0,3,0,0,,Apple,iPhone15Pro,2024-11-16 14:51:12.975000,ios,0,,0,12566bc9-aa8f-4a3d-9df6-595e0cfb7265,124,10,f0a124b5-92c9-4662-901d-eed62ac90770,2024-11-09 13:43:45.457000,v1.10 - Skipits - Existing Users,Skipits - High Prices
GL,2024-10-22T16:47:49.000Z,0.002330476190476189,0,5,0,0,,Apple,iPhone12ProMax,2024-11-16 14:51:35.654000,ios,0.004680952380952379,0.00235047619047619,1,14d15ed4-3053-4656-a8de-95c5f4072197,216,164,d63de5ef-123e-4c8d-8a50-68b429e7226a,2024-11-09 16:27:47.234000,v1.10 - Skipits - Existing Users,Skipits - Middle Prices
US,2024-07-21T03:43:38.000Z,,0,88,0,0,,Apple,iPhone13,2024-11-16 14:51:43.229000,ios,0.2956574401855469,0.2956574401855469,1,fd2bdc3d-f530-43c9-83aa-fca7c661a284,3619,34,25299d71-c0a9-46bc-af32-209a480061c8,2024-11-16 14:06:00.685000,v1.10 - Skipits - Existing Users,Control
UA,2024-10-31T11:20:57.000Z,,0,1,0,0,com.android.vending,samsung,SM-G991B,2024-11-16 14:51:59.899000,android,0,,0,6f3c48cc-912d-4880-8264-af8c9f1ad49c,5,24,b06a259b-7ded-44b1-be1b-7190bb14ff74,2024-11-11 12:44:13.131000,v1.10 - Skipits - Existing Users,Skipits - Middle Prices
US,2024-11-14T21:19:49.000Z,0.08582797732663891,10,83,0,0,,Apple,iPhone13Pro,2024-11-16 14:56:17.320000,ios,0.2842530080349519,0.19842503070831302,13,5155e062-3716-4aa6-8027-2312825d7871,4331,6,18b6ecb3-d72b-44f2-80a0-9432ec576441,2024-11-14 21:19:57.071000,v1.10 - Skipits - New Users,Skipits - Middle Prices
BR,2024-11-03T15:22:58.000Z,,0,0,0,0,com.android.vending,samsung,SM-A225M,2024-11-16 14:57:17.124000,android,0,,0,c6a189d1-23f2-4fff-93ab-f8e46d9d3067,0,42,cf208b1e-6336-40aa-a263-ffd5bbea0ee7,2024-11-10 22:30:42.007000,v1.10 - Skipits - Existing Users,Control
ID,2024-11-02T07:25:29.000Z,0.0006619047619047619,1,13,0,0,com.android.vending,Xiaomi,22041219G,2024-11-16 14:57:33.881000,android,0.03326461122319786,0.0326027064612931,8,cc943b8f-a1fd-4238-a1c4-23181810819b,827,85,dfef642c-0b73-4c92-a83c-52b28a54d1b0,2024-11-09 04:03:33.794000,v1.10 - Skipits - Existing Users,Skipits - Middle Prices
ZZ,2024-11-16T12:37:14.000Z,,0,27,0,0,com.android.vending,Xiaomi,22101317C,2024-11-16 14:58:37.333000,android,0,,0,e419ab47-f1e3-47ac-a3df-1e8fa459d2ab,784,2,b747d8a1-2b87-4d53-9957-3d59b275b2c7,2024-11-16 12:37:22.186000,v1.10 - Skipits - New Users,Skipits - High Prices
US,2024-11-16T13:23:02.000Z,0.00614892,1,4,0,0,,Apple,iPhone14Plus,2024-11-16 14:58:39.150000,ios,0.00614892,,0,6b769bee-0525-4cd1-a2b2-822584404817,190,2,d406ee3a-9286-42ca-8fa1-f5f2da8f7a46,2024-11-16 13:23:10.907000,v1.10 - Skipits - New Users,Skipits - Middle Prices
EG,2024-09-22T11:46:02.000Z,0.0012890685,1,14,0,0,com.android.vending,Xiaomi,23049PCD8G,2024-11-16 14:59:06.947000,android,0.005925851390323811,0.00463678289032381,3,64cd5833-93fb-420f-a304-4b65bf56a3ca,553,58,d9b2cf03-b5bb-4a0e-8762-98f457c24d37,2024-11-14 11:01:09.936000,v1.10 - Skipits - Existing Users,Skipits - High Prices
TR,2024-10-09T20:47:44.000Z,,0,0,0,0,com.android.vending,OPPO,CPH2269,2024-11-16 15:00:06.862000,android,0,,0,f3153ae2-83ea-41b0-9b53-2936eb846607,1,215,58b34a6a-1b0b-49d1-a350-080837328c59,2024-11-07 16:23:08.740000,v1.10 - Skipits - Existing Users,Skipits - Middle Prices
JP,2024-09-23T12:49:15.000Z,,0,0,0,0,com.android.vending,Sony,SOG08,2024-11-16 15:02:40.455000,android,0,,1,e23d56c9-d18d-4f66-8e24-4fdaa1717c65,0,273,98556ed7-8942-4e6a-a6a0-9dd1d0807274,2024-11-08 23:04:04.629000,v1.10 - Skipits - Existing Users,Skipits - Middle Prices
US,2024-11-12T15:52:17.000Z,,0,14,0,0,com.android.vending,samsung,SM-S906U,2024-11-16 15:03:13.651000,android,0.4170944692656061,0.4170944692656061,5,e0a41559-db1d-4aa4-a44e-cce121ada494,884,31,b06dfafb-0745-4927-b207-cd10aff44081,2024-11-12 15:52:24.265000,v1.10 - Skipits - New Users,Skipits - Middle Prices
DK,2024-11-10T06:57:05.000Z,0.0006867280000000001,2,13,0,0,com.android.vending,OnePlus,IN2023,2024-11-16 15:03:42.469000,android,0.003098004619434357,0.0024112766194343566,1,87cb6580-0d56-4ff3-9bba-7cde2e6bd1d2,588,55,f34952da-3f05-4922-ada9-e2f55d526650,2024-11-10 06:57:12.634000,v1.10 - Skipits - New Users,Skipits - Middle Prices
US,2024-11-15T17:27:57.000Z,0.013495617408752443,2,10,0,0,,Apple,iPhone8,2024-11-16 15:06:51.910000,ios,0.013495617408752443,,0,893c1a6f-ac4b-4bba-a0d6-8dac43d0eef4,472,8,e6066a73-fc70-4eba-b144-8bb2399d413f,2024-11-15 17:28:04.866000,v1.10 - Skipits - New Users,Skipits - High Prices
ES,2024-11-12T13:04:17.000Z,,0,15,0,0,com.android.vending,Xiaomi,23053RN02Y,2024-11-16 15:08:20.288000,android,0.006814571029575621,0.006814571029575621,15,6b548eae-01f0-4c24-accc-ebc947827005,1484,27,d48d9b3c-5333-4107-babd-eabbaccd974a,2024-11-12 13:04:35.980000,v1.10 - Skipits - New Users,Control
US,2024-08-07T18:33:12.000Z,0.03811326173271428,6,29,0,0,com.android.vending,samsung,SM-S916U,2024-11-16 15:08:36.032000,android,0.09326519594143272,0.05515193420871843,6,efe92a3e-73c4-4ecd-a239-797092df68c9,1311,314,394953c6-bb31-4d96-8b24-6a26cfcb404e,2024-11-09 01:35:36.820000,v1.10 - Skipits - Existing Users,Control
DE,2024-10-20T23:59:36.000Z,0.017110022326537543,3,0,0,0,,Apple,iPhone14ProMax,2024-11-16 15:09:56.820000,ios,0.027172261546566375,0.010062239220028836,1,9e1d75c5-fb1f-4688-a7c4-2b26275a18be,162,90,ccd9a2a4-6257-4718-a23e-74a65ed9f034,2024-11-08 16:49:18.084000,v1.10 - Skipits - Existing Users,Skipits - Middle Prices
VN,2024-11-14T11:06:12.000Z,,0,0,0,0,com.android.vending,samsung,SM-G990E,2024-11-16 15:10:05.412000,android,0,,0,04bb120a-781a-44f4-83ba-536c67b7b962,1,8,dcb17b73-acd1-480b-b5b9-109b3957fea1,2024-11-14 14:29:20.906000,v1.10 - Skipits - Existing Users,Control
IT,2024-10-30T09:55:50.000Z,,0,3,0,0,com.android.vending,samsung,SM-A546B,2024-11-16 15:11:54.040000,android,0,,0,576dd5e6-15eb-4018-aded-5d28fe19c59b,101,29,9926d071-393c-408f-98b1-79666c3afb42,2024-11-09 09:11:29.435000,v1.10 - Skipits - Existing Users,Skipits - High Prices
TH,2024-11-16T13:03:08.000Z,0.037143100929726974,8,53,0,0,com.android.vending,samsung,SM-A546E,2024-11-16 15:12:20.453000,android,0.04781484050797404,0.010671739578247071,1,27d14319-0137-45b0-a7d5-0cab798467c6,1921,4,bf85876d-c4d6-43d1-bc4a-edb90535f212,2024-11-16 13:03:16.865000,v1.10 - Skipits - New Users,Control
US,2024-10-27T04:10:23.000Z,,0,8,0,0,com.android.vending,Google,Pixel 5a,2024-11-16 15:12:37.789000,android,0.21852699935260272,0.21852699935260272,2,bdcb0096-d293-4a3a-b42b-e0d13c41dc62,416,118,43a26bd5-20a4-4618-a87a-b737c61b6dd9,2024-11-08 01:53:54.844000,v1.10 - Skipits - Existing Users,Skipits - High Prices
TH,2024-11-13T03:16:44.000Z,,0,8,0,0,,Apple,iPhone15ProMax,2024-11-16 15:12:42.557000,ios,0,,0,528c7d76-29d1-462c-9b2d-bd980600b4eb,242,15,c01903f0-ba51-4908-b1f6-37e1f8e2f76c,2024-11-13 09:24:04.357000,v1.10 - Skipits - Existing Users,Skipits - Middle Prices
TH,2024-11-13T03:16:44.000Z,,0,4,0,0,,Apple,iPhone15ProMax,2024-11-16 15:12:43.754000,ios,0,,0,42217396-1721-49ba-99f8-5a7fa697bcd2,120,16,c01903f0-ba51-4908-b1f6-37e1f8e2f76c,2024-11-13 09:24:04.357000,v1.10 - Skipits - Existing Users,Skipits - Middle Prices
BR,2024-10-18T18:17:02.000Z,0.012341951,4,26,0,0,com.android.vending,Xiaomi,2201117SL,2024-11-16 15:13:36.391000,android,0.050650027043068646,0.03830807604306864,6,dcf6d71c-49bf-43fd-9f53-ca7ed8362ed8,1735,16,6ac711eb-df0b-4932-9c4d-2e6ec1761826,2024-11-13 11:08:03.601000,v1.10 - Skipits - Existing Users,Control
MX,2024-11-16T05:31:51.000Z,,0,13,0,0,com.android.vending,Xiaomi,23053RN02L,2024-11-16 15:14:03.357000,android,0.012595404,0.012595404,1,f133f40d-f2b3-4721-af09-fcca6f7cb9cd,499,2,84fae003-fca5-421d-83bb-199ba8ad8ed9,2024-11-16 05:32:00.813000,v1.10 - Skipits - New Users,Skipits - Middle Prices
ID,2024-11-14T01:49:46.000Z,0.14653704433781428,9,30,0,0,com.android.vending,samsung,SM-F956B,2024-11-16 15:18:29.670000,android,0.2140003443378143,0.0674633,2,e78b9a76-f230-4389-a053-ff09cab73128,1754,12,d8d775a9-ccc4-4ca7-883e-44a823c8240e,2024-11-14 01:49:54.113000,v1.10 - Skipits - New Users,Skipits - High Prices
TR,2024-10-25T21:56:39.000Z,0.037751931470354876,4,28,0,0,,Apple,iPhone13ProMax,2024-11-16 15:20:02.172000,ios,0.19778171092254845,0.1600297794521936,11,98ffc4cf-33de-4678-9953-65ebe3e03ea9,1831,121,032537d8-3ef9-494a-92db-613b4b6f85c3,2024-11-08 18:33:17.941000,v1.10 - Skipits - Existing Users,Control
MY,2024-11-14T11:16:46.000Z,0.006423418032271522,4,19,0,0,,Apple,iPhone7Plus,2024-11-16 15:20:59.889000,ios,0.015736969260431468,0.009313551228159949,6,b0c08295-c69c-4742-af66-5918f626a4a4,1462,31,4cc9b179-cb8d-419d-91bc-a28eda84ce97,2024-11-14 11:16:54.242000,v1.10 - Skipits - New Users,Skipits - High Prices
PL,2024-10-25T06:52:26.000Z,,0,2,0,0,com.android.vending,Xiaomi,23117RA68G,2024-11-16 15:22:30.988000,android,0,,0,ba1b156c-4ad1-45e4-bd81-e1a42451d25e,100,37,eb3d0ef6-973e-486d-9e3e-25d16fb1e607,2024-11-09 13:52:19.640000,v1.10 - Skipits - Existing Users,Skipits - Middle Prices
PL,2024-10-25T06:52:26.000Z,,0,12,0,0,com.android.vending,Xiaomi,23117RA68G,2024-11-16 15:22:31.370000,android,0,,0,ddede19a-ed10-413a-970f-4b210525c7ac,599,42,eb3d0ef6-973e-486d-9e3e-25d16fb1e607,2024-11-09 13:52:19.640000,v1.10 - Skipits - Existing Users,Skipits - Middle Prices
BY,2024-09-13T04:33:42.000Z,0.000871669,1,15,0,0,com.android.vending,samsung,SM-A155F,2024-11-16 15:28:10.077000,android,0.012404527,0.011532858,9,79a50e73-b6de-471d-98a3-d0108185559a,1020,31,5f5a9ebd-bdb6-4244-80d8-3778b111c2e5,2024-11-09 17:11:44.105000,v1.10 - Skipits - Existing Users,Skipits - High Prices
TW,2024-10-09T03:04:19.000Z,,0,6,0,0,,Apple,iPhone15ProMax,2024-11-16 15:28:29.429000,ios,0,,0,e4d4d6b0-9946-43ce-8106-732de4a1f7d4,380,178,8a4c5268-d10f-46de-9002-a350b4060cd5,2024-11-09 04:29:35.196000,v1.10 - Skipits - Existing Users,Skipits - Middle Prices
TR,2024-11-16T15:29:50.000Z,,0,11,0,0,com.android.vending,Xiaomi,Redmi Note 8 Pro,2024-11-16 15:29:56.584000,android,0,,0,a928dd1b-bf8b-42ab-862a-f13f4fb62093,260,1,e9674ca1-d6b9-459f-ba42-5bf0509190b2,2024-11-16 15:29:56.584000,v1.10 - Skipits - New Users,Skipits - Middle Prices
MY,2024-11-16T15:30:26.000Z,,0,14,0,0,com.android.vending,WIKO,WIKO T50,2024-11-16 15:30:25.254000,android,0,,0,599ce7aa-a563-4e1f-8ade-56f441efb047,366,1,dd166d73-51d3-4059-8cdb-9b9b157b19be,2024-11-16 15:30:25.254000,v1.10 - Skipits - New Users,Control
HK,2024-11-10T04:44:19.000Z,,0,0,0,0,,Apple,iPhone15ProMax,2024-11-16 15:32:00.195000,ios,0,,0,a56f3f29-381a-425e-a0fe-8fc43e0a6f87,31,32,5912287d-c243-4064-a3f6-29631058a506,2024-11-10 10:25:04.824000,v1.10 - Skipits - Existing Users,Skipits - Middle Prices
KR,2024-11-10T08:13:17.000Z,0.13360560226440432,2,7,0,0,,Apple,iPhone11ProMax,2024-11-16 15:33:08.766000,ios,0.13360560226440432,,0,efc8a618-13b9-4949-a742-ef792dfc6440,332,13,4725c127-37de-4ef5-8ad4-970520acc4b8,2024-11-10 08:13:25.940000,v1.10 - Skipits - New Users,Control
NP,2024-11-11T10:50:33.000Z,0.002782161235809326,2,10,0,0,,Apple,iPhone12Pro,2024-11-16 15:34:24.691000,ios,0.005126597881317139,0.002344436645507813,1,198a1e26-c00f-4f6d-9d4a-5a6686baabe1,355,33,b7c62776-1f5a-4cfa-ab32-18748c829de2,2024-11-12 13:09:10.837000,v1.10 - Skipits - Existing Users,Control
IN,2024-11-11T11:54:27.000Z,0.000899400468622067,6,29,0,0,com.android.vending,OnePlus,GM1901,2024-11-16 15:34:39.914000,android,0.0017336904686220673,0.0008342900000000001,2,7207b2ac-88c4-41d5-911a-17f6420e948a,1315,36,0e9f41dd-27ab-4a93-83b3-4f525d5ce6d4,2024-11-11 11:54:36.999000,v1.10 - Skipits - New Users,Skipits - High Prices
IN,2024-11-15T08:19:56.000Z,0.0025778211519740402,3,42,0,0,com.android.vending,vivo,V2025,2024-11-16 15:34:41.303000,android,0.04125428695160743,0.038676465799633394,21,a1978bf0-a3db-4ca5-917a-53d122aa7bc5,3108,22,783e73d0-c5b0-4b00-bef3-8519dfa2c531,2024-11-15 08:20:04.421000,v1.10 - Skipits - New Users,Control
FR,2024-11-15T11:11:29.000Z,,0,0,0,0,com.android.vending,samsung,SM-F946B,2024-11-16 15:35:02.285000,android,0,,0,cf280c5d-7987-4a23-a72a-9cd981917b90,317,17,6224e87b-ea2d-4f90-b941-4655e16c5534,2024-11-15 11:11:35.077000,v1.10 - Skipits - Existing Users,Skipits - Middle Prices
LY,2024-10-17T12:49:27.000Z,0.00007,1,16,0,0,com.android.vending,samsung,SM-A515F,2024-11-16 15:35:02.513000,android,0.0008398035913542792,0.0007698035913542792,4,31627623-a261-41e1-b0e5-d28e69c6b543,964,61,931b0b59-90ec-4ac5-a25d-a3c530d8c0e0,2024-11-10 17:24:01.801000,v1.10 - Skipits - Existing Users,Control
IN,2024-11-05T08:05:16.000Z,0.003144761904761905,1,6,0,0,com.android.vending,OnePlus,CPH2423,2024-11-16 15:35:34.115000,android,0.003144761904761905,,0,e9063c55-d681-4c03-be3c-590b00cfe2ec,227,144,367ee839-a5a0-4414-9fe5-fca5e2415616,2024-11-11 01:49:41.540000,v1.10 - Skipits - Existing Users,Skipits - High Prices
HK,2024-09-18T02:13:31.000Z,,0,0,0,0,com.android.vending,samsung,SM-S9280,2024-11-16 15:35:37.840000,android,0,,0,dcbed55d-5747-4888-a65d-a079f902ee54,31,333,9b7bb4d7-c98c-4f23-8f45-3b69bc2e7882,2024-11-09 07:57:52.947000,v1.10 - Skipits - Existing Users,Skipits - High Prices
UA,2024-11-15T15:45:06.000Z,0.009511128933753943,2,16,0,0,com.android.vending,OPPO,CPH2095,2024-11-16 15:35:58.476000,android,0.03188685764865551,0.022375728714901566,2,4f88c704-179a-4c7c-9ae5-32e01d83189e,802,9,e2a1e4f5-0d93-440d-b680-0b32aede4bbd,2024-11-15 15:45:15.916000,v1.10 - Skipits - New Users,Skipits - Middle Prices
HU,2024-11-16T15:36:16.000Z,,0,39,0,0,com.android.vending,Xiaomi,23090RA98G,2024-11-16 15:36:22.585000,android,0.062571756,0.062571756,1,af94b436-0f94-4bf6-a2d7-87e09ec940b0,1295,1,63ef0698-d2b8-4c38-98ee-d69769f678f1,2024-11-16 15:36:22.585000,v1.10 - Skipits - New Users,Skipits - Middle Prices
ES,2024-10-31T15:26:17.000Z,0.04175085122048951,9,57,0,0,,Apple,"iPhone17,1",2024-11-16 15:39:23.218000,ios,0.055244030618072516,0.01349317939758301,2,89af4a9f-398d-40ac-98a1-11fb142d4a6b,2292,19,a2a76568-d9be-48f3-8432-a6d6b66cb290,2024-11-16 11:21:55.031000,v1.10 - Skipits - Existing Users,Control
TH,2024-11-16T09:10:42.000Z,0.01062592506408691,1,2,0,0,,Apple,iPhone14ProMax,2024-11-16 15:40:26.777000,ios,0.02229068696884882,0.01166476190476191,0,9e0919c4-e83a-4dcb-b5c2-ae72066709c8,315,7,df96ab30-f154-4c8e-99de-8c04ff3ac901,2024-11-16 09:10:49.093000,v1.10 - Skipits - New Users,Skipits - Middle Prices
JP,2024-11-07T18:30:13.000Z,0.004122977731341408,1,12,0,0,,Apple,iPhone13,2024-11-16 15:41:48.399000,ios,0.016353542017055696,0.012230564285714285,1,4521864a-007a-4674-bfd1-01f406ec9f79,534,82,b0a845bb-cc30-41ff-8710-42d19c77e96f,2024-11-10 06:09:36.073000,v1.10 - Skipits - Existing Users,Skipits - High Prices
EG,2024-11-15T00:47:35.000Z,,0,44,0,0,com.android.vending,OPPO,CPH2333,2024-11-16 15:42:15.561000,android,0,,0,d592c7b8-7255-4d61-b3d7-de6c36bd6d0b,1882,15,ee4b2bf2-831b-4a4d-8898-15d839a05fc4,2024-11-15 00:47:42.893000,v1.10 - Skipits - New Users,Control
ZZ,2024-11-16T15:43:51.000Z,,0,6,0,0,,Apple,iPhone13,2024-11-16 15:43:58.722000,ios,0,,0,d279a94a-703b-4bf6-bd04-8f315af0ccbb,186,1,d7e4bbba-055f-4c8e-9ffb-30e9a91044e2,2024-11-16 15:43:58.723000,v1.10 - Skipits - New Users,Skipits - Middle Prices
CO,2024-11-09T19:19:30.000Z,,0,22,0,0,com.android.vending,HONOR,TFY-LX3,2024-11-16 15:44:08.189000,android,0,,0,57099738-e815-41e4-ac4e-e68bb4584010,973,14,3992de15-56e7-4854-918e-974ce945e322,2024-11-16 15:44:43.182000,v1.10 - Skipits - Existing Users,Skipits - Middle Prices
ZA,2024-11-09T03:55:22.000Z,,0,0,0,0,com.android.vending,TECNO,TECNO KI5k,2024-11-16 15:44:19.011000,android,0,,0,4228c776-f297-43e6-8177-e25dbb23924b,72,16,4e0afbf6-af65-42c9-954e-18c019ef08fb,2024-11-09 03:55:32.576000,v1.10 - Skipits - New Users,Skipits - High Prices
JP,2024-10-30T04:25:08.000Z,0.015295847319561186,6,16,0,0,,Apple,iPhoneXR,2024-11-16 15:46:02.874000,ios,0.035083477033703764,0.01978762971414257,8,af41ebf9-2214-4086-8868-b32d9c7abfd2,2209,109,9ad3d233-736e-42d1-88db-e1fb4e03acfe,2024-11-08 19:29:15.869000,v1.10 - Skipits - Existing Users,Skipits - Middle Prices
US,2024-11-15T21:47:16.000Z,,0,11,0,0,,Apple,iPhone12Pro,2024-11-16 15:47:32.710000,ios,0.07370896595092774,0.07370896595092774,7,5d89617a-474f-46ff-ac99-5518ec2ba8cd,790,12,d87f10eb-99f0-4732-bcea-4d23981b71ac,2024-11-15 21:47:22.763000,v1.10 - Skipits - New Users,Skipits - High Prices
US,2024-11-16T15:48:21.000Z,,0,4,0,0,,Apple,iPhoneSE3Gen,2024-11-16 15:48:28.762000,ios,0,,0,58a5fcab-e9a9-4f60-bdda-d3b530573d7a,82,1,5bb97c0a-35df-424b-84b6-2db7a8acef1e,2024-11-16 15:48:28.762000,v1.10 - Skipits - New Users,Skipits - Middle Prices
EC,2024-10-08T00:27:53.000Z,,0,14,0,0,com.android.vending,Xiaomi,2201117TG,2024-11-16 15:49:16.607000,android,0.011258734860471444,0.011258734860471444,5,23a241de-c7ce-4580-8b92-736c5ff54b96,702,60,2b51feb0-8951-4003-bd57-2f2a781aa41b,2024-11-09 01:01:52.953000,v1.10 - Skipits - Existing Users,Skipits - Middle Prices
BR,2024-11-15T19:37:11.000Z,,0,14,0,0,com.android.vending,Xiaomi,M2102J20SG,2024-11-16 15:49:20.676000,android,0,,0,c081c6b7-4944-4819-b01d-fe0fbc19a445,214,3,9bda6145-d8f6-43bc-a11c-7c42cf823f14,2024-11-15 19:37:19.029000,v1.10 - Skipits - New Users,Control
PL,2024-11-16T15:48:28.000Z,0.02244905564315796,3,79,0,0,com.android.vending,Xiaomi,M2101K6G,2024-11-16 15:49:23.733000,android,0.302124454479505,0.27967539883634707,25,61038280-53fb-42c0-beed-430b88f5b0d4,4311,2,9ae46772-0960-45f1-ac5b-81e0f2f4dcec,2024-11-16 15:48:37.055000,v1.10 - Skipits - New Users,Skipits - High Prices
BR,2024-11-01T04:03:31.000Z,0.08418936316790866,24,147,0,0,com.android.vending,samsung,SM-A135M,2024-11-16 15:49:58.514000,android,0.14304122419576384,0.05885186102785518,13,cf8a000e-0811-4860-ac0b-0755c524a5da,6907,42,78a70afc-86b6-48ea-83f0-1ffb8422adce,2024-11-08 18:33:23.409000,v1.10 - Skipits - Existing Users,Skipits - High Prices
IR,2024-09-26T21:34:12.000Z,0.04234580659866334,6,32,0,0,,Apple,iPhone15ProMax,2024-11-16 15:50:03.244000,ios,0.08018321180343628,0.03783740520477294,2,a98fcfdd-3d1d-4a4e-a637-90284ae6def2,1565,66,3fbab55a-3393-43d1-9c2c-3956812b79ed,,v1.10 - Skipits - Existing Users,Skipits - Middle Prices
US,2024-10-14T01:49:24.000Z,0.01648528761904762,2,11,0,0,com.android.vending,samsung,SM-A146U,2024-11-16 15:50:43.763000,android,0.03371195428571429,0.017226666666666668,1,3b80fe47-88ba-4375-a944-8efb386842e7,906,95,bbed44b8-ff7a-4417-883c-aa668b8877c6,2024-11-09 21:53:17.328000,v1.10 - Skipits - Existing Users,Skipits - Middle Prices
RO,2024-11-10T06:53:49.000Z,0.32606727405651276,11,63,0,0,,Apple,iPhoneXR,2024-11-16 15:50:44.513000,ios,0.44032614732235853,0.11425887326584586,3,ccbdaab9-ed98-4f8a-8a1f-312777ad92b9,2739,12,04993db7-b49f-498e-877e-7cd0e0a29616,2024-11-10 06:53:56.480000,v1.10 - Skipits - New Users,Control
IT,2024-11-09T12:07:34.000Z,,0,0,0,0,com.android.vending,samsung,SM-S911B,2024-11-16 15:52:27.151000,android,0,,0,50b011ff-48d4-45c1-85b9-5d2ecc8b8aaf,0,59,575a6605-d07d-40e1-a8ab-a059b91278cb,2024-11-13 11:51:57.575000,v1.10 - Skipits - Existing Users,Control
US,2024-11-16T15:52:47.000Z,,0,7,0,0,,Apple,iPhone12ProMax,2024-11-16 15:52:55.231000,ios,0,,0,2dba7fce-a8d9-4f91-a7ad-0a9f593a8d26,150,1,e5354a8f-2229-48ee-8490-c43e279ca879,2024-11-16 15:52:55.231000,v1.10 - Skipits - New Users,Skipits - High Prices
US,2024-11-05T16:56:42.000Z,0.0355135899761963,2,8,0,0,,Apple,iPhone15ProMax,2024-11-16 15:53:24.588000,ios,0.08516985664538576,0.04965626666918946,2,a087ab0a-f21d-4376-b826-fc32ac33735b,567,56,a588d48c-6187-43ea-a9fc-bef99e9299b7,2024-11-09 00:41:04.434000,v1.10 - Skipits - Existing Users,Control
IN,2024-10-30T08:15:31.000Z,0.00037523809523809526,0,21,0,0,com.android.vending,vivo,V2312,2024-11-16 15:53:56.111000,android,0.006505964190476191,0.006130726095238096,10,a8fbe597-02d6-4f21-88d4-ea588f8aedf0,1416,71,60c27238-89de-40b7-bdb9-24b687732fa4,2024-11-10 17:24:44.438000,v1.10 - Skipits - Existing Users,Control
US,2024-10-13T21:30:42.000Z,,0,2,0,0,,Apple,iPhone15Pro,2024-11-16 15:55:58.662000,ios,0.03299999999999999,0.03299999999999999,1,ca80c0fc-8f7c-4e43-aaa5-67f5631553c0,94,215,449afa00-6da8-45e9-a169-abd073b5743a,2024-11-08 21:13:13.530000,v1.10 - Skipits - Existing Users,Control
GR,2024-11-10T08:57:32.000Z,,0,0,0,0,com.android.vending,Xiaomi,Mi Note 10 Lite,2024-11-16 15:56:23.960000,android,0,,0,ebabea93-c69a-4ffd-a31d-1e3c90b1abdd,0,61,4d7d6ebf-f39f-4d78-af1c-022c726908b4,2024-11-10 08:57:39.567000,v1.10 - Skipits - New Users,Skipits - Middle Prices
IN,2024-08-16T15:36:26.000Z,,0,21,0,0,com.android.vending,OnePlus,CPH2423,2024-11-16 15:57:12.834000,android,0,,0,8a870955-7257-4695-9de1-86b93c5cafc7,877,83,38d0b821-5efe-4932-bae4-83110066ee86,2024-11-10 20:46:41.865000,v1.10 - Skipits - Existing Users,Skipits - Middle Prices
RU,2024-11-16T14:21:32.000Z,0.005470964,1,13,0,0,com.android.vending,Blackview,SHARK 8,2024-11-16 15:57:18.332000,android,0.005470964,,0,c263f20c-5527-4d5e-996a-4d6ecbe0c2e6,442,5,da63e936-eff4-458f-bc2a-0891ab0814c7,2024-11-16 14:21:38.990000,v1.10 - Skipits - New Users,Skipits - Middle Prices
GB,2024-08-16T18:52:36.000Z,,0,0,0,0,,Apple,iPhone13Pro,2024-11-16 15:57:52.834000,ios,0,,0,fb83220d-bc86-4d7f-af5a-a658ca966bcc,0,687,02e9ebff-268e-4c8d-a313-92aeb40357d8,2024-11-08 14:18:49.999000,v1.10 - Skipits - Existing Users,Control
BR,2024-11-14T21:55:25.000Z,0.0021498770119209288,3,23,0,0,com.android.vending,motorola,moto g(7),2024-11-16 16:00:33.443000,android,0.005580190011920928,0.003430313,2,b5bf8907-e3ab-4a62-938d-8e928f16fa21,934,7,3f5f4cc8-8ebf-4104-978e-4622a249891c,2024-11-15 00:10:48.792000,v1.10 - Skipits - New Users,Control
US,2024-11-15T02:58:21.000Z,,0,17,0,0,,Apple,iPhone15ProMax,2024-11-16 16:01:47.953000,ios,0.49580014873315426,0.49580014873315426,6,e7031f57-9138-4b98-872c-9f67e1802e7a,1379,18,03bad70b-b7a8-40d5-ab23-d30c84e3d881,2024-11-15 02:58:27.641000,v1.10 - Skipits - New Users,Control
US,2024-11-12T17:35:53.000Z,,0,1,0,0,com.android.vending,OnePlus,KB2007,2024-11-16 16:05:25.291000,android,0,,0,58f1e60b-689f-42b4-88b3-0ae048dc2dd9,30,37,f0df70e8-6bdf-4d6c-9563-3e67dfd76698,2024-11-12 17:36:01.767000,v1.10 - Skipits - New Users,Control
FR,2024-10-22T10:07:56.000Z,,0,15,0,0,,Apple,iPhoneSE2Gen,2024-11-16 16:06:03.583000,ios,0,,0,275a0b8a-afda-4ada-bedd-2584e2dcb8ff,585,68,8753921d-851d-4018-a58a-f6ba9a58902b,2024-11-13 21:26:19.367000,v1.10 - Skipits - Existing Users,Skipits - Middle Prices
US,2024-10-12T17:16:41.000Z,0.009329321547619045,3,9,0,0,,Apple,iPhone15Plus,2024-11-16 16:07:18.741000,ios,0.026457183662593024,0.017127862114973975,5,68e5e7a8-1ca8-4f01-ab54-2097f750698b,820,431,5d50ac0a-3d1a-46a2-bf20-0c5f6deaa90c,2024-11-08 10:18:56.058000,v1.10 - Skipits - Existing Users,Skipits - Middle Prices
ID,2024-10-02T05:48:48.000Z,,0,2,0,0,com.android.vending,INFINIX,Infinix X6833B,2024-11-16 16:07:21.444000,android,0,,0,8735d10d-54ad-4aa7-9443-86d7d2855d54,64,56,128ae142-1866-40f3-a0b8-b87ae61b64eb,2024-11-10 04:22:18.734000,v1.10 - Skipits - Existing Users,Skipits - Middle Prices
TW,2024-11-16T00:27:01.000Z,,0,25,0,0,com.android.vending,asus,ASUS_I006D,2024-11-16 16:09:24.207000,android,0.12186068238095238,0.12186068238095238,2,6aee5fab-627e-49de-931e-f35f3347849a,889,9,ad1a7b7d-65f6-4906-8a28-9c2e9ee4f04b,2024-11-16 00:27:07.832000,v1.10 - Skipits - Existing Users,Skipits - High Prices
US,2024-11-06T16:05:45.000Z,0.03501153373718262,3,28,0,0,,Apple,iPhone13ProMax,2024-11-16 16:09:33.729000,ios,0.17142102813720705,0.13640949440002442,5,e03bb42a-9f52-4b25-a586-7270ecb6b56a,1485,53,7c5aeb81-3207-4344-8fa1-56c6c2c74d0f,2024-11-09 16:30:41.117000,v1.10 - Skipits - Existing Users,Skipits - High Prices
PL,2024-11-14T19:35:23.000Z,0.01759665700000001,1,13,0,0,,Apple,iPhone15ProMax,2024-11-16 16:10:52.039000,ios,0.061135961428100585,0.043539304428100584,2,9e8f874c-71b4-488c-89a2-60d2b64a24bd,582,5,a1afb123-2966-49a7-bffe-76835956b65d,2024-11-14 19:35:30.255000,v1.10 - Skipits - New Users,Skipits - High Prices
BA,2024-10-16T13:35:24.000Z,,0,0,0,0,com.android.vending,samsung,SM-N980F,2024-11-16 16:10:55.527000,android,0.0006967368093814851,0.0006967368093814851,1,bdd706ca-f37c-4aa1-ab45-38965dabbf2c,64,167,2dbe64b1-fbcc-4ca5-acf0-aafc22ba3324,2024-11-08 06:27:29.733000,v1.10 - Skipits - Existing Users,Skipits - High Prices
RS,2024-11-12T17:46:39.000Z,0.025076932569400003,2,15,0,0,com.android.vending,samsung,SM-S921B,2024-11-16 16:12:13.425000,android,0.13680135151690975,0.11172441894750976,3,ce9bc572-0e89-467d-b2f2-5e661e6fde7b,1025,9,2bdfa0d3-a8f0-4d53-a519-8d8bc8e60e15,2024-11-12 17:46:44.839000,v1.10 - Skipits - New Users,Skipits - High Prices
AZ,2024-11-16T16:12:55.000Z,,0,5,0,0,com.android.vending,samsung,SM-S916B,2024-11-16 16:12:25.739000,android,0,,0,c6c8427c-5c05-46e8-aa78-9171aa081046,123,1,53bf6806-3b05-4dc1-9059-696ebc86aecb,2024-11-16 16:12:25.739000,v1.10 - Skipits - New Users,Control
DE,2024-10-18T16:40:34.000Z,,0,15,0,0,,Apple,iPhoneXR,2024-11-16 16:16:25.181000,ios,0.0621627197265625,0.0621627197265625,1,3d63212c-de6c-456b-b830-27dc0c99b265,674,44,ac733675-291b-4bf2-b42b-375f24b7996b,2024-11-09 13:59:29.143000,v1.10 - Skipits - Existing Users,Control
US,2024-11-06T19:04:14.000Z,0.029175035324096675,3,25,0,0,,Apple,iPhone11,2024-11-16 16:16:54.039000,ios,0.061696856842041,0.03252182151794433,1,389a0b24-73a2-4ae8-bd46-52b22644fe15,1225,46,6e027d26-1f89-432e-bbc3-8a9fda23bd72,2024-11-10 16:10:06.495000,v1.10 - Skipits - Existing Users,Skipits - High Prices
GB,2024-11-13T23:18:04.000Z,0.031157916656708348,22,66,0,0,,Apple,iPhoneX,2024-11-16 16:17:04.039000,ios,0.03466823349139971,0.0035103168346913654,3,2d543361-7c52-4c25-b23a-de8f8747f869,5968,25,8f1a9d80-bef8-4152-82b7-7463eb6cf079,2024-11-13 23:18:10.096000,v1.10 - Skipits - New Users,Control
KH,2024-11-16T16:17:47.000Z,,0,0,0,0,com.android.vending,samsung,SM-S908E,2024-11-16 16:17:55.279000,android,0,,0,849614bc-8887-4df1-8375-4609c2f58153,1,1,7fb7042b-8420-4183-896b-1d81cca03406,2024-11-16 16:17:55.279000,v1.10 - Skipits - New Users,Skipits - Middle Prices
US,2024-10-15T04:12:37.000Z,0.04497893524169921,5,30,0,0,,Apple,iPhone13,2024-11-16 16:19:01.262000,ios,0.07748808822631835,0.03250915298461914,3,2e0ac21d-ae90-4dcf-9282-a484a3c14ffd,1384,95,7576f790-eb75-4350-baed-f4623dff0a84,2024-11-09 18:47:11.704000,v1.10 - Skipits - Existing Users,Skipits - Middle Prices
US,2024-10-15T04:12:37.000Z,,0,0,0,0,,Apple,iPhone13,2024-11-16 16:19:01.583000,ios,0,,0,e2964de8-82bf-4de4-99c5-eb179ba53942,32,96,7576f790-eb75-4350-baed-f4623dff0a84,2024-11-09 18:47:11.704000,v1.10 - Skipits - Existing Users,Skipits - Middle Prices
DE,2024-10-26T06:51:48.000Z,,0,5,0,0,,Apple,iPhone13ProMax,2024-11-16 16:22:02.668000,ios,0.01506428623199463,0.01506428623199463,1,d10eea66-9247-460c-91c4-2494723666af,285,25,3a9ab6a7-5113-49f5-8851-30e061e5d0f1,2024-11-14 20:51:14.220000,v1.10 - Skipits - Existing Users,Skipits - Middle Prices
RU,2024-10-13T14:21:29.000Z,0.000528768002986908,1,5,0,0,com.android.vending,vivo,V2310,2024-11-16 16:22:40.831000,android,0.000528768002986908,,0,b6f49ee7-602a-4188-a557-0582877968d1,223,277,27b4e1c3-a502-4091-8c76-f5f74842d375,2024-11-12 01:55:45.356000,v1.10 - Skipits - Existing Users,Skipits - Middle Prices
ES,2024-11-16T13:29:59.000Z,0.05468559718928287,10,65,0,0,com.android.vending,samsung,SM-G996B,2024-11-16 16:25:02.981000,android,0.09927967933497378,0.04459408214569092,3,4e2a5a6e-793a-45ea-aeac-010149dd0c27,2799,3,243ef231-cb31-49b5-85eb-81a68e0b746b,2024-11-16 13:30:36.871000,v1.10 - Skipits - New Users,Control
US,2024-11-16T16:25:29.000Z,0.27957297706604006,6,66,0,0,com.android.vending,samsung,SM-S918U,2024-11-16 16:25:35.518000,android,0.41918934822082515,0.13961637115478515,2,979fb972-fea8-4b79-9035-31c1ea21968f,2327,1,addffadb-deec-4554-925e-0e9fcea288fb,2024-11-16 16:25:35.518000,v1.10 - Skipits - New Users,Skipits - Middle Prices
MX,2024-09-16T16:13:19.000Z,0.023966490430150714,4,40,0,0,,Apple,iPhone13ProMax,2024-11-16 16:25:45.705000,ios,0.06316733723777952,0.039200846807628816,6,d4c71550-77f4-4187-8e08-5f160dfc0ccf,1845,35,29f63962-d462-4d85-b7e2-9ff66e987e22,2024-11-11 04:07:12.217000,v1.10 - Skipits - Existing Users,Skipits - High Prices
GB,2024-11-14T10:45:00.000Z,0.001933053493499756,1,4,0,0,,Apple,iPhone14,2024-11-16 16:28:00.600000,ios,0.009634927711486819,0.0077018742179870625,2,d36933a9-f68d-4b63-9d33-473298ced0aa,496,37,b4f51d5b-fe90-4ba2-b3e7-c4bb16494c34,2024-11-14 10:45:06.907000,v1.10 - Skipits - New Users,Skipits - Middle Prices
BR,2024-09-22T14:09:19.000Z,,0,4,0,0,com.android.vending,samsung,SM-A155M,2024-11-16 16:28:58.984000,android,0,,0,b4fa4793-1cc0-4dfc-8abb-137613e729b5,189,292,24139278-61a8-499a-a77a-bd0fb1f0c39f,2024-11-09 23:01:00.168000,v1.10 - Skipits - Existing Users,Skipits - High Prices
SG,2024-11-09T06:41:01.000Z,0.010518276502042498,3,36,0,0,com.android.vending,samsung,SM-G980F,2024-11-16 16:29:45.885000,android,0.1399561431907632,0.1294378666887207,12,372666a4-c35f-4d33-b384-097a0ff2aa64,2011,29,b01aec56-b13c-48e8-a039-a8eaab67b5c8,2024-11-09 06:41:08.836000,v1.10 - Skipits - New Users,Skipits - High Prices
VN,2024-08-25T17:34:12.000Z,,0,0,0,0,,Apple,iPhone11ProMax,2024-11-16 16:32:13.355000,ios,0,,0,9a4e7f7e-b9ae-413b-866d-29122c2c0bc5,0,276,18b0d90e-0aa7-4418-8c77-4bbd2cf4b288,2024-11-08 23:57:48.735000,v1.10 - Skipits - Existing Users,Control
UA,2024-11-16T08:59:33.000Z,0.002526,4,45,0,0,com.android.vending,realme,RMX2001,2024-11-16 16:32:53.767000,android,0.05071183818313264,0.04818583818313265,9,3ad04472-d7ee-4d43-9788-f24ad04a5ba3,1901,4,b0a5cb06-d277-4bc7-b983-c3260578d67b,2024-11-16 08:59:40.012000,v1.10 - Skipits - New Users,Skipits - High Prices
ZZ,2024-10-15T17:55:39.000Z,0.00137579115197404,5,78,0,0,com.android.vending,samsung,SM-M346B,2024-11-16 16:32:57.200000,android,0.07021288879169348,0.06883709763971943,39,e45f9139-2744-426e-9bc8-cbe3dd01e9fc,5155,151,77097cb5-1c43-4b1b-81b3-2ece852962f0,2024-11-08 14:50:48.461000,v1.10 - Skipits - Existing Users,Skipits - High Prices
ID,2024-10-28T02:21:11.000Z,0.00226,1,58,0,0,com.android.vending,INFINIX,Infinix X6815D,2024-11-16 16:32:57.806000,android,0.1683170827905685,0.16605708279056852,35,a70ebaa4-ae70-4734-bbb2-c8b4c8ec03a5,3519,9,a4977f7b-beed-437f-806d-7054100b6673,2024-11-15 05:31:05.135000,v1.10 - Skipits - Existing Users,Skipits - Middle Prices
US,2024-11-09T17:27:21.000Z,0.124295633580611,7,74,0,0,com.android.vending,samsung,SM-S136DL,2024-11-16 16:33:10.952000,android,0.807929451002811,0.6836338174221999,18,00cf3af1-241b-4728-be7f-e67f081d49c5,3800,16,3ab62197-c747-42d7-b8f9-5f5d0a52fbd0,2024-11-09 17:27:29.055000,v1.10 - Skipits - New Users,Skipits - Middle Prices
GB,2024-10-20T14:37:19.000Z,0.014371194393214286,11,23,0,0,,Apple,iPhone11,2024-11-16 16:33:21.340000,ios,0.019701022927227033,0.005329828534012749,3,322feeae-544d-4ecb-8aaa-0170484f1f2a,1491,218,bceac9dd-3451-4ed1-ac53-10a800a547fe,2024-11-10 11:09:07.013000,v1.10 - Skipits - Existing Users,Skipits - High Prices
US,2024-10-26T13:41:39.000Z,,0,10,0,0,com.android.vending,samsung,SM-S928U,2024-11-16 16:34:41.013000,android,0.09672218879607683,0.09672218879607683,9,b00d0ed5-e9f5-4891-a80b-bcd833df8463,916,122,20a537c9-d939-4339-88e2-08f9a43cea7a,2024-11-08 21:58:06.986000,v1.10 - Skipits - Existing Users,Skipits - Middle Prices
BD,2024-11-16T16:34:57.000Z,,0,4,0,0,,Apple,iPhone12ProMax,2024-11-16 16:35:04.550000,ios,0,,0,e46fd5f6-557e-437a-869b-6d20501d7291,90,1,fb1259b1-ea7e-4c94-a0f8-945c817b3a60,2024-11-16 16:35:04.550000,v1.10 - Skipits - New Users,Control
KR,2024-10-11T12:34:13.000Z,,0,5,0,0,com.android.vending,samsung,SM-S908N,2024-11-16 16:35:12.490000,android,0.09741200405768363,0.09741200405768363,5,0d4e32c5-1d26-45d5-be8e-06d7a10e528f,349,169,b9e0201a-1df2-4158-846b-bfb877c2735b,2024-11-09 08:11:20.566000,v1.10 - Skipits - Existing Users,Control
BA,2024-10-16T13:35:24.000Z,0.000469086,4,35,0,0,com.android.vending,samsung,SM-N980F,2024-11-16 16:36:33.651000,android,0.049724503065048185,0.049255417065048185,27,4f0ab5fd-541f-44b3-a65d-de7adf71aaf3,3260,169,2dbe64b1-fbcc-4ca5-acf0-aafc22ba3324,2024-11-08 06:27:29.733000,v1.10 - Skipits - Existing Users,Skipits - High Prices
GB,2024-10-24T22:06:22.000Z,,0,1,0,0,com.android.vending,samsung,SM-S921B,2024-11-16 16:36:34.086000,android,0,,0,df4406bd-98c5-4720-8d2a-92d5bf6c52fd,90,83,da9a20d4-d57f-48b7-9db8-e66f3b049368,2024-11-08 17:32:12.318000,v1.10 - Skipits - Existing Users,Skipits - Middle Prices
US,2024-11-15T23:20:31.000Z,,0,93,0,0,com.android.vending,samsung,SM-G996U,2024-11-16 16:37:00.199000,android,0.04103324999999999,0.04103324999999999,1,31cd4ef2-45ab-420a-8fd6-cc3c15342e64,3567,3,17c98327-850a-432f-8e8b-eb36ce182c99,2024-11-15 23:20:37.942000,v1.10 - Skipits - New Users,Skipits - High Prices
GB,2024-11-10T12:12:02.000Z,,0,4,0,0,com.android.vending,Google,Pixel 7a,2024-11-16 16:37:01.695000,android,0,,0,3b724817-e9b3-4154-9231-493298f15d22,312,14,8c90dcbd-e102-48ee-a691-cfe73ccbf27a,2024-11-10 12:12:08.185000,v1.10 - Skipits - New Users,Skipits - Middle Prices
GB,2024-11-10T12:12:02.000Z,,0,4,0,0,com.android.vending,Google,Pixel 7a,2024-11-16 16:37:04.149000,android,0,,0,7dc6be93-5762-4092-adc3-cf3a0aff392e,187,21,8c90dcbd-e102-48ee-a691-cfe73ccbf27a,2024-11-10 12:12:08.185000,v1.10 - Skipits - New Users,Skipits - Middle Prices
KR,2024-09-26T08:12:40.000Z,0.004912059999999999,2,12,0,0,com.android.vending,samsung,SM-S916N,2024-11-16 16:37:12.823000,android,0.051811391197099994,0.0468993311971,13,461712a1-fa84-45b7-b0a7-907aa7148f85,1295,381,af68c51f-650b-479e-91ef-abf1507422f0,2024-11-08 15:44:58.069000,v1.10 - Skipits - Existing Users,Skipits - High Prices
KR,2024-10-29T23:07:57.000Z,,0,0,0,0,,Apple,iPhone13ProMax,2024-11-16 16:37:21.490000,ios,0,,1,dd540e87-a9d3-4a35-90f6-f647899d0570,5838,126,a9a76121-76ce-4d26-b639-7c1cfacd0926,2024-11-09 03:00:51.257000,v1.10 - Skipits - Existing Users,Control
JP,2024-10-15T22:18:23.000Z,,0,77,0,0,,Apple,iPhone15,2024-11-16 16:38:24.313000,ios,0.09959955685706895,0.09959955685706895,42,1c8718e0-432b-44b7-9b7a-d090cb9ad366,6540,142,63953d84-7d6a-4bd4-b58d-7bbd3807f89c,2024-11-10 11:34:18.231000,v1.10 - Skipits - Existing Users,Skipits - Middle Prices
PL,2024-11-07T14:07:33.000Z,0.016863055800176188,3,28,0,0,,Apple,iPhone12ProMax,2024-11-16 16:39:03.173000,ios,0.02677543675255714,0.009912380952380955,1,5b56cbd8-5908-4ef8-891e-583f6757318b,964,44,ea825670-b5a3-492c-97a3-80e59632fa23,2024-11-09 09:07:53.391000,v1.10 - Skipits - Existing Users,Control
ID,2024-09-23T17:46:38.000Z,0.0020478249571260396,6,62,0,0,com.android.vending,INFINIX,Infinix X6837,2024-11-16 16:40:08.311000,android,0.036865956704534145,0.0348181317474081,8,420fa46f-3284-42a9-8439-e45f8250defb,2351,167,cd959556-36ef-44e5-b15d-e24157a8c002,2024-11-10 04:31:41.785000,v1.10 - Skipits - Existing Users,Skipits - Middle Prices
US,2024-11-16T00:43:17.000Z,,0,4,0,0,,Apple,iPhone13Pro,2024-11-16 16:40:25.446000,ios,0,,0,b56b5471-76f7-468c-8ce4-9487a1bbf2db,124,4,f9e522f8-c7eb-4832-a028-d6ccfd27c51e,2024-11-16 00:43:24.988000,v1.10 - Skipits - New Users,Control
KR,2024-11-12T07:27:22.000Z,,0,1,0,0,,Apple,iPhone15,2024-11-16 16:42:51.338000,ios,0,,0,967d9b88-62d0-40f9-9c96-d4e1111a3dd5,15,37,816be12f-a29c-4557-90af-d1406235425b,2024-11-12 07:27:30.221000,v1.10 - Skipits - New Users,Control
UA,2024-11-16T13:25:16.000Z,0.0031796740000000004,6,55,0,0,com.android.vending,samsung,SM-A235F,2024-11-16 16:42:51.632000,android,0.024864568041839202,0.021684894041839202,14,95942743-8c74-4843-a6ac-1329ab3c8da7,3009,4,01e3e549-5fec-47a8-a13b-45444f87b282,2024-11-16 13:25:23.709000,v1.10 - Skipits - New Users,Control
PH,2024-11-14T14:56:37.000Z,0.0075537,4,20,0,0,com.android.vending,samsung,SM-G990E,2024-11-16 16:46:44.316000,android,0.016865111710209376,0.009311411710209376,4,19ef4a34-6e1b-4a54-8b50-a3d97436d1d0,1274,9,30fbaff6-7a07-44d1-a905-ce1eb3b42321,2024-11-14 14:56:46.738000,v1.10 - Skipits - New Users,Skipits - High Prices
UZ,2024-11-13T18:16:21.000Z,,0,0,0,0,com.android.vending,Xiaomi,2201116TG,2024-11-16 16:47:02.322000,android,0,,0,62d42367-71b0-492f-8765-aa6f406e6589,5,26,9ecbc21b-a21b-41ff-ade9-70e235694985,2024-11-13 18:16:31.009000,v1.10 - Skipits - New Users,Skipits - High Prices
JP,2024-09-28T07:11:55.000Z,,0,4,0,0,,Apple,iPhone14,2024-11-16 16:47:15.480000,ios,0.005050760000000002,0.005050760000000002,1,1581ff81-1f33-402a-998d-9679865cc444,995,134,628cf474-da39-4b8c-ba9c-53b1c47f95e5,2024-11-10 19:30:49.793000,v1.10 - Skipits - Existing Users,Control
SR,2024-11-16T16:50:50.000Z,0.00564381134046827,5,55,0,0,com.android.vending,samsung,SM-A055F,2024-11-16 16:51:01.570000,android,0.09924294030843463,0.09359912896796635,8,da1c3188-d85a-4076-a33d-b4dbcb0a7529,3571,1,c5169857-c6ec-46da-af5b-4711d9f595e2,2024-11-16 16:51:01.570000,v1.10 - Skipits - New Users,Skipits - Middle Prices
DE,2024-10-28T19:10:14.000Z,,0,1,0,0,,Apple,iPhone12,2024-11-16 16:51:05.314000,ios,0.006680315971374515,0.006680315971374515,0,e0fd68b3-0d2f-46ea-97b0-f31c9f837fc7,38,137,d2856bf2-d798-49d2-81df-10c84a628ed8,2024-11-11 20:42:43.262000,v1.10 - Skipits - Existing Users,Skipits - High Prices
IN,2024-11-16T16:52:18.000Z,,0,14,0,0,com.android.vending,realme,RMX3242,2024-11-16 16:52:26.614000,android,0,,0,6e7a2a14-1745-49c5-9009-7c1d3d9b7d3e,481,1,14d039c8-69db-432c-afa2-92b5b628507f,2024-11-16 16:52:26.614000,v1.10 - Skipits - New Users,Skipits - High Prices
IN,2024-09-30T06:26:17.000Z,0.0007081800000000001,7,15,0,0,com.android.vending,OPPO,CPH1809,2024-11-16 16:52:49.439000,android,0.001328044750807285,0.0006198647508072854,4,8f18c426-a311-4439-8e1e-7aa9a0efe9a1,1383,93,aed8d164-ee3a-45d2-b2e0-fa20a054cc47,2024-11-12 05:56:34.869000,v1.10 - Skipits - Existing Users,Skipits - High Prices
TR,2024-10-20T08:11:36.000Z,0.011714689006446836,4,27,0,0,,Apple,iPhone14,2024-11-16 16:52:54.986000,ios,0.011714689006446836,,0,51cddc92-5575-409c-9c39-6682bc33a78d,1238,64,336d3e6a-841e-4f49-852a-c22ffd7e50c6,2024-11-10 11:55:35.488000,v1.10 - Skipits - Existing Users,Skipits - High Prices
JP,2024-11-11T17:16:28.000Z,,0,38,0,0,com.android.vending,Sony,SOG02,2024-11-16 16:53:16.580000,android,3.1705579609798815,3.1705579609798815,4,f068c8ec-454f-431b-972c-7bec1cfc59ff,17176,34,8522a557-d929-4c73-af82-c28364829123,2024-11-11 17:16:38.280000,v1.10 - Skipits - New Users,Control
JP,2024-11-15T16:20:36.000Z,,0,0,0,0,,Apple,iPhone15ProMax,2024-11-16 16:54:45.615000,ios,0,,0,4f254905-ae45-4cf2-8304-9647d4972ecb,61,9,7478447a-06ac-4bd4-97f3-31b5d5dce511,2024-11-15 16:20:44.300000,v1.10 - Skipits - New Users,Skipits - High Prices
ZZ,2024-06-18T23:30:56.000Z,,0,2,0,0,com.android.vending,realme,RMX3630,2024-11-16 16:55:31.364000,android,0,,0,84ca1f88-07c9-409f-baf4-17f9b6ce6608,0,52,bc9c503f-fa62-46a1-aa30-4cd2ef0ac13f,2024-11-14 20:30:32.247000,v1.10 - Skipits - Existing Users,Skipits - Middle Prices
IN,2024-10-30T08:15:31.000Z,,0,12,0,0,com.android.vending,vivo,V2312,2024-11-16 16:58:08.553000,android,0.003201924380952381,0.003201924380952381,3,aa22bb82-d28e-4af2-843d-8f30fb2f7a46,658,72,60c27238-89de-40b7-bdb9-24b687732fa4,2024-11-10 17:24:44.438000,v1.10 - Skipits - Existing Users,Control
US,2024-05-23T19:47:27.000Z,,0,2,0,0,,Apple,iPhone13,2024-11-16 17:00:11.348000,ios,0,,0,11e0fc7f-246f-423f-8453-617891aea57e,70,96,f11279b0-1c71-4278-b03a-7eb232e5d92c,2024-11-10 07:30:13.020000,v1.10 - Skipits - Existing Users,Skipits - Middle Prices
IN,2024-11-16T17:00:05.000Z,,0,19,0,0,com.android.vending,OnePlus,CPH2491,2024-11-16 17:00:14.091000,android,0,,0,df887946-629c-4c4e-895d-9b0aa49d92e9,514,1,64408b38-9781-4997-9e52-f7af749b3565,2024-11-16 17:00:14.092000,v1.10 - Skipits - New Users,Control
IT,2024-10-18T19:39:38.000Z,0.001181944038754418,2,15,0,0,com.android.vending,samsung,SM-A546B,2024-11-16 17:01:22.447000,android,0.003665172850063869,0.002483228811309451,2,d345455c-d0d1-41e4-9620-b0b1eb77a4fe,675,124,5276cf88-995b-4a4b-8544-3de6c06cad8d,2024-11-09 23:34:13.205000,v1.10 - Skipits - Existing Users,Control
LB,2024-11-02T16:25:06.000Z,0.00013747199001766386,1,10,0,0,com.android.vending,TECNO MOBILE LIMITED,TECNO KG5k,2024-11-16 17:01:32.073000,android,0.00046447840043476656,0.00032700641041710267,1,ceccc86a-bacc-4858-851d-413eb236e500,396,38,d67ad33e-8085-41b4-8ee7-48517de9b9cb,2024-11-09 16:34:07.487000,v1.10 - Skipits - Existing Users,Skipits - High Prices
AR,2024-10-20T18:02:02.000Z,0.0031368718356018068,4,14,0,0,com.android.vending,samsung,SM-A225M,2024-11-16 17:02:02.546000,android,0.006112510225189209,0.0029756383895874023,2,960076a5-3545-42bf-afc5-adb655e99435,1595,125,93d9e125-669e-4d85-bbfc-ab626d6a6b1b,2024-11-08 17:42:47.565000,v1.10 - Skipits - Existing Users,Skipits - Middle Prices
CZ,2024-09-21T16:14:57.000Z,0.01653647604761905,7,53,0,0,com.android.vending,motorola,moto g54 5G,2024-11-16 17:04:04.842000,android,0.01653647604761905,,0,8b84017a-833a-4b86-8513-2b5be05b5f2a,1687,91,7bdce343-5dad-4786-b3e3-bf5bccc2cb7c,2024-11-12 09:52:42.139000,v1.10 - Skipits - Existing Users,Skipits - High Prices
IT,2024-11-09T17:28:07.000Z,,0,29,0,0,com.android.vending,samsung,SM-G998B,2024-11-16 17:07:28.078000,android,0,,0,99b6f811-a65a-4b2d-9bdc-ed5cb9c7b994,330,9,8d149460-0a6a-46f6-af10-0c1720608e14,2024-11-16 17:07:26.326000,v1.10 - Skipits - New Users,Skipits - High Prices
IT,2024-11-09T17:28:07.000Z,,0,9,0,0,com.android.vending,samsung,SM-G998B,2024-11-16 17:07:30.887000,android,0,,0,1f8950df-83fe-45de-9780-306f1b72f2bd,125,23,8d149460-0a6a-46f6-af10-0c1720608e14,2024-11-16 17:07:26.326000,v1.10 - Skipits - New Users,Skipits - High Prices
IL,2024-11-16T17:12:43.000Z,0.005980000000000001,1,40,0,0,com.android.vending,INFINIX,Infinix X676C,2024-11-16 17:12:53.134000,android,0.02761137522697449,0.021631375226974486,5,d4d1a57a-2c49-45bc-a44a-dd5f9298dac2,1514,1,e99a791d-0c33-43d2-bb03-dbf05c130409,2024-11-16 17:12:53.135000,v1.10 - Skipits - New Users,Skipits - Middle Prices
US,2024-10-30T15:05:32.000Z,0.04122106952380952,2,15,0,0,,Apple,iPhone14ProMax,2024-11-16 17:13:55.970000,ios,0.0936167737932187,0.05239570426940918,2,0890960c-7da9-49c4-90d5-bc32279fb536,701,44,751d08fe-dac1-4118-96b4-d1342d142b57,2024-11-16 04:12:51.443000,v1.10 - Skipits - Existing Users,Control
JP,2024-11-16T10:18:17.000Z,,1,2,0,0,,Apple,iPhone12ProMax,2024-11-16 17:18:51.892000,ios,0.05741292572021485,0.05741292572021485,0,0175e96b-dda5-49c2-a6a6-626ef69d883c,44,7,efb77703-acc0-469f-9b3e-14ecd9c5bae3,2024-11-16 10:18:25.565000,v1.10 - Skipits - New Users,Skipits - Middle Prices
BR,2024-10-24T01:31:03.000Z,0.16657040094761622,9,59,0,0,,Apple,iPhone11,2024-11-16 17:20:53.248000,ios,0.16657040094761622,,0,d6d9bb74-4655-4e76-b21f-a717016b945c,2404,15,0a5015b8-fda8-4a01-85b6-25ac227b3463,2024-11-15 16:46:36.508000,v1.10 - Skipits - Existing Users,Skipits - Middle Prices
SA,2024-10-07T13:49:21.000Z,,0,1,0,0,,Apple,iPhone11,2024-11-16 17:21:36.954000,ios,0,,0,66d6927a-fc74-4ce9-9fc9-f5e0f97e8bfa,98,90,d519d2ab-7994-44d0-aa77-e719f5433780,2024-11-10 08:47:21.466000,v1.10 - Skipits - Existing Users,Control
US,2024-10-19T18:40:45.000Z,0.018577906999999998,2,15,0,0,,Apple,iPhone15ProMax,2024-11-16 17:23:04.785000,ios,0.03854917565386963,0.019971268653869625,3,83336eec-a8f9-4879-a802-9e4ad53250b2,1175,169,fe5a3daf-a271-4005-8c15-2e68b2fd4eb4,2024-11-08 20:46:09.413000,v1.10 - Skipits - Existing Users,Control
MX,2024-11-08T00:41:01.000Z,,0,38,0,0,com.android.vending,samsung,SM-A325M,2024-11-16 17:25:41.345000,android,0,,0,1e71df49-4055-475c-a38d-98bc83988436,1513,6,23876bf1-0a82-400c-a3e2-6aa0b71900eb,2024-11-08 00:41:14.841000,v1.10 - Skipits - New Users,Skipits - High Prices
MX,2024-11-08T00:41:01.000Z,,0,5,0,0,com.android.vending,samsung,SM-A325M,2024-11-16 17:25:43.953000,android,0,,0,22d34c22-a2ec-4662-b1eb-df287b06bccb,253,16,23876bf1-0a82-400c-a3e2-6aa0b71900eb,2024-11-08 00:41:14.841000,v1.10 - Skipits - New Users,Skipits - High Prices
MX,2024-11-08T00:41:01.000Z,,0,3,0,0,com.android.vending,samsung,SM-A325M,2024-11-16 17:25:44.487000,android,0,,0,e031146f-401d-4b54-a533-6cabb290177d,360,18,23876bf1-0a82-400c-a3e2-6aa0b71900eb,2024-11-08 00:41:14.841000,v1.10 - Skipits - New Users,Skipits - High Prices
TR,2024-11-11T10:10:50.000Z,,0,13,0,0,com.android.vending,samsung,SM-A546E,2024-11-16 17:26:53.655000,android,0,,0,b77e6074-193e-4b8d-bef1-b4d0f9b8952f,215,7,1e5b1fc1-df5f-4d41-9ad1-87766e2339d6,2024-11-11 10:10:57.411000,v1.10 - Skipits - New Users,Skipits - Middle Prices
CL,2024-10-04T16:16:43.000Z,,0,0,0,0,com.android.vending,Xiaomi,21121210G,2024-11-16 17:30:35.402000,android,0,,0,e4618d19-5516-47c4-bca4-f92d50f993ef,5,97,b5b78f1e-94f4-4c29-87da-2c4deae0688f,2024-11-09 19:37:51.046000,v1.10 - Skipits - Existing Users,Control
US,2024-11-05T18:01:07.000Z,0.006071039379664829,1,10,0,0,,Apple,iPhone13,2024-11-16 17:32:35.643000,ios,0.028860559498213586,0.022789520118548755,3,d366b819-86da-4be8-a3ee-fede43ea2fbe,758,43,aa5ba705-4193-4288-ba58-2a8c8fe1691f,2024-11-09 05:25:13.382000,v1.10 - Skipits - Existing Users,Control
US,2024-11-10T19:16:42.000Z,,0,0,0,0,,Apple,iPhone14ProMax,2024-11-16 17:34:09.793000,ios,0.13867648428571427,0.13867648428571427,2,bb9152cc-4efc-400a-9b6a-397041446feb,137,50,8d1420e4-65b9-4583-9876-2e8df123c111,2024-11-10 19:16:48.645000,v1.10 - Skipits - New Users,Skipits - Middle Prices
US,2024-11-10T20:58:16.000Z,,0,0,0,0,,Apple,iPhone12Mini,2024-11-16 17:35:12.181000,ios,0,,0,e49ea328-1e20-40ac-aad9-ab9c6ba0808e,98,22,8991fe47-ff3a-4987-aa35-9df299d57891,2024-11-10 20:58:27.391000,v1.10 - Skipits - New Users,Skipits - Middle Prices
IT,2024-09-28T09:08:56.000Z,0.0015167000000000002,2,7,0,0,com.android.vending,OPPO,CPH2219,2024-11-16 17:35:20.209000,android,0.0015167000000000002,,0,cc31f357-1722-4ad1-89c8-3bb32a72eae9,309,80,f7d8bc6f-94c6-433c-9d24-9aa50a8acde6,2024-11-08 06:59:51.199000,v1.10 - Skipits - Existing Users,Skipits - Middle Prices
DO,2024-11-16T17:35:59.000Z,,0,9,0,0,com.android.vending,LENOVO,Lenovo TB-X306X,2024-11-16 17:36:11.070000,android,0,,0,12a89cae-9ec9-477f-ae82-f699ee352577,495,1,434987d6-4c79-4f6e-9aa4-7fb6cd37a902,2024-11-16 17:36:11.070000,v1.10 - Skipits - New Users,Skipits - Middle Prices
TH,2024-10-13T17:32:20.000Z,0.004124829,2,13,0,0,,Apple,iPhone11,2024-11-16 17:36:48.049000,ios,0.012783212,0.008658383,2,14392af7-484e-4123-9c83-a60a0a54898d,779,153,809c553e-6892-4766-be4c-0e4d2cd106de,2024-11-12 05:01:11.712000,v1.10 - Skipits - Existing Users,Skipits - Middle Prices
US,2024-10-14T05:06:12.000Z,0.01995,1,12,0,0,com.android.vending,motorola,motorola edge (2022),2024-11-16 17:37:24.573000,android,0.01995,,0,6e519f6f-fa62-4a12-b6a2-4a9e81da3847,459,37,ea383ce7-0101-4bf4-9a79-86f74090d446,2024-11-09 15:46:49.713000,v1.10 - Skipits - Existing Users,Skipits - High Prices
US,2024-11-10T19:34:09.000Z,0.04362325480393002,4,23,0,0,,Apple,iPhone14ProMax,2024-11-16 17:39:00.407000,ios,0.1102537460606439,0.06663049125671389,3,55035d69-4f76-4a08-989d-029c6abd6e43,1536,6,39d24ba6-fbcf-4636-8068-4d1871a59f6b,2024-11-10 19:34:16.487000,v1.10 - Skipits - New Users,Skipits - High Prices
NL,2024-11-07T17:25:31.000Z,,0,8,0,0,com.android.vending,samsung,SM-S921B,2024-11-16 17:39:45.403000,android,0,,0,21128c42-afd0-48b1-9f01-c6b543acef3e,380,40,8d5db5a2-970d-40d6-8934-974db5b18182,2024-11-07 17:25:37.491000,v1.10 - Skipits - New Users,Skipits - Middle Prices
US,2024-10-20T18:46:02.000Z,,0,30,0,0,,Apple,iPhone13,2024-11-16 17:40:18.853000,ios,0.9180155868530273,0.9180155868530273,9,b30a90de-7af9-4cdc-8664-e09899c7d5d9,2089,67,43feca7d-dce2-4409-9017-ac9172c3ef57,2024-11-09 17:21:59.397000,v1.10 - Skipits - Existing Users,Control
FR,2024-10-31T23:39:34.000Z,,0,20,0,0,,Apple,iPhone15ProMax,2024-11-16 17:41:26.347000,ios,0,,0,54519e25-d5b7-413f-b15a-0694b92f83c7,664,13,9c22f9d4-93c0-4f60-a743-435956ca19af,2024-11-11 01:00:57.250000,v1.10 - Skipits - Existing Users,Control
VN,2024-09-30T11:02:52.000Z,0.007289071346223989,8,26,0,0,,Apple,iPhone12,2024-11-16 17:41:34.459000,ios,0.020457475716536555,0.013168404370312567,12,726bb5b1-0b70-4195-a7b3-4a8158573357,2097,106,f118b342-2826-48bd-a115-496d40a9faa7,2024-11-11 12:10:06.575000,v1.10 - Skipits - Existing Users,Control
SV,2024-11-13T19:59:17.000Z,0.0007568479990735736,1,11,0,0,com.android.vending,samsung,SM-A135M,2024-11-16 17:42:00.095000,android,0.0007568479990735736,,0,9bb6b81b-bfe3-4bc9-b144-ee65bbc0596f,415,6,b62d1bbe-2674-40be-9184-8a04817a44b6,2024-11-13 19:59:26.212000,v1.10 - Skipits - New Users,Skipits - Middle Prices
BR,2024-11-14T14:54:47.000Z,0.06811663155154267,7,36,0,0,com.android.vending,samsung,SM-A546E,2024-11-16 17:43:42.464000,android,0.06811663155154267,,0,3c0ed28f-5322-49bf-b679-b753aa90caa0,1603,7,e4218f48-e606-4cdf-b868-2c7b10bede2f,2024-11-14 14:54:56.145000,v1.10 - Skipits - New Users,Skipits - High Prices
US,2024-10-20T00:12:09.000Z,0.027420042,1,0,0,0,com.android.vending,samsung,SM-S926U,2024-11-16 17:47:18.683000,android,0.027420042,,0,266bba66-6e47-4003-ac97-e000b973e82b,114,165,c45f9ced-3dc2-47e2-9fab-963e4e64c234,2024-11-10 15:45:38.095000,v1.10 - Skipits - Existing Users,Control
US,2024-11-16T10:52:14.000Z,0.0255972,0,1,0,0,,Apple,iPhone14,2024-11-16 17:48:05.769000,ios,0.0255972,,0,d7d9cf52-698b-4964-b491-0f9232242092,22,2,9bc3b358-d0c0-4067-9e49-13c4e158fa09,2024-11-16 10:52:21.066000,v1.10 - Skipits - New Users,Skipits - High Prices
US,2024-10-18T23:45:32.000Z,,0,48,0,0,com.android.vending,motorola,moto g stylus (2022),2024-11-16 17:48:34.942000,android,2.6975667182644343,2.6975667182644343,15,6a76a6b1-9418-48ca-b41b-a4bd0e6f1ce3,3561,33,3ea786c3-8c2c-4652-bcfb-cbc2d69f6136,2024-11-12 23:39:05.566000,v1.10 - Skipits - Existing Users,Control
JP,2024-11-10T08:00:58.000Z,0.007797024,1,10,0,0,,Apple,iPhone13,2024-11-16 17:49:14.067000,ios,0.059988788531250004,0.052191764531250004,3,757c1fc4-b143-49e6-916e-5469511562a2,793,10,5bd0f912-50ab-465d-96db-872500914575,2024-11-10 08:01:06.956000,v1.10 - Skipits - New Users,Skipits - High Prices
US,2024-11-11T17:40:15.000Z,0.004267787,1,0,0,0,com.android.vending,samsung,SM-A156U,2024-11-16 17:49:58.483000,android,0.014114815000000003,0.009847028,1,cbef8604-d77a-4424-98f2-614250f8fa69,85,105,0facab14-67f6-44a1-b3da-d18a7598ad30,2024-11-11 17:40:23.147000,v1.10 - Skipits - New Users,Skipits - High Prices
JP,2024-10-26T09:35:55.000Z,,0,0,0,0,,Apple,iPhone15,2024-11-16 17:53:51.396000,ios,0,,0,3f7eb5de-ed62-413f-95e3-aa1e80bd3779,1,62,639d22a4-482a-4fe1-ba1a-3e6a2e233a11,2024-11-08 22:59:20.409000,v1.10 - Skipits - Existing Users,Skipits - High Prices
US,2024-10-05T19:14:59.000Z,0.08442666666666666,1,9,0,0,,Apple,iPhoneXS,2024-11-16 17:54:04.403000,ios,0.08442666666666666,,0,d66f7d2c-ce75-4e5a-8183-1a0a43a0ddb9,369,23,84343eed-41e2-460f-a024-6bd5e5219532,2024-11-11 19:40:33.645000,v1.10 - Skipits - Existing Users,Skipits - Middle Prices
NL,2024-07-31T06:26:51.000Z,,0,10,0,0,com.android.vending,Google,Pixel 7 Pro,2024-11-16 17:54:12.851000,android,0.173918695,0.173918695,1,c3690208-5ad3-415f-88e6-0e3aafda6dcb,497,202,456dcb2c-af74-41a3-8aa1-19af6319fa79,2024-11-12 11:20:10.995000,v1.10 - Skipits - Existing Users,Skipits - High Prices
US,2024-10-31T01:39:43.000Z,0.008448231218201773,1,35,0,0,com.android.vending,samsung,SM-S901U,2024-11-16 17:54:48.834000,android,0.23044894028985421,0.22200070907165242,6,c0f560f9-be42-4a9d-93cd-a07958644811,1589,59,ac8a095d-9afc-4048-a79b-e8b4ee4812ea,2024-11-10 14:05:45.323000,v1.10 - Skipits - Existing Users,Control
AM,2024-10-04T11:10:48.000Z,,0,0,0,0,,Apple,iPhone12Pro,2024-11-16 17:57:19.621000,ios,0,,0,81b71f7f-3d42-4487-b24e-6035ff8aba10,30,226,aa3dbfe7-1b7e-4471-a3d6-b11918c8c4a1,2024-11-08 16:01:59.617000,v1.10 - Skipits - Existing Users,Skipits - High Prices
BO,2024-11-16T17:58:16.000Z,,0,10,0,0,com.android.vending,Xiaomi,22041219NY,2024-11-16 17:58:26.159000,android,0.001228377,0.001228377,0,5dcac0b9-cf40-4cd8-a960-9fbf27bcbd6f,211,1,e83326d4-68c0-4042-86ae-763dcfb4ccdb,2024-11-16 17:58:26.159000,v1.10 - Skipits - New Users,Skipits - High Prices
US,2024-10-08T00:02:54.000Z,0.03924559033557047,2,14,0,0,com.android.vending,Google,Pixel 9 Pro,2024-11-16 17:58:39.624000,android,0.13605493419921325,0.09680934386364276,2,70a043cb-d61d-4498-aec5-245f9a1cb4bc,873,19,cc5efbd5-5a5f-4f93-985a-6c9e9dac681c,2024-11-09 14:34:12.035000,v1.10 - Skipits - Existing Users,Control
US,2024-11-15T04:46:49.000Z,0.6780399327450708,2,11,0,0,,Apple,iPhone14Pro,2024-11-16 18:03:09.846000,ios,0.9355197911435083,0.2574798583984375,2,5f798937-8fab-40d3-b9dc-249ea2ea2b32,469,22,422cb4e7-96aa-478c-9591-4b37fa8ec71a,2024-11-15 04:46:55.817000,v1.10 - Skipits - New Users,Skipits - Middle Prices
US,2024-11-06T22:35:28.000Z,0.07082100250838344,11,69,0,0,,Apple,iPhone13,2024-11-16 18:06:29.217000,ios,0.19761073950838343,0.12678973699999999,15,8dad5942-2741-4779-a939-73f0f770e09d,3468,77,69e779f9-e4cf-4e14-9d7c-d0e91036ad61,2024-11-09 14:19:53.799000,v1.10 - Skipits - Existing Users,Control
DE,2024-09-06T18:24:50.000Z,,0,2,0,0,,Apple,iPhone11,2024-11-16 18:08:47.396000,ios,0.02667553588657152,0.02667553588657152,5,c9d624e8-6b20-401c-af9d-c14bd3a7e5b9,431,495,272f786c-b2a5-4c02-9b87-55ebeca1e776,2024-11-08 06:02:59.149000,v1.10 - Skipits - Existing Users,Skipits - High Prices
IT,2024-11-12T16:51:29.000Z,,0,31,0,0,com.android.vending,samsung,SM-S908B,2024-11-16 18:08:50.512000,android,0,,0,243884de-78df-4dc8-9352-e385fd31028d,1567,44,90cae9e4-59a2-4b3a-ad4f-d832b19a5053,2024-11-13 05:42:44.525000,v1.10 - Skipits - Existing Users,Skipits - Middle Prices
BR,2024-11-15T13:35:23.000Z,0.00102,2,30,0,0,com.android.vending,Xiaomi,2311DRK48G,2024-11-16 18:10:38.547000,android,0.03357388629530705,0.03255388629530705,18,e5436667-0c19-4b7e-b147-24dbd74d5d0d,1821,13,23738c38-772f-4af2-80be-a0d2808d44f6,2024-11-15 13:35:31.711000,v1.10 - Skipits - New Users,Skipits - Middle Prices
UA,2024-09-07T09:54:22.000Z,0.0067302271220000005,2,5,0,0,,Apple,iPhone15Pro,2024-11-16 18:11:42.593000,ios,0.0067302271220000005,,0,1a394b36-b095-4cc4-ae4c-6a66497cd4c4,332,268,b0791203-bc83-4dc2-bb30-91cd6c687dba,2024-11-09 10:25:48.262000,v1.10 - Skipits - Existing Users,Skipits - Middle Prices
US,2024-11-05T16:56:42.000Z,0.02559340407195545,2,13,0,0,,Apple,iPhone15ProMax,2024-11-16 18:13:32.066000,ios,0.08846223072627557,0.06286882665432011,4,39d2e4c5-58f5-48ad-bf4a-ea60b8b1ddb9,894,60,a588d48c-6187-43ea-a9fc-bef99e9299b7,2024-11-09 00:41:04.434000,v1.10 - Skipits - Existing Users,Control
US,2024-11-16T18:13:57.000Z,,0,3,0,0,com.android.vending,samsung,SM-G988U,2024-11-16 18:14:05.812000,android,0,,0,6d7fe966-b198-4e2a-a1a9-4ce44e9e9597,46,1,192d9274-3395-4887-a77a-4f9347d79395,2024-11-16 18:14:05.812000,v1.10 - Skipits - New Users,Skipits - High Prices
US,2024-11-13T04:28:14.000Z,0.05511315952709742,8,26,0,0,,Apple,iPad9Gen,2024-11-16 18:14:48.430000,ios,0.1546392884676797,0.09952612894058227,14,1a764db0-1935-45f5-b37a-10b6314ef504,3234,14,d8a260c1-1003-4352-8c8e-b4a2aebcd888,2024-11-13 04:28:21.293000,v1.10 - Skipits - New Users,Skipits - Middle Prices
US,2024-11-10T13:53:29.000Z,0.009128223419189454,0,0,0,0,,Apple,iPhone14ProMax,2024-11-16 18:16:33.383000,ios,0.009128223419189454,,1,a7ffab63-d4b4-4978-89e1-fa20805f4c65,719,28,1873f06e-783c-430a-9d95-9c996f76ef5e,2024-11-10 13:53:36.773000,v1.10 - Skipits - New Users,Control
US,2024-11-13T19:47:38.000Z,,1,2,0,0,,Apple,iPhone14Plus,2024-11-16 18:17:00.234000,ios,0.1608836364746094,0.1608836364746094,1,40060833-e240-407e-84a4-4ed8bd383f2d,86,14,368f5656-cbd8-4b54-b2f6-5c39caf06051,2024-11-13 19:47:45.017000,v1.10 - Skipits - New Users,Control
JP,2024-09-17T01:21:11.000Z,,0,0,0,0,,Apple,iPhone12,2024-11-16 18:17:27.831000,ios,0.026444696009962382,0.026444696009962382,4,74539f4d-18b1-4eda-9c9a-5a40075b66bf,270,162,cf328cff-18c6-461b-9f55-ebdcf8eb431a,2024-11-13 02:59:47.918000,v1.10 - Skipits - Existing Users,Skipits - High Prices
TR,2024-11-13T13:14:23.000Z,,0,4,0,0,,Apple,iPhoneXR,2024-11-16 18:18:15.622000,ios,0,,0,a1d96e29-4836-4c24-a160-7d23914f6bae,121,24,2a12e81b-dea2-4408-9411-e82157a3bf3a,2024-11-13 13:14:29.916000,v1.10 - Skipits - New Users,Skipits - Middle Prices
ID,2024-11-15T11:41:15.000Z,,0,39,0,0,com.android.vending,vivo,V2131,2024-11-16 18:19:22.484000,android,0,,0,526ee732-db74-49fe-81c1-2c23d1763197,125,7,c3c01ba9-5f96-4183-9515-4ef7bb18ec36,2024-11-15 11:41:28.613000,v1.10 - Skipits - New Users,Skipits - High Prices
US,2024-11-16T18:20:00.000Z,,0,14,0,0,com.android.vending,samsung,SM-A156U,2024-11-16 18:20:08.730000,android,0,,0,81985061-a07a-428e-9f71-9010dbf1f367,415,1,9c724393-e98b-446a-85d8-9532c7f5bc68,2024-11-16 18:20:08.731000,v1.10 - Skipits - New Users,Skipits - Middle Prices
AU,2024-04-24T09:09:42.000Z,,0,15,0,0,,Apple,iPhone12ProMax,2024-11-16 18:22:22.952000,ios,0,,0,a847c0b3-0385-4d4b-8719-cdeb7c9e340a,706,72,bdf8f15f-2000-4c4f-9d82-bb83db70596e,2024-11-16 18:22:22.952000,v1.10 - Skipits - Existing Users,Control
GR,2024-09-28T23:39:18.000Z,0.005757608701447078,7,54,0,0,com.android.vending,samsung,SM-G985F,2024-11-16 18:22:44.508000,android,0.23573794075656576,0.2299803320551187,36,de24435e-7984-44f2-abbc-ff820a48b035,4559,336,adf68c0c-91ab-464e-b091-59b5a69c5c70,2024-11-09 08:21:06.607000,v1.10 - Skipits - Existing Users,Control
GB,2024-11-14T15:46:33.000Z,,0,7,0,0,com.android.vending,samsung,SM-A536B,2024-11-16 18:23:09.880000,android,0.039363333333333334,0.039363333333333334,2,05e30239-589a-4f31-a790-caea4c29be4b,362,22,0a293c12-e2da-4d33-bc11-4ad87406769a,2024-11-14 15:46:39.554000,v1.10 - Skipits - New Users,Skipits - High Prices
US,2024-10-30T01:52:26.000Z,0.053473963047619054,6,32,0,0,,Apple,iPhone15Plus,2024-11-16 18:23:21.521000,ios,0.1267270297716791,0.07325306672406005,7,1b6b0410-6127-41eb-8c51-76c3adc5cd24,1740,57,9ea4b002-ddd0-4698-95c5-98dce3b7f0e4,2024-11-08 14:56:48.069000,v1.10 - Skipits - Existing Users,Control
DE,2024-11-03T10:35:40.000Z,,0,14,0,0,,Apple,iPhone15ProMax,2024-11-16 18:23:46.584000,ios,1.8469557495117188,1.8469557495117188,2,53699b16-33bf-41a5-bdfd-e3793a0b853a,747,47,1e120d4a-508f-490b-9c1c-80e429488001,2024-11-08 21:52:26.632000,v1.10 - Skipits - Existing Users,Control
ES,2024-10-20T16:32:54.000Z,0.006206929999999998,2,16,0,0,,Apple,iPhone13,2024-11-16 18:24:34.896000,ios,0.006206929999999998,,0,a054ad60-21fa-48d8-8fad-947ce5e43d15,603,165,32e8b969-c086-4c27-88d4-9b85bbdce265,2024-11-10 12:10:08.072000,v1.10 - Skipits - Existing Users,Control
DE,2024-11-07T14:01:33.000Z,,0,53,0,0,com.android.vending,samsung,SM-S918B,2024-11-16 18:25:34.539000,android,0.018210727834102085,0.018210727834102085,7,9e070453-f1b3-4c3e-a65f-05bf4fd90ecc,3274,62,fab323d7-ab38-46b5-9db7-1bacde89ed89,2024-11-09 19:33:59.766000,v1.10 - Skipits - Existing Users,Skipits - Middle Prices
CA,2024-11-01T03:16:11.000Z,0.0164528821,9,36,0,0,com.android.vending,Google,Pixel 8,2024-11-16 18:26:14.268000,android,0.0845574420537995,0.0681045599537995,32,a6eb15cc-aaf0-4ec4-bf3d-978e0686b8ff,5224,93,2dc7fddd-9913-4335-85f9-721e1ce72181,2024-11-08 21:52:52.018000,v1.10 - Skipits - Existing Users,Skipits - High Prices
CA,2024-11-15T16:31:24.000Z,0.03992166821006411,4,17,0,0,,Apple,iPhone15,2024-11-16 18:27:03.105000,ios,0.050845788210064115,0.01092412,1,43209785-e74a-47ce-909d-30994bf887e6,899,19,3d18af17-dd69-449a-80db-ca3d18f6bedd,2024-11-15 16:31:31.901000,v1.10 - Skipits - New Users,Control
AR,2024-11-16T18:20:11.000Z,,0,1,0,0,com.android.vending,motorola,moto e(6) plus,2024-11-16 18:27:31.711000,android,0,,0,be2f3635-a440-48c6-90ed-f1f64c899f25,93,2,f74599ae-2fd3-427d-8c96-4b2de631af72,2024-11-16 18:20:16.494000,v1.10 - Skipits - New Users,Skipits - Middle Prices
NL,2024-10-07T01:04:00.000Z,,0,1,0,0,,Apple,iPhone11,2024-11-16 18:27:53.822000,ios,0,,0,6612d0ab-951a-4393-a9f3-f36c253f28e9,42,19,7532590e-4df4-4b97-a0e4-da3f999cfc8b,2024-11-10 14:20:50.224000,v1.10 - Skipits - Existing Users,Control
US,2024-11-08T23:06:30.000Z,0.016908278748802186,3,15,0,0,com.android.vending,samsung,SM-G998U,2024-11-16 18:28:09.979000,android,0.03352477388124847,0.01661649513244629,1,68d6ba7e-98c1-410d-9521-711d958172f0,690,58,8ce084ee-6ee5-426a-97b7-dd0f68735492,2024-11-08 23:06:37.667000,v1.10 - Skipits - New Users,Control
PL,2024-11-16T09:53:50.000Z,0.00691,2,12,0,0,com.android.vending,samsung,SM-A356B,2024-11-16 18:29:04.705000,android,0.00691,,0,4748d1bf-fb7c-496a-9e02-36ee8d89ed63,798,4,8ca68476-b25f-403d-b84a-bf2187cb15bf,2024-11-16 09:53:57.279000,v1.10 - Skipits - New Users,Skipits - High Prices
GB,2024-10-19T13:46:31.000Z,,0,0,0,0,,Apple,iPhone15,2024-11-16 18:29:15.264000,ios,0,,0,f83cbe96-4b1f-409e-ab7e-bbcc1f4f1e12,43,70,095e8d87-b4f2-4a92-b4d4-a4454117ef2a,2024-11-12 19:31:42.515000,v1.10 - Skipits - Existing Users,Skipits - Middle Prices
AR,2024-11-16T18:20:11.000Z,,0,16,0,0,com.android.vending,motorola,moto e(6) plus,2024-11-16 18:29:46.306000,android,0.002248707,0.002248707,0,b20db5fc-5433-49aa-8fb0-c414aa8a77ba,742,3,f74599ae-2fd3-427d-8c96-4b2de631af72,2024-11-16 18:20:16.494000,v1.10 - Skipits - New Users,Skipits - Middle Prices
JP,2024-09-21T11:20:15.000Z,0.01101747703552246,0,16,0,0,,Apple,"iPhone17,1",2024-11-16 18:29:58.850000,ios,0.07418113170623779,0.06316365467071533,4,a1af8e7f-828c-4ca3-911e-3b6358fd6f15,11213,106,6f1c3d57-8a99-4439-a1b3-95bda4b6e0a7,2024-11-09 10:33:14.789000,v1.10 - Skipits - Existing Users,Skipits - Middle Prices
US,2024-11-05T20:28:45.000Z,,0,13,0,0,com.android.vending,OnePlus,LE2125,2024-11-16 18:31:12.156000,android,0.03974664595874024,0.03974664595874024,3,29d8a933-3f5d-4155-b585-962cae0a5cbd,666,40,33e24a47-7e0a-46ce-97e4-300397f033fb,2024-11-09 15:52:33.034000,v1.10 - Skipits - Existing Users,Skipits - High Prices
CA,2024-10-06T14:39:58.000Z,0.031811274424961636,2,10,0,0,,Apple,iPhone13ProMax,2024-11-16 18:32:50.871000,ios,0.031811274424961636,,0,a193e4ee-a54b-4beb-8240-9c07453ce40e,461,577,4b515d37-d7bd-475a-8b16-d92703084017,2024-11-09 13:04:13.359000,v1.10 - Skipits - Existing Users,Skipits - High Prices
BE,2024-08-26T10:27:05.000Z,0.012550436666666668,13,73,0,0,com.android.vending,samsung,SM-S921B,2024-11-16 18:32:55.950000,android,0.048710400107688456,0.03615996344102178,28,3a966e68-59bf-4e45-a0a4-512fb111ab2b,5919,249,61e940e7-8438-4af3-82bf-9353c53ae75c,2024-11-08 05:22:12.752000,v1.10 - Skipits - Existing Users,Control
JP,2024-10-08T08:48:42.000Z,,0,0,0,0,,Apple,"iPhone17,2",2024-11-16 18:33:24.724000,ios,0.00326024,0.00326024,1,6f3dce3c-ea2e-4bff-aa6f-25c01bc8da4c,1,182,2f1d6f49-4e5b-463c-b1bb-10b0b87ae2ce,2024-11-08 02:55:19.784000,v1.10 - Skipits - Existing Users,Control
KZ,2024-09-05T12:22:24.000Z,,0,25,0,0,,Apple,iPhone13,2024-11-16 18:33:49.500000,ios,0,,0,9d776682-4f0c-45bb-8e19-14a74944be34,873,145,f250332a-927c-42a2-b2a4-93ff67fc823e,2024-11-11 02:33:26.123000,v1.10 - Skipits - Existing Users,Skipits - High Prices
IQ,2024-11-15T13:47:27.000Z,0.0073114148008,6,42,0,0,com.android.vending,realme,RMX3771,2024-11-16 18:34:04.003000,android,0.02272994865794286,0.015418533857142858,4,8e935980-009b-42b7-a16e-0f7120103094,1859,2,e4e3360f-5e56-4900-bd05-f2e5dece8564,2024-11-15 13:47:36.174000,v1.10 - Skipits - New Users,Control
TH,2024-10-26T03:17:35.000Z,,1,4,0,0,,Apple,iPhone12Pro,2024-11-16 18:34:51.934000,ios,0.004390700952380953,0.004390700952380953,2,69e0098c-c436-4de1-90fb-a1b17e3a05fa,300,127,79eabac1-581b-4afb-bcf0-7820128ac99d,2024-11-09 02:09:58.139000,v1.10 - Skipits - Existing Users,Control
GT,2024-11-16T18:36:16.000Z,,0,3,0,0,com.android.vending,samsung,SM-A055M,2024-11-16 18:36:24.305000,android,0.0015978059768676758,0.0015978059768676758,1,c175e4c9-f74e-4743-aaad-417bcedbe220,123,1,7df7a831-2503-4dc5-a692-1916574c1715,2024-11-16 18:36:24.306000,v1.10 - Skipits - New Users,Skipits - Middle Prices
DK,2024-11-09T15:38:19.000Z,0.009973266666666668,7,44,0,0,com.android.vending,OnePlus,CPH2465,2024-11-16 18:36:24.620000,android,0.03159797770323527,0.021624711036568593,15,d49dc79b-fb80-454d-96ab-225481409833,2827,11,414dd624-bd7e-41ce-9643-2e813cc4815c,2024-11-09 15:38:26.848000,v1.10 - Skipits - New Users,Skipits - Middle Prices
EG,2024-10-31T14:31:06.000Z,0.0005610999999999999,2,7,0,0,,Apple,iPhone13,2024-11-16 18:37:13.693000,ios,0.0018312200304712568,0.0012701200304712568,2,846b126c-7f48-4a0f-949e-097ecebaf9a4,500,118,2bc8b45b-5cf6-4832-ac22-c465b2b13081,2024-11-08 15:03:06.120000,v1.10 - Skipits - Existing Users,Skipits - Middle Prices
IN,2024-11-16T15:58:25.000Z,,0,55,0,0,com.android.vending,motorola,motorola edge 50 fusion,2024-11-16 18:37:35.530000,android,0.05861559122940702,0.05861559122940702,21,f9401823-a862-44fc-bff4-a588b8f3422c,2883,2,15829443-fd19-4fe8-b5fd-de2925699798,2024-11-16 15:58:40.824000,v1.10 - Skipits - New Users,Skipits - Middle Prices
US,2024-07-12T09:03:43.000Z,0.04613677420753916,10,31,0,0,,Apple,iPhone13Pro,2024-11-16 18:38:40.615000,ios,0.1362860537634713,0.09014927955593219,17,c62f0d88-cc39-468e-9a32-02cc1b6f0520,3227,506,0e2788ae-1e61-477d-8b9b-bb596096e296,2024-11-09 18:51:03.978000,v1.10 - Skipits - Existing Users,Skipits - Middle Prices
RU,2024-10-17T20:11:31.000Z,0.004793889750098819,4,27,0,0,com.android.vending,Xiaomi,M2103K19PY,2024-11-16 18:41:01.444000,android,0.004793889750098819,,0,c41b77ef-1061-430c-9258-1f3be3e2942e,1026,217,1608b434-41f3-4100-8c6f-2c684f1e54e0,2024-11-09 20:07:40.267000,v1.10 - Skipits - Existing Users,Control
US,2024-11-14T17:04:37.000Z,,0,1,0,0,com.android.vending,motorola,moto g 5G (2022),2024-11-16 18:42:40.736000,android,0,,0,f9472dda-13ed-423b-b465-1aec8d5705d6,56,4,2b155eab-1a36-4527-bf31-42e97298bd49,2024-11-14 17:04:46.726000,v1.10 - Skipits - New Users,Control
DE,2024-11-12T10:05:20.000Z,,0,1,0,0,,Apple,iPhone12Pro,2024-11-16 18:43:29.414000,ios,0,,0,3396f380-2ddd-46aa-995f-8e97c5edbb4c,4,15,2e22f575-f120-4e36-a530-7cbfc2648d6d,2024-11-12 10:05:27.385000,v1.10 - Skipits - New Users,Control
JP,2024-10-22T17:18:33.000Z,0.14189922979591837,7,40,0,0,com.android.vending,Sony,SO-52C,2024-11-16 18:43:47.855000,android,0.14189922979591837,,0,a4976001-0260-46f3-bc1d-2dca73eebe63,1726,27,78d6de70-e0db-4ee8-8b33-96dee89663c4,2024-11-09 07:56:54.904000,v1.10 - Skipits - Existing Users,Control
MX,2024-11-05T14:40:22.000Z,,0,5,0,0,com.android.vending,Xiaomi,2201117TL,2024-11-16 18:44:42.257000,android,0,,0,98ca0cf0-03d0-446f-84b1-07fcf9697eb8,289,39,a99d2adf-0e4a-4926-9aa2-064786d268ac,2024-11-08 17:05:24.870000,v1.10 - Skipits - Existing Users,Skipits - High Prices
JP,2024-08-21T04:27:57.000Z,,0,0,0,0,,Apple,iPhone13ProMax,2024-11-16 18:46:19.923000,ios,0,,0,dc1e70ef-0730-4941-805e-d6b96050e42c,1,153,34ab6441-b442-4cac-9402-5ed302945414,2024-11-09 07:00:40.858000,v1.10 - Skipits - Existing Users,Skipits - Middle Prices
US,2024-11-04T18:47:05.000Z,0.8338918546352538,9,93,0,0,,Apple,iPhone15,2024-11-16 18:49:53.529000,ios,3.6523079519130857,2.818416097277832,24,a39c7473-2dad-42d5-af3a-21ff636d8a9a,4894,9,67be4bd0-bfeb-484c-ba0f-b3978d509a0b,2024-11-13 13:04:22.473000,v1.10 - Skipits - Existing Users,Skipits - High Prices
US,2024-10-08T17:58:09.000Z,0.22108218669125512,22,96,0,0,,Apple,iPhone13Mini,2024-11-16 18:51:01.443000,ios,0.22108218669125512,,0,5e4ded0e-f1bd-45fe-a9e5-d9cb15a9521d,3801,22,59c045e2-58df-4204-bead-724b7e761a8e,2024-11-12 18:32:21.460000,v1.10 - Skipits - Existing Users,Skipits - High Prices
MX,2024-11-01T22:40:03.000Z,0.005134249226799999,2,7,0,0,com.android.vending,Xiaomi,M2012K11AG,2024-11-16 18:51:10.939000,android,0.008728398824853522,0.0035941495980535234,1,fabd9bc0-66ad-4895-a6a9-bd2e680f3944,483,106,8d9ab896-1713-4709-9396-fa285db9f413,2024-11-09 03:44:20.907000,v1.10 - Skipits - Existing Users,Skipits - High Prices
US,2024-11-16T01:34:49.000Z,0.12934703438159179,3,25,0,0,,Apple,iPhone11,2024-11-16 18:51:35.279000,ios,0.12934703438159179,,0,976f8193-7dc5-4750-969d-943e50657476,1193,4,b83b8349-bdd8-414c-bb01-0d95e34fa518,2024-11-16 01:34:56.633000,v1.10 - Skipits - New Users,Control
IN,2024-09-21T09:01:28.000Z,0.00033376099999999996,1,20,0,0,com.android.vending,OnePlus,CPH2467,2024-11-16 18:51:53.420000,android,0.028119867251676953,0.02778610625167695,11,b43f9f01-cf77-409c-92fe-442318ddbc5a,1304,332,1f7e1d2e-0661-4e90-9863-b86edcf6c00e,2024-11-10 02:08:37.115000,v1.10 - Skipits - Existing Users,Skipits - Middle Prices
DE,2024-10-30T10:42:00.000Z,,0,69,0,0,,Apple,"iPhone17,3",2024-11-16 18:53:06.626000,ios,0,,0,5fd48619-5cb2-41e2-a657-dc42f660c9af,1489,47,cf4b8988-b4c4-4c61-a8aa-04796201648b,2024-11-10 10:38:45.492000,v1.10 - Skipits - Existing Users,Skipits - Middle Prices
US,2024-11-16T17:56:45.000Z,,0,2,0,0,,Apple,iPhone13,2024-11-16 18:56:19.146000,ios,0,,0,fbbd4274-fb55-4771-9bbb-b7394fa656bd,98,3,29ecef8d-08bc-4222-88f6-70dd456eb782,2024-11-16 17:57:00.932000,v1.10 - Skipits - New Users,Skipits - High Prices
DE,2024-09-14T14:58:04.000Z,0.02153733114567566,6,30,0,0,com.android.vending,Xiaomi,M2007J17G,2024-11-16 18:57:35.023000,android,0.02153733114567566,,0,b29f3122-0e09-40b5-a014-b83146ff5129,1417,164,e87ee875-1621-4a2f-8cd7-233875d844d6,2024-11-09 10:53:19.307000,v1.10 - Skipits - Existing Users,Control
PT,2024-11-13T01:03:42.000Z,0.017097222556885713,8,38,0,0,,Apple,iPhone12,2024-11-16 18:59:38.501000,ios,0.017097222556885713,,0,7524d5b9-0258-4da0-a8fd-5cce54ee248d,2445,8,c81e0adc-ee14-4f3a-ba1e-469917e51276,2024-11-13 01:03:48.464000,v1.10 - Skipits - New Users,Skipits - High Prices
JP,2024-11-12T17:43:55.000Z,,0,172,0,0,com.android.vending,NEC,LAVIE Tab 11QHD2,2024-11-16 19:02:41.258000,android,0,,0,ce8ee742-8729-4759-96e4-caaa9a633b11,648,6,e9b64a8d-0270-4d1c-a824-fe2c2e25a1f4,2024-11-12 17:44:03.784000,v1.10 - Skipits - New Users,Control
TR,2024-11-02T16:53:58.000Z,0.021972098825396823,6,58,0,0,com.android.vending,samsung,SM-S711B,2024-11-16 19:02:52.960000,android,0.2671025728973787,0.24513047407198185,19,0c951858-fc78-42f3-97d8-63d7b0bc4a3b,2612,44,9712f5ef-1936-4634-85bc-81c03e2f4dd2,2024-11-09 20:19:00.459000,v1.10 - Skipits - Existing Users,Skipits - High Prices
JP,2024-11-11T03:24:45.000Z,0.006144293510200001,2,11,0,0,com.android.vending,SHARP,SH-51C,2024-11-16 19:04:26.835000,android,0.023810555510200004,0.017666262000000002,4,795c14b1-946c-4bac-bd8a-2af7f6b819fa,898,62,831485f5-2b61-49a8-9009-3a82ba0932f3,2024-11-11 21:33:30.083000,v1.10 - Skipits - Existing Users,Skipits - Middle Prices
US,2024-11-08T06:33:07.000Z,0.005669533000000001,1,4,0,0,com.android.vending,samsung,SM-S928U1,2024-11-16 19:07:19.870000,android,0.005669533000000001,,1,0bb0da59-c06f-47b2-b660-6bf45c054002,506,68,2343e0ec-bb71-4771-aa0e-43cf2f771d6c,2024-11-10 07:55:22.857000,v1.10 - Skipits - Existing Users,Skipits - High Prices
DO,2024-11-16T17:35:59.000Z,0.001836190476190476,1,20,0,0,com.android.vending,LENOVO,Lenovo TB-X306X,2024-11-16 19:08:21.615000,android,0.001836190476190476,,0,bab4ef12-b2c1-4645-b15f-f9900a00da91,791,2,434987d6-4c79-4f6e-9aa4-7fb6cd37a902,2024-11-16 17:36:11.070000,v1.10 - Skipits - New Users,Skipits - Middle Prices
US,2024-06-11T15:31:12.000Z,,0,2,0,0,,Apple,iPhone13,2024-11-16 19:10:51.476000,ios,0.02597,0.02597,0,a8fd9233-8e1e-4b71-a104-b2308dc42cce,36,3,4a0516f0-261e-4561-8b4f-1b977bb91321,2024-11-16 19:10:51.476000,v1.10 - Skipits - Existing Users,Skipits - High Prices
US,2024-09-18T15:02:32.000Z,0.0495988444475,3,6,0,0,com.android.vending,samsung,SM-F731U,2024-11-16 19:11:30.674000,android,0.10393088344750001,0.054332039000000006,1,cf45a559-dc59-484c-b1a2-2906a52d0277,1138,301,961d188f-bb08-409f-8f71-5fe5ee2f38a6,2024-11-11 21:04:12.698000,v1.10 - Skipits - Existing Users,Skipits - Middle Prices
US,2024-10-13T18:54:45.000Z,0.0238283122603,3,29,0,0,com.android.vending,samsung,SM-S918U,2024-11-16 19:12:10.543000,android,0.1446189399981688,0.1207906277378688,11,37b89d6f-5eef-4ff3-ab93-11ee6629d817,1734,125,9b9d68d7-fabc-43f5-b7bc-7ba02ade4c64,2024-11-08 14:22:11.731000,v1.10 - Skipits - Existing Users,Skipits - High Prices
GB,2024-11-12T06:49:48.000Z,0.046398604761904765,4,27,0,0,com.android.vending,samsung,SM-F936B,2024-11-16 19:13:24.692000,android,0.11504149523809525,0.06864289047619047,2,72e5f987-8256-4239-805f-81b7a0d0adcb,1183,19,64a72cfa-02bc-4bdf-a369-6667ad346dce,2024-11-12 06:49:54.272000,v1.10 - Skipits - New Users,Skipits - High Prices
GB,2024-11-13T16:14:39.000Z,,0,4,0,0,com.android.vending,samsung,SM-A556B,2024-11-16 19:15:33.268000,android,0.01233,0.01233,0,6d6e2cff-caf1-4f8e-8081-3454957edd79,136,27,bfe7fd85-dfe4-491c-b606-6547b86bad97,2024-11-13 16:14:45.468000,v1.10 - Skipits - New Users,Skipits - High Prices
KR,2024-11-16T19:16:03.000Z,,0,10,0,0,com.android.vending,samsung,SM-N981N,2024-11-16 19:16:11.797000,android,0,,0,da03b30f-ae74-4a0d-a537-204832d18cbb,224,1,03d3ae1c-c93d-42c9-a824-455049d702fb,2024-11-16 19:16:11.797000,v1.10 - Skipits - New Users,Skipits - High Prices
PT,2024-09-29T16:06:19.000Z,,0,0,0,0,com.android.vending,Xiaomi,22111317PG,2024-11-16 19:16:32.245000,android,0.012838427092910765,0.012838427092910765,3,c4845255-b8e1-4f07-a742-b6a3e53d6962,222,93,03561cdb-0dd6-4385-86a6-95b2b8a3e3a3,2024-11-16 19:16:32.246000,v1.10 - Skipits - Existing Users,Skipits - High Prices
US,2024-10-29T00:16:38.000Z,0.11634071222470001,2,14,0,0,com.android.vending,samsung,SM-S918U,2024-11-16 19:17:12.613000,android,0.3535816872247,0.23724097500000002,2,7d184c58-dbba-4056-aa69-b8b18cfe5cb2,681,7,3759a193-15c4-459a-9c05-efc1f2d6f5dc,2024-11-13 03:39:53.150000,v1.10 - Skipits - Existing Users,Skipits - Middle Prices
JP,2024-10-20T14:13:05.000Z,,0,1,0,0,,Apple,iPhone14,2024-11-16 19:19:12.632000,ios,0.003955639595815114,0.003955639595815114,0,d56ae5d4-c1c1-4fff-bd21-7194e4f2f601,79,738,ac497183-7a51-4e17-9e59-d937a038b77d,2024-11-09 00:19:38.558000,v1.10 - Skipits - Existing Users,Control
UA,2024-11-06T14:28:56.000Z,0.012977606777856556,16,70,0,0,,Apple,iPhone11ProMax,2024-11-16 19:20:18.838000,ios,0.028316835845536646,0.015339229067680087,20,546e21bd-abb2-4a48-b150-907a7c9a1c2a,4791,112,3b3e4a7e-0bbd-419e-b6f1-83392869efa9,2024-11-12 14:45:17.782000,v1.10 - Skipits - Existing Users,Skipits - Middle Prices
RU,2024-11-16T19:23:26.000Z,0.011929069523340241,8,95,0,0,com.android.vending,Xiaomi,23124RA7EO,2024-11-16 19:20:40.694000,android,0.017730983166223544,0.005801913642883301,2,bbdb780f-8e23-4b4f-8420-f7efb5cfe9b6,3200,1,993f02d6-f094-455d-a29f-b8a781aeb5f5,2024-11-16 19:20:40.695000,v1.10 - Skipits - New Users,Control
DE,2024-10-19T13:51:08.000Z,0.35051613029479983,9,26,0,0,,Apple,iPhone12ProMax,2024-11-16 19:22:29.819000,ios,0.48061043693957534,0.13009430664477545,3,8123e6bd-175c-44cf-bd54-23030c534528,4064,10,63990e2c-d7b5-426d-9e65-817d55dada2c,2024-11-16 19:22:29.819000,v1.10 - Skipits - Existing Users,Skipits - High Prices
US,2024-10-01T06:33:47.000Z,,0,0,0,0,,Apple,iPhone15Pro,2024-11-16 19:22:34.955000,ios,0,,0,08edc651-b012-4e7f-a1f4-f074b96149d7,30,110,23fe9ae3-2909-4245-b5a9-8359e270af4d,2024-11-09 23:37:09.647000,v1.10 - Skipits - Existing Users,Skipits - Middle Prices
EC,2024-10-08T00:27:53.000Z,0.001476954,2,23,0,0,com.android.vending,Xiaomi,2201117TG,2024-11-16 19:23:03.329000,android,0.01826870666583131,0.016791752665831307,11,517e3c65-d68b-46d5-915f-70d7be8548aa,1434,63,2b51feb0-8951-4003-bd57-2f2a781aa41b,2024-11-09 01:01:52.953000,v1.10 - Skipits - Existing Users,Skipits - Middle Prices
CO,2024-11-09T01:33:05.000Z,0.0027171194553375247,3,31,0,0,,Apple,iPhone11,2024-11-16 19:24:12.176000,ios,0.011066776702590942,0.008349657247253416,6,de894a9e-8df4-4ba3-a7de-971b53b57023,1687,36,a7915559-97ac-4c77-a8cb-1e23ba484806,2024-11-09 01:33:12.492000,v1.10 - Skipits - New Users,Control
GT,2024-11-12T06:03:34.000Z,0.006018048447800001,4,24,0,0,com.android.vending,samsung,SM-G780G,2024-11-16 19:24:18.392000,android,0.014486074447800002,0.008468026,2,e21cb4e3-ddb3-4305-9adc-c2a08f6d11c6,1394,16,8a25c57d-f335-49e5-8fbc-f81d6c165b47,2024-11-12 15:13:36.039000,v1.10 - Skipits - Existing Users,Control
CA,2024-11-15T16:31:24.000Z,,0,3,0,0,,Apple,iPhone15,2024-11-16 19:26:08.492000,ios,0.041470989000000014,0.041470989000000014,3,646aa8d2-3c90-417b-a74f-4a8d8439628c,358,22,3d18af17-dd69-449a-80db-ca3d18f6bedd,2024-11-15 16:31:31.901000,v1.10 - Skipits - New Users,Control
JP,2024-10-25T12:03:30.000Z,0.005296159999999999,1,18,0,0,,Apple,iPhone15Pro,2024-11-16 19:26:20.890000,ios,0.08463662640796481,0.07934046640796481,8,894cdf94-de85-4b97-a5d4-1bb1812d80a0,1064,194,e4e88985-24ea-4ea7-b86d-daed31ddf207,2024-11-08 23:12:39.616000,v1.10 - Skipits - Existing Users,Skipits - Middle Prices
CZ,2024-11-07T09:25:02.000Z,0.006369973931539626,1,31,0,0,com.android.vending,Xiaomi,2201117TY,2024-11-16 19:27:02.129000,android,0.1814082249344623,0.17503825100292264,6,0bee5b58-ed84-489d-ab13-c055f8dd3653,1371,44,ee07f46b-feb6-45eb-b079-9e9a23b65485,2024-11-09 13:46:34.391000,v1.10 - Skipits - Existing Users,Skipits - High Prices
US,2024-10-11T19:00:47.000Z,,0,0,0,0,com.android.vending,Google,Pixel 7 Pro,2024-11-16 19:29:00.086000,android,0.0023944649999999997,0.0023944649999999997,0,9458ba26-a62b-484b-8480-116c1ed38a2f,23,200,fe16c273-8355-41fb-850b-ca77de3098be,2024-11-08 08:50:30.321000,v1.10 - Skipits - Existing Users,Skipits - High Prices
MY,2024-11-15T03:06:55.000Z,0.027946711843790478,4,28,0,0,com.android.vending,samsung,SM-A146P,2024-11-16 19:30:51.809000,android,0.027946711843790478,,0,b240d651-3eb8-4417-85d9-946fe5f7f890,1135,5,5936037b-1ad7-4fb7-98ed-caa29b9ebcde,2024-11-15 03:07:02.813000,v1.10 - Skipits - New Users,Skipits - High Prices
IN,2024-11-13T20:18:20.000Z,,0,31,0,0,com.android.vending,OnePlus,CPH2467,2024-11-16 19:31:35.456000,android,0,,0,10ba8e4e-39d6-4287-aea0-bfa5c209a1ca,1008,2,ea9bbf6d-5cfd-44f0-82db-6a0a5dba8884,2024-11-13 20:18:30.692000,v1.10 - Skipits - New Users,Control
PL,2024-11-16T12:20:57.000Z,0.012570249628339494,2,15,0,0,,Apple,iPhone13,2024-11-16 19:31:38.423000,ios,0.012570249628339494,,0,f817b2f5-2b7d-44de-90cd-fdd4d2d0d1dc,549,5,5cf7a46c-e802-4d5f-8a88-5697c02d3b4c,2024-11-16 12:21:04.255000,v1.10 - Skipits - New Users,Skipits - Middle Prices
US,2024-07-19T01:39:05.000Z,0.00826052,1,11,0,0,com.android.vending,samsung,SM-A326U1,2024-11-16 19:33:13.120000,android,0.059308742184570315,0.051048222184570315,4,07223f00-6180-430c-ac38-1ed62a3b8a3a,955,173,797a8a54-348e-4b9b-9857-9dcf4d065681,2024-11-16 01:40:54.237000,v1.10 - Skipits - Existing Users,Skipits - Middle Prices
TH,2024-11-16T13:03:08.000Z,,0,0,0,0,com.android.vending,samsung,SM-A546E,2024-11-16 19:37:34.113000,android,0,,0,8a951590-de56-431f-8273-31ad8be2b879,20,9,bf85876d-c4d6-43d1-bc4a-edb90535f212,2024-11-16 13:03:16.865000,v1.10 - Skipits - New Users,Control
US,2024-11-16T01:34:49.000Z,,0,0,0,0,,Apple,iPhone11,2024-11-16 19:37:54.458000,ios,0,,0,1a5e5cab-ad1b-470c-b1dc-0baf0808265c,32,6,b83b8349-bdd8-414c-bb01-0d95e34fa518,2024-11-16 01:34:56.633000,v1.10 - Skipits - New Users,Control
VE,2024-09-10T21:04:54.000Z,0.0006780952380952381,1,14,0,0,com.android.vending,samsung,SM-A256E,2024-11-16 19:38:12.702000,android,0.00208,0.0014019047619047618,1,c94e74a5-7c45-4f87-a01a-bdff447ad11d,498,11,22da9628-d9ae-4435-8975-8bf1a7d542ed,2024-11-11 15:20:20.089000,v1.10 - Skipits - Existing Users,Control
CA,2024-11-15T16:31:24.000Z,0.008071005000000001,0,0,0,0,,Apple,iPhone15,2024-11-16 19:38:15.716000,ios,0.008071005000000001,,0,e305e268-9d01-49f9-88c3-b0fb1e56d294,0,23,3d18af17-dd69-449a-80db-ca3d18f6bedd,2024-11-15 16:31:31.901000,v1.10 - Skipits - New Users,Control
EG,2024-10-16T22:42:04.000Z,,0,5,0,0,com.android.vending,Xiaomi,Mi 9T,2024-11-16 19:40:14.978000,android,0,,0,0b46e5d8-d00d-4a75-ac50-429eaada96b7,203,76,032ad795-9ee4-47ab-bafe-017cbe912e0f,2024-11-12 19:54:33.919000,v1.10 - Skipits - Existing Users,Control
MD,2024-11-16T19:41:45.000Z,,0,7,0,0,com.android.vending,samsung,SM-G998B,2024-11-16 19:41:52.144000,android,0,,0,ee4e8bff-9ce2-4eb0-84b2-a616b914053c,225,1,8d0045de-58f7-4fe4-89b2-c1aaedb3cdf3,2024-11-16 19:41:52.144000,v1.10 - Skipits - New Users,Control
UA,2024-11-16T19:43:42.000Z,,0,0,0,0,com.android.vending,Xiaomi,2305EPCC4G,2024-11-16 19:45:19.477000,android,0,,0,4179d728-448d-48e8-98cf-f6b4f26307f2,41,2,bfeeb5f4-7e40-4521-b087-e432e1386df2,2024-11-16 19:43:52.070000,v1.10 - Skipits - New Users,Skipits - High Prices
IN,2024-10-08T18:52:17.000Z,0.008604862739440809,13,79,0,0,com.android.vending,Xiaomi,2107113SI,2024-11-16 19:46:20.889000,android,0.008604862739440809,,0,0b01fc11-44ef-4240-ad5d-6dbc0c706e0d,2869,107,de65114c-41e7-46c5-ba4c-9e77e7233090,2024-11-10 16:27:36.403000,v1.10 - Skipits - Existing Users,Skipits - Middle Prices
CH,2024-06-09T06:30:27.000Z,,0,10,0,0,com.android.vending,samsung,SM-S908B,2024-11-16 19:48:14.984000,android,0.016001178550720217,0.016001178550720217,2,fc264b57-f673-4e11-9f89-1ebe7fcaf613,890,159,f6f68560-ba66-4a70-8cbe-c206c7d929ab,2024-11-12 22:00:27.194000,v1.10 - Skipits - Existing Users,Skipits - High Prices
CZ,2024-10-22T10:03:03.000Z,0.005346407170976911,2,10,0,0,,Apple,iPhone13Pro,2024-11-16 19:48:19.983000,ios,0.008490567161015102,0.003144159990038191,1,7707cfeb-295e-41d8-a958-38ee1bf4333f,498,89,899e7e83-0fb7-4528-bc1a-759a82c47f63,2024-11-09 08:32:02.636000,v1.10 - Skipits - Existing Users,Skipits - High Prices
DE,2024-11-16T19:52:34.000Z,,0,16,0,0,com.android.vending,samsung,SM-S916B,2024-11-16 19:52:41.154000,android,0.02328291702270508,0.02328291702270508,1,e9ce61b7-fc0e-408c-aed5-8706b05ea358,485,1,1faed1c6-36db-4e24-900d-186c9e98ab54,2024-11-16 19:52:41.154000,v1.10 - Skipits - New Users,Skipits - High Prices
US,2024-11-10T21:44:20.000Z,,0,0,0,0,,Apple,iPhone14Pro,2024-11-16 19:55:24.545000,ios,0,,0,d62b5dda-98c6-4a67-933d-2fdf2b0a7385,63,91,92cf2552-9c40-44f1-a43d-fb67ac8be0b8,2024-11-10 21:44:27.639000,v1.10 - Skipits - New Users,Control
MX,2024-10-12T19:43:29.000Z,0.005316693716812134,2,15,0,0,com.android.vending,Google,Pixel 7a,2024-11-16 19:56:40.148000,android,0.03898126942471822,0.03366457570790608,11,365d69b9-6ce4-4128-a79f-70de558b3295,1712,37,3e671cb4-3c8e-4cbf-afa7-4a8646bd2247,2024-11-10 01:35:13.625000,v1.10 - Skipits - Existing Users,Control
US,2024-11-04T11:32:33.000Z,,0,5,0,0,,Apple,iPhone15,2024-11-16 19:57:24.849000,ios,0,,0,7f5f72a2-dee4-41e6-972b-d115a181d4e6,135,2,506d6161-472a-4af8-b2d7-b22c7ad4a109,2024-11-16 19:57:24.849000,v1.10 - Skipits - Existing Users,Skipits - High Prices
CH,2024-09-14T14:28:26.000Z,0.01153458213806153,1,14,0,0,,Apple,iPhone13,2024-11-16 19:59:28.119000,ios,0.031491975784301754,0.01995739364624022,1,b8d6c510-45e8-47f0-828d-5d4fe3af2205,586,120,78f4db7d-7437-474d-b00d-4f81c3caa8e9,2024-11-10 09:48:23.572000,v1.10 - Skipits - Existing Users,Skipits - High Prices
MX,2024-11-14T04:27:12.000Z,0.0032314285714285713,1,3,0,0,com.android.vending,Xiaomi,220333QL,2024-11-16 20:00:04.498000,android,0.0032314285714285713,,0,14c18adf-9b9e-464f-8a31-24f07a6a7be6,183,10,e064473a-bc0b-4672-9c46-7298006bb7af,2024-11-14 04:27:21.468000,v1.10 - Skipits - New Users,Skipits - Middle Prices
US,2024-11-16T17:07:04.000Z,,0,8,0,0,,Apple,iPhone14,2024-11-16 20:03:13.129000,ios,0,,0,8d64c047-a033-46e2-a06a-6a4eaec3da0d,185,3,f488aa71-7d0f-4303-9679-958763449c2b,2024-11-16 17:07:12.198000,v1.10 - Skipits - New Users,Skipits - Middle Prices
US,2024-09-27T12:26:46.000Z,,0,116,0,0,com.android.vending,samsung,SM-G991U,2024-11-16 20:05:37.878000,android,0,,0,3f3c3796-6288-469d-9405-589feada066d,3725,349,2380ae1c-6dde-4a0b-8ce0-2bde16d04821,2024-11-08 13:51:31.915000,v1.10 - Skipits - Existing Users,Skipits - Middle Prices
MX,2024-11-16T20:05:30.000Z,,0,9,0,0,com.android.vending,samsung,SM-A325M,2024-11-16 20:05:39.086000,android,0,,0,2bc269b0-49e2-4335-a35b-477d46f99858,297,1,86e2a205-c035-45a7-9971-8eb7e8a64f5c,2024-11-16 20:05:39.087000,v1.10 - Skipits - New Users,Skipits - Middle Prices
BE,2024-11-16T20:06:02.000Z,0.11301136779785159,2,43,0,0,,Apple,iPhone14,2024-11-16 20:06:08.462000,ios,0.20700865173339847,0.09399728393554688,1,7ae218f0-6ce5-4507-a8f1-3b9504ab4e02,1395,1,48a91dc0-548d-4953-80f2-79d473b1bd2e,2024-11-16 20:06:08.462000,v1.10 - Skipits - New Users,Skipits - High Prices
US,2024-09-21T02:49:08.000Z,0.047953290000000016,2,14,0,0,,Apple,iPhone13ProMax,2024-11-16 20:06:40.249000,ios,0.047953290000000016,,0,a90658f5-ae91-48a3-a107-24f087ec2523,496,73,28606f53-7f8e-45d6-a56e-e954b7936338,2024-11-08 19:12:23.086000,v1.10 - Skipits - Existing Users,Skipits - High Prices
TR,2024-11-16T20:07:20.000Z,,0,2,0,0,com.android.vending,realme,RMX3201,2024-11-16 20:07:34.055000,android,0,,0,b3ffb85b-b436-4e31-bd1d-75b93fda8c48,63,1,75469710-97fa-4a0e-b062-4391b357b21f,2024-11-16 20:07:34.055000,v1.10 - Skipits - New Users,Control
PL,2024-10-25T06:52:26.000Z,0.05532,1,9,0,0,com.android.vending,Xiaomi,23117RA68G,2024-11-16 20:12:49.292000,android,0.0948067563764292,0.0394867563764292,2,bfbdc668-a3d2-4692-9b6b-e14953f291c9,554,49,eb3d0ef6-973e-486d-9e3e-25d16fb1e607,2024-11-09 13:52:19.640000,v1.10 - Skipits - Existing Users,Skipits - Middle Prices
ES,2024-09-22T11:33:17.000Z,0.006876666666666666,2,15,0,0,com.android.vending,samsung,SM-S926B,2024-11-16 20:13:45.310000,android,0.02819514146634511,0.02131847479967844,3,7dee6b99-c683-446d-b0e1-781a7f852f13,854,105,cbc42158-1511-4c3f-ac9e-9ee754f23393,2024-11-11 03:41:30.701000,v1.10 - Skipits - Existing Users,Control
DE,2024-10-07T09:04:03.000Z,0.01315391921997071,1,13,0,0,,Apple,iPhone14Pro,2024-11-16 20:14:42.091000,ios,0.01315391921997071,,0,678425d4-6842-4362-9ee1-b99fb9b4b8e5,354,23,7c6bba5c-6937-4afd-89d9-fd6d810f6721,2024-11-16 15:24:33.851000,v1.10 - Skipits - Existing Users,Control
US,2024-09-09T22:55:46.000Z,0.17496884139066207,47,202,0,0,,Apple,iPhone11,2024-11-16 20:15:37.889000,ios,0.43536742406242446,0.26039858267176236,67,d3d73762-2fca-4ace-928a-140d14bdfcf1,15006,406,390608f9-0149-4717-8888-812b7bdbd22e,2024-11-09 15:02:41.777000,v1.10 - Skipits - Existing Users,Skipits - High Prices
DE,2024-10-26T06:51:48.000Z,0.01681826202392578,3,10,0,0,,Apple,iPhone13ProMax,2024-11-16 20:15:45.382000,ios,0.03233777086257935,0.015519508838653568,2,c99d7cf1-8276-4c42-ad81-f278742fcbe1,801,31,3a9ab6a7-5113-49f5-8851-30e061e5d0f1,2024-11-14 20:51:14.220000,v1.10 - Skipits - Existing Users,Skipits - Middle Prices
US,2024-11-16T18:13:57.000Z,,0,0,0,0,com.android.vending,samsung,SM-G988U,2024-11-16 20:16:33.467000,android,0,,0,d8840a7f-c19a-406c-a51a-6d501c11ea91,7,7,192d9274-3395-4887-a77a-4f9347d79395,2024-11-16 18:14:05.812000,v1.10 - Skipits - New Users,Skipits - High Prices
BR,2024-11-03T02:22:06.000Z,0.026612730458135815,7,48,0,0,com.android.vending,samsung,SM-S908E,2024-11-16 20:17:03.954000,android,0.10187057936281087,0.07525784890467502,11,9867d12e-47ab-48e1-b52c-d15e3321c0cd,2891,32,dff20a0c-32cc-496a-9e40-963734cd0989,2024-11-10 17:19:05.800000,v1.10 - Skipits - Existing Users,Skipits - High Prices
RU,2024-11-16T17:08:50.000Z,0.25564026680621343,19,131,0,0,,Apple,iPhone13,2024-11-16 20:17:36.940000,ios,0.3599161919042466,0.1042759250980332,6,e1340f2c-66c6-4c0a-976e-0865f424b9cb,5202,3,d665499a-2123-4ff0-a6ba-ada3d5e454f2,2024-11-16 17:08:57.053000,v1.10 - Skipits - New Users,Skipits - Middle Prices
US,2024-10-25T23:29:24.000Z,0.03939810371398926,2,15,0,0,,Apple,"iPhone17,1",2024-11-16 20:17:44.846000,ios,0.03939810371398926,,0,1e8cb995-2eec-4386-a750-057795325bfa,687,48,cfe9d837-b90e-45d4-8805-01347bd222c1,2024-11-09 18:05:55.839000,v1.10 - Skipits - Existing Users,Skipits - Middle Prices
IQ,2024-11-16T20:15:03.000Z,,0,24,0,0,com.android.vending,realme,RMX3085,2024-11-16 20:19:31.929000,android,0,,0,401f0b5c-b1d2-4d9b-bf1e-d35e176ce992,771,2,1b41afa5-99cc-4434-bb1d-4f7068cd1968,2024-11-16 20:19:35.777000,v1.10 - Skipits - New Users,Skipits - Middle Prices
US,2024-11-11T07:39:46.000Z,,0,4,0,0,,Apple,iPhoneXR,2024-11-16 20:24:32.923000,ios,0.006746737480163573,0.006746737480163573,1,10ff2a26-abad-4565-b4ae-ae56405fc71f,199,61,7ad2e15b-bca7-494e-80ce-2384fb57ee6c,2024-11-11 07:39:53.796000,v1.10 - Skipits - New Users,Control
DK,2024-11-01T05:33:21.000Z,0.012657539492892585,4,26,0,0,,Apple,iPhone12Pro,2024-11-16 20:25:04.475000,ios,0.02168149349289259,0.009023954000000002,2,a22176b1-aa26-4dc4-8c42-5fae1cff49fc,1030,15,c9ef19ba-a20e-4439-b4a4-396dc77dfc51,2024-11-10 16:49:29.342000,v1.10 - Skipits - Existing Users,Control
BR,2024-10-28T14:03:41.000Z,0.00282525,2,15,0,0,com.android.vending,samsung,SM-S711B,2024-11-16 20:25:07.893000,android,0.007737190000000001,0.004911940000000001,1,6bfc72ea-485d-48e3-8dd0-10c7f90b8e84,604,33,c20f98a9-f411-415a-91aa-e4f8dbd25291,2024-11-08 10:22:45.123000,v1.10 - Skipits - Existing Users,Skipits - Middle Prices
US,2024-11-01T20:30:55.000Z,,0,1,0,0,com.android.vending,samsung,SM-S928U1,2024-11-16 20:26:52.150000,android,0,,0,9bbbbfc8-4d23-4a35-a037-e09d9947f3fc,31,31,275f25a4-be16-423f-81f2-80df271fb73f,2024-11-08 13:38:03.113000,v1.10 - Skipits - Existing Users,Skipits - Middle Prices
RS,2024-09-25T19:14:05.000Z,,0,2,0,0,,Apple,iPhone13,2024-11-16 20:27:36.485000,ios,0,,0,24bce608-61ad-419e-a289-13520b3e0a0e,57,466,04edbab2-381c-4d13-8748-01d08df1cf38,2024-11-08 15:02:25.381000,v1.10 - Skipits - Existing Users,Control
JP,2024-10-31T13:09:56.000Z,0.005245819000000001,1,4,0,0,,Apple,iPhone12Pro,2024-11-16 20:27:41.163000,ios,0.025614761318088625,0.020368942318088622,3,b379daed-3a88-4046-a264-6a9ae543cf46,310,45,45e59730-6912-4008-8cca-b72f02c3ca07,2024-11-09 17:57:58.586000,v1.10 - Skipits - Existing Users,Control
US,2024-11-16T20:30:12.000Z,,0,14,0,0,com.android.vending,Wingtech,Celero5G,2024-11-16 20:30:22.280000,android,0.05489229583740234,0.05489229583740234,0,ab042b53-87a5-43b9-b12b-07d3dcec7629,360,1,6e69911f-ebba-418c-92a5-4738b7921313,2024-11-16 20:30:22.280000,v1.10 - Skipits - New Users,Control
GB,2024-11-16T20:30:20.000Z,0.7977745241201966,12,109,0,0,com.android.vending,samsung,SM-A736B,2024-11-16 20:30:27.568000,android,1.696111651033267,0.8983371269130707,5,288dbba4-4abe-43ec-9264-dbb0574cc036,4140,1,ddfc7fd4-7241-40d1-8978-53e3a08953c8,2024-11-16 20:30:27.569000,v1.10 - Skipits - New Users,Control
US,2024-09-21T02:49:08.000Z,0.01417170143127442,0,1,0,0,,Apple,iPhone13ProMax,2024-11-16 20:34:20.083000,ios,0.01417170143127442,,0,61689b0d-c2cf-4022-bb03-0f336d64e094,49,74,28606f53-7f8e-45d6-a56e-e954b7936338,2024-11-08 19:12:23.086000,v1.10 - Skipits - Existing Users,Skipits - High Prices
US,2024-11-14T16:25:11.000Z,0.012972260000000001,3,15,0,0,com.android.vending,samsung,SM-S928U1,2024-11-16 20:34:20.782000,android,0.012972260000000001,,0,1a6d6edb-3237-4174-8b6d-e9989666ccd1,532,24,20f3f5dd-c79c-4447-a6a9-266f5ce804f2,2024-11-14 16:25:18.901000,v1.10 - Skipits - New Users,Control
US,2024-11-16T20:30:12.000Z,0.0731373095033557,3,15,0,0,com.android.vending,Wingtech,Celero5G,2024-11-16 20:37:30.730000,android,0.0731373095033557,,0,c226fa1d-96d7-4859-8eee-3c20eaf6361f,856,2,6e69911f-ebba-418c-92a5-4738b7921313,2024-11-16 20:30:22.280000,v1.10 - Skipits - New Users,Control
IT,2024-10-01T14:28:42.000Z,0.0026899999999999997,2,16,0,0,com.android.vending,samsung,SM-A336B,2024-11-16 20:41:01.078000,android,0.010390408363342285,0.007700408363342286,3,b4fcd082-9020-4ac0-99b5-9ee544c6bace,869,30,7c22cc2d-2237-4f36-88ae-1f3acad0c3a9,2024-11-10 10:18:51.077000,v1.10 - Skipits - Existing Users,Control
JP,2024-09-29T11:59:47.000Z,,0,1,0,0,,Apple,iPhone11Pro,2024-11-16 20:44:12.798000,ios,0,,0,3f11273c-1601-4182-8f8a-0d1712399801,133,80,1ee47708-36dc-4291-a6d6-371da87dbea9,2024-11-08 21:32:57.811000,v1.10 - Skipits - Existing Users,Skipits - Middle Prices
CL,2024-10-09T05:38:31.000Z,0.0046238919523809525,3,16,0,0,com.android.vending,samsung,SM-S711B,2024-11-16 20:44:44.929000,android,0.01824857713292295,0.013624685180541994,4,cea4514e-974f-4940-abe7-025d5eb4ed75,1183,82,3c9bf49a-31df-45cc-bac6-4f05046f15d6,2024-11-10 16:32:51.805000,v1.10 - Skipits - Existing Users,Skipits - High Prices
JP,2024-10-20T08:23:50.000Z,0.042851506,6,30,0,0,com.android.vending,Google,Pixel 8,2024-11-16 20:44:47.773000,android,0.042851506,,0,3579a7ee-f2ea-4500-ae3f-158cb06627c1,1184,85,60f58da6-3ec7-4ec2-8624-59f7542d7d8a,2024-11-08 21:31:50.908000,v1.10 - Skipits - Existing Users,Skipits - High Prices
JP,2024-11-11T05:19:32.000Z,0.01677682427995137,7,29,0,0,com.android.vending,Sony,SO-52B,2024-11-16 20:47:19.899000,android,0.01677682427995137,,0,8cd44578-0094-4be8-b170-21421467c7d9,2083,10,b9281e11-4641-46de-9ab0-2abec338182b,2024-11-11 05:19:41.567000,v1.10 - Skipits - New Users,Control
AE,2024-11-05T08:22:50.000Z,,0,36,0,0,com.android.vending,OnePlus,KB2001,2024-11-16 20:51:35.513000,android,0,,0,30881247-1644-4265-86c6-82907808fd3b,1535,24,ae96536d-5f4c-43e1-9738-38cbe735e5a8,2024-11-14 10:47:46.042000,v1.10 - Skipits - Existing Users,Skipits - Middle Prices
US,2024-11-16T20:30:12.000Z,,0,4,0,0,com.android.vending,Wingtech,Celero5G,2024-11-16 20:52:27.783000,android,0.0467079873572951,0.0467079873572951,1,083b5f84-cd1e-45a4-8afb-a4d676c346b5,185,3,6e69911f-ebba-418c-92a5-4738b7921313,2024-11-16 20:30:22.280000,v1.10 - Skipits - New Users,Control
GB,2024-11-16T20:53:36.000Z,0.030951377977127076,7,67,0,0,com.android.vending,samsung,SM-G780G,2024-11-16 20:53:44.017000,android,0.049986049760574344,0.019034671783447265,1,f0764567-c41d-4927-92a1-f78408089185,3051,1,f5296129-b3af-4898-83f7-c9ab3b5b4128,2024-11-16 20:53:44.017000,v1.10 - Skipits - New Users,Control
CA,2024-11-15T15:05:09.000Z,0.015419722069667635,4,21,0,0,com.android.vending,samsung,SM-S908W,2024-11-16 20:53:47.464000,android,0.03402292282206217,0.01860320075239454,2,64833dc0-2c4f-4263-b14c-80c2a31befdc,1254,4,c340fac2-45f9-44f6-a094-50fed6be4b6c,2024-11-15 15:05:17.899000,v1.10 - Skipits - New Users,Skipits - Middle Prices
BE,2024-10-23T19:39:26.000Z,,0,21,0,0,,Apple,iPhone13,2024-11-16 20:54:21.968000,ios,0.6882532348632813,0.6882532348632813,2,b4312a26-2a55-4768-92c2-628f87ccd87e,742,67,53402b79-ffec-454e-b072-f8bc5b98aaad,2024-11-12 11:51:02.363000,v1.10 - Skipits - Existing Users,Skipits - High Prices
US,2024-11-09T03:04:54.000Z,0.04826418623621078,11,17,0,0,,Apple,iPhone13ProMax,2024-11-16 20:55:40.326000,ios,0.0701220927387895,0.021857906502578742,4,1cd17f2d-b11b-4dcf-b2c7-b507d530bc51,1589,54,0b47c9be-de34-41ea-b4e5-c12800cf173d,2024-11-09 03:05:02.448000,v1.10 - Skipits - New Users,Skipits - Middle Prices
GB,2024-08-12T18:55:53.000Z,,0,0,0,0,com.android.vending,motorola,motorola edge 40 neo,2024-11-16 20:56:01.696000,android,0,,0,cd37fa38-aadd-4092-a119-115e9c36e07e,30,234,9ef1e3cd-7cc8-4581-8b3a-6aa2c89c9bb7,2024-11-09 17:13:43.177000,v1.10 - Skipits - Existing Users,Skipits - High Prices
BR,2024-11-14T16:08:11.000Z,,0,13,0,0,com.android.vending,Xiaomi,23129RAA4G,2024-11-16 20:56:44.240000,android,0.007949189602716173,0.007949189602716173,7,31505b2f-cabc-4a94-be83-51dfd1a761ce,706,18,3a5ef496-fd72-4e91-9e63-c9c8e6171474,2024-11-14 16:08:19.411000,v1.10 - Skipits - New Users,Control
US,2024-07-24T16:12:29.000Z,0.0917521361904762,10,23,0,0,,Apple,"iPhone17,3",2024-11-16 20:57:11.904000,ios,0.1470764601904762,0.05532432400000001,6,81a75147-5e09-457e-b438-e88f8857ee67,1780,675,3babf7d1-e292-41eb-9b5a-d206cb8fc162,2024-11-08 23:21:39.212000,v1.10 - Skipits - Existing Users,Skipits - Middle Prices
US,2024-11-02T17:14:27.000Z,,0,0,0,0,,Apple,iPhone14ProMax,2024-11-16 20:57:28.168000,ios,0,,0,0830a47a-cde2-407e-9dae-47570d7f9c7d,0,23,4dbecc5a-fde4-4b94-aa21-3b938daeacab,2024-11-10 22:06:55.764000,v1.10 - Skipits - Existing Users,Skipits - High Prices
GB,2024-11-12T18:52:04.000Z,0.04375504834076272,25,152,0,0,,Apple,iPhone14Pro,2024-11-16 20:58:29.791000,ios,0.2752358609168078,0.23148081257604503,63,3de85caa-3fda-41b6-9a37-b2b919647e8b,10485,12,e78d7bd1-e9a0-43f4-a5e0-d5ff7b8497e1,2024-11-12 18:52:10.858000,v1.10 - Skipits - New Users,Skipits - High Prices
BR,2024-11-07T01:51:59.000Z,0.014370506334826531,10,101,0,0,com.android.vending,INFINIX,Infinix X669C,2024-11-16 21:03:18.353000,android,0.07694539177871196,0.06257488544388543,20,f71cd945-d1ed-4ed2-aff3-9681262b6a20,5252,7,86baf06b-b129-4a35-bd20-b15bd9855fd4,2024-11-16 18:48:25.256000,v1.10 - Skipits - Existing Users,Skipits - Middle Prices
US,2024-10-13T02:58:06.000Z,0.10191434862460476,6,32,0,0,,Apple,iPhone13Pro,2024-11-16 21:04:21.335000,ios,0.10191434862460476,,0,18819699-dae2-40cd-b52d-f9543e2f3eec,1633,20,6834a22d-8c04-4962-a46c-aef68a0e7822,2024-11-16 21:04:21.335000,v1.10 - Skipits - Existing Users,Skipits - Middle Prices
PL,2024-11-16T15:48:28.000Z,0.004,1,13,0,0,com.android.vending,Xiaomi,M2101K6G,2024-11-16 21:04:55.618000,android,0.024267410000000003,0.02026741,3,2604bb55-2b00-4261-b849-03072ceec212,564,6,9ae46772-0960-45f1-ac5b-81e0f2f4dcec,2024-11-16 15:48:37.055000,v1.10 - Skipits - New Users,Skipits - High Prices
US,2024-09-28T23:18:34.000Z,0.14707717531113398,9,43,0,0,,Apple,iPhone14,2024-11-16 21:05:22.239000,ios,0.14707717531113398,,0,caaa9050-4e06-45cc-96ca-3781491fd979,2095,213,3dfce8bb-1d50-4e9a-8805-14803925ee09,2024-11-10 20:21:28.132000,v1.10 - Skipits - Existing Users,Skipits - Middle Prices
US,2024-11-11T15:50:18.000Z,,0,0,0,0,,Apple,iPhone12,2024-11-16 21:07:59.546000,ios,0,,0,296feb0b-24da-4357-989e-859911f29f4d,60,19,7be51210-76d6-4376-9da6-2e28ca1baa67,2024-11-11 15:50:25.159000,v1.10 - Skipits - New Users,Skipits - High Prices
AU,2024-11-15T22:25:16.000Z,,0,3,0,0,com.android.vending,Google,Pixel 7 Pro,2024-11-16 21:12:25.169000,android,0.05209764543429844,0.05209764543429844,1,3d516845-6352-4fd5-b53d-099384a42201,204,5,84d258c2-0821-468d-ac91-16a6385c63d3,2024-11-15 22:25:23.746000,v1.10 - Skipits - New Users,Skipits - Middle Prices
CA,2024-10-12T00:12:21.000Z,,0,0,0,0,com.android.vending,Google,Pixel 6a,2024-11-16 21:13:06.330000,android,0,,0,d0f85958-033d-4e71-bbf4-7323c0583820,120,53,de2abaa8-2f65-4888-b8ae-1c6e7f5fc371,2024-11-10 00:51:04.125000,v1.10 - Skipits - Existing Users,Control
RO,2024-11-15T15:00:13.000Z,0.007105714285714285,1,16,0,0,,Apple,iPhone12Mini,2024-11-16 21:14:14.132000,ios,0.024046840952380952,0.016941126666666667,2,80d96a2b-2433-494b-af41-40e00c2c06c2,810,4,900f3b77-019b-4e2b-ac1e-94680dbdbc25,2024-11-15 15:00:20.320000,v1.10 - Skipits - New Users,Skipits - Middle Prices
US,2024-10-12T16:56:40.000Z,0.075220764,3,12,0,0,,Apple,iPhone15,2024-11-16 21:14:25.748000,ios,0.075220764,,0,572d05d1-2f58-4670-9511-f3e35bab4e83,508,3,3801794b-9212-492a-bf45-5edb948a8e2f,2024-11-16 21:14:25.748000,v1.10 - Skipits - Existing Users,Skipits - High Prices
IT,2024-10-25T06:53:06.000Z,0.012829064235916138,2,13,0,0,,Apple,iPhone15,2024-11-16 21:15:17.101000,ios,0.03752230001686097,0.02469323578094483,5,8b1093a1-0da6-4104-992d-787e89be5765,766,133,1491b477-fafc-4cd1-bf6f-c45e890c799f,2024-11-11 18:02:57.316000,v1.10 - Skipits - Existing Users,Skipits - High Prices
UA,2024-11-11T12:29:29.000Z,0.0033097039985694886,4,32,0,0,com.android.vending,samsung,SM-A057G,2024-11-16 21:16:10.772000,android,0.01337302075159073,0.01006331675302124,2,da148d8e-372b-48a6-8594-77ff49a46936,1165,33,c22e5441-8e4a-496b-8779-267f927c398d,2024-11-11 12:29:37.859000,v1.10 - Skipits - New Users,Control
IE,2024-10-27T19:30:25.000Z,,0,45,0,0,com.android.vending,samsung,SM-A556B,2024-11-16 21:16:20.706000,android,0.19092654825244423,0.19092654825244423,6,7fdb546b-153e-43a1-be96-e486e8e4b4a6,3020,136,c98544c3-9904-4a5d-a2f9-6467d837bad4,2024-11-08 00:12:16.532000,v1.10 - Skipits - Existing Users,Skipits - High Prices
SE,2024-11-01T08:28:37.000Z,,0,15,0,0,com.android.vending,samsung,SM-S906B,2024-11-16 21:17:07.048000,android,0.05907712781982422,0.05907712781982422,4,79fa51ae-0d29-44af-ae0e-3226aec4880e,956,45,10ee55c8-c4ae-4ce5-a392-7aa9e12fc9e1,2024-11-08 06:17:14.843000,v1.10 - Skipits - Existing Users,Skipits - Middle Prices
GB,2024-11-12T15:21:41.000Z,0.02233007947887693,1,7,0,0,,Apple,iPhone11,2024-11-16 21:18:10.968000,ios,0.02233007947887693,,0,6643725a-cee1-489b-aa2a-ea0b7d2859a0,421,43,d7d185f6-a036-431f-8013-d3b2140087f9,2024-11-12 15:21:47.569000,v1.10 - Skipits - New Users,Control
DE,2024-08-05T11:02:38.000Z,0.009825487,2,16,0,0,com.android.vending,samsung,SM-F956B,2024-11-16 21:19:17.736000,android,0.06341657234069824,0.053591085340698244,4,7451b772-2f75-4bf3-b03b-c195bcc30ebb,1028,116,c6181209-2833-4253-816b-1e84c254edf1,2024-11-08 21:37:23.197000,v1.10 - Skipits - Existing Users,Skipits - High Prices
DE,2024-11-16T11:11:18.000Z,0.02254048668632329,6,61,0,0,com.android.vending,samsung,SM-G973F,2024-11-16 21:21:11.064000,android,0.02254048668632329,,0,9695cb2e-b4c6-4e7c-9b3c-44082403340b,1914,5,e0f19654-6f4a-49f8-be9f-4ff0b92b11a6,2024-11-16 11:11:25.348000,v1.10 - Skipits - New Users,Skipits - High Prices
DE,2024-08-04T21:13:44.000Z,,0,2,0,0,,Apple,iPhone15Pro,2024-11-16 21:21:54.696000,ios,0.019972743801042477,0.019972743801042477,2,06791d7c-b400-49f9-9aba-0b5a6ecc0344,309,109,392eeea8-76a1-4f01-9a9a-ccc499651693,2024-11-10 14:48:56.662000,v1.10 - Skipits - Existing Users,Skipits - High Prices
US,2024-11-16T17:23:37.000Z,0.4798661904761905,5,38,0,0,,Apple,iPhone15ProMax,2024-11-16 21:22:01.325000,ios,1.2932815010412715,0.8134153105650809,6,d0b19d48-b0f2-40cf-9500-6f386a63601b,1752,2,5738b97f-cff6-4e39-99f0-c2ac4b4bfaa6,2024-11-16 17:23:43.595000,v1.10 - Skipits - New Users,Skipits - Middle Prices
RU,2024-11-16T16:49:29.000Z,0.0019025643053000004,2,12,0,0,com.android.vending,samsung,SM-A715F,2024-11-16 21:23:11.319000,android,0.004179668067872425,0.002277103762572425,2,9b185d80-18b4-4f19-a5b9-f154e4fb556d,782,5,0672ee6d-a27d-43d8-9783-dda87400866a,2024-11-16 16:49:37.273000,v1.10 - Skipits - New Users,Skipits - Middle Prices
JP,2024-11-13T15:11:27.000Z,0.006463205619047618,4,16,0,0,,Apple,iPhone15,2024-11-16 21:24:27.707000,ios,0.024525021619047613,0.018061815999999998,5,8e2091fd-dae7-4bd1-b1ec-57e7606a7221,773,46,16569db5-5b75-4227-ac2f-94b9be362849,2024-11-13 15:11:35.014000,v1.10 - Skipits - New Users,Skipits - High Prices
RU,2024-10-20T10:28:21.000Z,,0,51,0,0,com.android.vending,INFINIX,Infinix X6826B,2024-11-16 21:24:40.372000,android,0,,0,e5f354ed-d79f-4aba-9f63-512f3ee8f383,3954,150,539ac0db-3b70-49ef-971e-f50c3b6a6df5,2024-11-08 07:42:22.232000,v1.10 - Skipits - Existing Users,Skipits - Middle Prices
KR,2024-11-16T15:55:45.000Z,,0,18,0,0,com.android.vending,samsung,SM-A135N,2024-11-16 21:25:31.532000,android,0.0686223549,0.0686223549,1,fb19ef4f-1dbb-4187-bb8a-20a277c7c4a3,431,2,7fb6d07e-bdd0-4449-8aef-decf2e6d5b55,2024-11-16 15:55:55.043000,v1.10 - Skipits - New Users,Skipits - Middle Prices
US,2024-11-15T01:11:45.000Z,0.002842857142857143,1,11,0,0,,Apple,iPhone11,2024-11-16 21:28:03.168000,ios,0.018797945323948455,0.01595508818109131,4,45df7792-f7da-422a-b8f4-002516d3c0b8,647,12,ebfd61e1-6320-46f3-9b58-b82e9b89816d,2024-11-15 01:11:52.395000,v1.10 - Skipits - New Users,Control
GB,2024-10-05T05:06:14.000Z,,0,0,0,0,com.android.vending,Google,Pixel 8,2024-11-16 21:28:50.119000,android,0,,0,58d686db-1e15-45ac-a090-1d76ede4535b,570,254,368a6504-ea45-4ac4-b530-78b0238b7741,2024-11-08 14:13:23.255000,v1.10 - Skipits - Existing Users,Control
GB,2024-10-14T16:18:43.000Z,0.03572249984741211,1,8,0,0,,Apple,iPhone15Pro,2024-11-16 21:29:47.183000,ios,0.03572249984741211,,0,b60f4e1b-a086-4f4f-b2c3-70af9facca83,852,54,9336559c-4882-45ce-ac72-6975e90e2343,2024-11-11 07:37:01.314000,v1.10 - Skipits - Existing Users,Control
HU,2024-11-16T17:59:34.000Z,,0,31,0,0,,Apple,iPhone13,2024-11-16 21:34:29.124000,ios,0,,0,d706caae-4608-4208-8df6-5e123a2b00c2,980,6,dcefb82e-7924-4622-8358-5d42df19ab7b,2024-11-16 17:59:41.032000,v1.10 - Skipits - New Users,Skipits - High Prices
GB,2024-11-11T21:54:35.000Z,0.05466267015254212,15,87,0,0,,Apple,iPhone13,2024-11-16 21:34:47.863000,ios,0.0699136686495514,0.015250998497009276,2,da47eff6-f6cd-494b-b1e8-64d68a8e5888,3624,16,9bf56227-b0a8-4848-9252-58095119074e,2024-11-11 21:54:43.003000,v1.10 - Skipits - New Users,Skipits - Middle Prices
US,2024-11-16T21:36:04.000Z,,0,9,0,0,com.android.vending,motorola,moto g(50) 5G,2024-11-16 21:36:12.719000,android,0.012408031779187065,0.012408031779187065,2,a9ad4e0f-0bb2-47d3-8bdf-db5b1beb33e4,337,1,07e4fd88-bac5-45fc-b104-02939e385732,2024-11-16 21:36:12.719000,v1.10 - Skipits - New Users,Control
BR,2024-11-14T00:05:50.000Z,,0,14,0,0,com.android.vending,Xiaomi,22111317PG,2024-11-16 21:36:42.463000,android,0,,0,4a5e4644-cffe-4b82-b3b5-5d82aaf720fb,564,21,05400d57-8cd8-4e11-b02d-8b329c53b21e,2024-11-14 00:06:00.379000,v1.10 - Skipits - New Users,Control
US,2024-11-16T20:33:37.000Z,0.0318067,1,21,0,0,com.android.vending,Wingtech,TMRV075G,2024-11-16 21:36:55.528000,android,0.08072670000000001,0.048920000000000005,1,03cc741e-306a-49c1-b233-ba6f71dd1350,847,2,20679e72-5a7a-4156-922b-86cfacbae556,2024-11-16 20:33:45.221000,v1.10 - Skipits - New Users,Skipits - High Prices
PL,2024-11-02T07:04:49.000Z,0.008937088040348052,10,62,0,0,com.android.vending,samsung,SM-S911B,2024-11-16 21:37:10.533000,android,0.008937088040348052,,0,d9c2c765-dd55-4e90-9941-a3bde5bc7379,2299,30,1ccfa8c4-de69-4a72-aa82-67c18d44d1c2,2024-11-09 09:10:26.623000,v1.10 - Skipits - Existing Users,Control
CZ,2024-11-07T09:25:02.000Z,0.002819047619047619,0,5,0,0,com.android.vending,Xiaomi,2201117TY,2024-11-16 21:39:36.520000,android,0.002819047619047619,,0,5d5110f9-e3fd-4d07-a0b4-55ec05711f93,189,46,ee07f46b-feb6-45eb-b079-9e9a23b65485,2024-11-09 13:46:34.391000,v1.10 - Skipits - Existing Users,Skipits - High Prices
DE,2024-11-13T21:48:53.000Z,0.0014736502459,2,6,0,0,com.android.vending,Xiaomi,M2007J20CG,2024-11-16 21:42:27.155000,android,0.0014736502459,,0,721b6589-032d-45d0-8867-4f3fc42073b5,314,37,59349679-9154-4a3a-8913-547d34937029,2024-11-14 06:52:12.801000,v1.10 - Skipits - Existing Users,Skipits - High Prices
DE,2024-11-16T15:36:49.000Z,0.029372059387334185,10,66,0,0,com.android.vending,Google,Pixel 8 Pro,2024-11-16 21:42:56.887000,android,0.029372059387334185,,0,597bf4ee-20a2-4fdf-82b2-9b43689e7219,2246,4,28e6cd94-0524-425f-82af-6e5c8bf1d5d9,2024-11-16 15:36:54.595000,v1.10 - Skipits - New Users,Skipits - High Prices
US,2024-11-06T16:18:54.000Z,,0,0,0,0,com.android.vending,Google,Pixel 7,2024-11-16 21:44:07.862000,android,0,,0,0f3e298a-7fd8-40df-9f0b-6afb6aeac0ae,13,94,fce672d7-2bdb-4faa-b819-782a6f8de679,2024-11-08 04:35:31.929000,v1.10 - Skipits - Existing Users,Control
CZ,2024-11-07T09:25:02.000Z,0.01025455357142857,3,22,0,0,com.android.vending,Xiaomi,2201117TY,2024-11-16 21:44:16.744000,android,0.01025455357142857,,0,3fc4c7cd-cacd-4830-9f86-26f840899857,890,47,ee07f46b-feb6-45eb-b079-9e9a23b65485,2024-11-09 13:46:34.391000,v1.10 - Skipits - Existing Users,Skipits - High Prices
GB,2024-11-16T20:53:36.000Z,0.00230079,1,6,0,0,com.android.vending,samsung,SM-G780G,2024-11-16 21:45:19.282000,android,0.00230079,,0,4d0e28ef-2daf-4b9b-8712-7c12cc2ca4a0,372,2,f5296129-b3af-4898-83f7-c9ab3b5b4128,2024-11-16 20:53:44.017000,v1.10 - Skipits - New Users,Control
GB,2024-11-03T20:47:20.000Z,,0,0,0,0,,Apple,iPhone13,2024-11-16 21:45:29.360000,ios,0,,0,ab468a0b-9057-451b-8d7c-81726ae30f74,0,39,05fb9935-3959-415d-a968-b58a38d5676e,2024-11-09 16:50:15.011000,v1.10 - Skipits - Existing Users,Control
VE,2024-11-14T00:06:11.000Z,,0,46,0,0,com.android.vending,TECNO,TECNO KI5k,2024-11-16 21:46:25.447000,android,0,,0,81df55a0-63cb-4225-88eb-fc219bc8d68d,823,12,b62f2324-efa3-4ccc-b6c0-df7a0d04f7dd,2024-11-14 00:06:21.047000,v1.10 - Skipits - New Users,Skipits - Middle Prices
US,2024-11-11T16:29:47.000Z,,1,1,0,0,,Apple,iPhone15,2024-11-16 21:46:58.516000,ios,0,,0,0368abc4-bfab-4cfa-b834-44293cc09e7d,93,59,5a8d1f30-793a-43e2-8e9a-bf656c3672ef,2024-11-11 16:29:54.753000,v1.10 - Skipits - New Users,Control
US,2024-11-06T16:18:54.000Z,,0,28,0,0,com.android.vending,Google,Pixel 7,2024-11-16 21:49:18.458000,android,0.14941491304498777,0.14941491304498777,13,744a2371-18cd-4712-8fb8-fc74bd1e9b1e,2224,95,fce672d7-2bdb-4faa-b819-782a6f8de679,2024-11-08 04:35:31.929000,v1.10 - Skipits - Existing Users,Control
CO,2024-11-16T21:51:22.000Z,,0,9,0,0,com.android.vending,Kalley,Black_3,2024-11-16 21:51:31.489000,android,0,,0,d0a63078-82f2-46f1-9062-820dd11c2682,282,1,336ed7d6-9534-4919-b17a-e3913e19de08,2024-11-16 21:51:31.489000,v1.10 - Skipits - New Users,Skipits - Middle Prices
TN,2024-10-24T19:41:10.000Z,,0,19,0,0,com.android.vending,realme,RMX3630,2024-11-16 21:53:57.447000,android,0,,0,7b241ea3-7a6e-4471-a5d8-7e824c7834df,636,59,8206acc3-7528-44d0-9527-85e9a3245233,2024-11-16 05:39:42.903000,v1.10 - Skipits - Existing Users,Control
US,2024-09-05T06:24:24.000Z,,0,0,0,0,,Apple,iPhone11ProMax,2024-11-16 21:54:14.339000,ios,0,,0,6c858222-0913-4661-b030-159d160f9756,29,9,6394a5a2-31ab-49ed-9fea-c71356079240,2024-11-16 21:54:14.339000,v1.10 - Skipits - Existing Users,Skipits - High Prices
JP,2024-09-24T12:39:23.000Z,,0,13,0,0,,Apple,iPhoneSE2Gen,2024-11-16 21:55:31.110000,ios,0.0642701019752993,0.0642701019752993,5,2ec8b140-e54b-4cd2-b9af-da9988faa662,854,197,3a5fdf0e-ecec-4307-b74f-ba8da59a258b,2024-11-10 13:54:13.565000,v1.10 - Skipits - Existing Users,Control
US,2024-11-12T20:57:06.000Z,,0,0,0,0,,Apple,iPhone12,2024-11-16 21:56:53.249000,ios,0,,0,f383abff-c761-4587-b88d-86ad2253fc1b,0,6,9a835820-1cd3-4910-a9fc-3982984492b3,2024-11-12 20:57:13.200000,v1.10 - Skipits - New Users,Control
GB,2024-10-18T14:43:59.000Z,0.01895713233947754,2,21,0,0,,Apple,iPhone13ProMax,2024-11-16 21:58:20.610000,ios,0.04566443824768065,0.02670730590820311,2,20b4b1c9-1778-42fe-9c46-a550abd22432,939,69,5dd18d07-4cbb-4cd8-b927-a8f072fc43d0,2024-11-12 11:50:16.707000,v1.10 - Skipits - Existing Users,Skipits - Middle Prices
TR,2024-11-06T08:19:00.000Z,0.035110222499999996,3,28,0,0,com.android.vending,samsung,SM-A346E,2024-11-16 21:58:41.795000,android,0.0661441325,0.03103391,2,a13fa89e-671e-4484-abda-5b8adf0c309c,996,36,09ba903b-43f2-47a0-aa8a-8b5fb7ea6c8f,2024-11-08 08:39:05.755000,v1.10 - Skipits - Existing Users,Control
IL,2024-10-07T16:57:41.000Z,,0,0,0,0,com.android.vending,samsung,SM-A356E,2024-11-16 21:59:02.351000,android,0,,0,14b1dd4a-f778-4d65-9879-836ca5a91952,6,93,62adc14a-b1e3-4d98-a56e-9151ce110372,2024-11-10 22:51:58.464000,v1.10 - Skipits - Existing Users,Skipits - Middle Prices
DE,2024-11-01T06:19:10.000Z,0.017615840543212892,4,24,0,0,,Apple,iPhone13,2024-11-16 21:59:57.359000,ios,0.017615840543212892,,0,f4380811-f5bf-4b57-9e04-56b852b5e6d0,997,20,6ef1fd04-f082-43ef-b680-8639945270fa,2024-11-09 22:56:04.951000,v1.10 - Skipits - Existing Users,Control
AM,2024-10-04T11:10:48.000Z,,0,0,0,0,,Apple,iPhone12Pro,2024-11-16 22:02:49.585000,ios,0.007743817183117233,0.007743817183117233,4,506dd557-80f3-4e4a-98eb-ca84c0232911,185,227,aa3dbfe7-1b7e-4471-a3d6-b11918c8c4a1,2024-11-08 16:01:59.617000,v1.10 - Skipits - Existing Users,Skipits - High Prices
MX,2024-09-22T21:08:04.000Z,,0,0,0,0,com.android.vending,Xiaomi,2207117BPG,2024-11-16 22:03:50.812000,android,0,,0,0cf40bdd-9def-4e67-ab7b-f3194c437fdf,0,80,e7aaa947-d692-4fa2-af41-ef103e17400c,2024-11-16 00:49:17.999000,v1.10 - Skipits - Existing Users,Skipits - Middle Prices
JP,2024-11-01T09:13:35.000Z,,0,9,0,0,,Apple,iPhone11Pro,2024-11-16 22:08:15.223000,ios,0.01619422502392578,0.01619422502392578,5,60f41bac-48c1-49d8-bc16-b2f1f952dad8,415,155,9287dec2-f6c4-43ea-8769-9f971bf6b241,2024-11-09 21:48:34.072000,v1.10 - Skipits - Existing Users,Control
US,2024-10-18T20:47:28.000Z,0.072898296,5,15,0,0,com.android.vending,samsung,SM-G998U1,2024-11-16 22:08:33.163000,android,0.09710377615612793,0.02420548015612793,2,58d9120a-712a-4b4c-b1ad-736485405d7f,721,81,0f0e201e-cc10-458f-964b-f560298865c5,2024-11-08 11:42:58.507000,v1.10 - Skipits - Existing Users,Skipits - Middle Prices
US,2024-09-24T21:00:35.000Z,0.1374639767678368,11,50,0,0,,Apple,iPhone11,2024-11-16 22:08:52.117000,ios,0.1374639767678368,,0,a9fe542b-9506-4ab4-8a23-46c46ec33959,2621,102,a0cb9cd0-9830-4c71-aa95-9a7e6d6bfb6c,2024-11-12 17:47:34.038000,v1.10 - Skipits - Existing Users,Skipits - High Prices
ES,2024-11-06T10:14:59.000Z,,0,2,0,0,,Apple,iPhone12Mini,2024-11-16 22:11:46.349000,ios,0,,0,e09d269a-4ddc-4721-9847-39984d102f7d,32,53,4186b7ef-a9b9-4183-8854-1cbee08bb4b2,2024-11-09 13:09:30.616000,v1.10 - Skipits - Existing Users,Control
US,2024-09-29T00:04:30.000Z,0.038686781212677,8,33,0,0,,Apple,iPhoneSE2Gen,2024-11-16 22:11:52.596000,ios,0.15865800975376887,0.11997122854109193,28,7009db4f-f445-4094-9d5c-f52b604cd56a,3696,34,17cfee33-d717-40df-987c-9fa7de553448,2024-11-12 13:21:28.995000,v1.10 - Skipits - Existing Users,Skipits - High Prices
GB,2024-11-09T09:21:30.000Z,0.006920899685806276,2,13,0,0,,Apple,"iPhone17,1",2024-11-16 22:12:03.371000,ios,0.021334322747177125,0.014413423061370847,3,8b00a9da-f2c3-4054-9595-1fcee2f8662d,614,79,5a0eee45-5e44-41f2-84a1-40365e49c953,2024-11-09 09:21:36.433000,v1.10 - Skipits - New Users,Skipits - Middle Prices
JP,2024-11-16T04:38:43.000Z,0.008881158351898196,2,10,0,0,,Apple,iPhone13Mini,2024-11-16 22:12:14.877000,ios,0.008881158351898196,,0,d0983c13-d1a2-4c27-af91-21e30c5a74fa,481,3,ac0f1ab5-ae5b-4205-a821-3e68f9212845,2024-11-16 04:38:50.633000,v1.10 - Skipits - New Users,Skipits - Middle Prices
FR,2024-11-15T14:44:23.000Z,0.00464801232189888,8,52,0,0,,Apple,iPhone14Pro,2024-11-16 22:15:10.872000,ios,0.01093066007251049,0.00628264775061161,8,47c077b0-c337-4f51-80c5-1f3d61b462d7,3047,23,6ecc0126-3ff7-4d12-b021-c3dac8dd8d6f,2024-11-15 14:44:37.007000,v1.10 - Skipits - New Users,Skipits - Middle Prices
DE,2024-11-16T20:09:11.000Z,0.002951428571428571,1,35,0,0,com.android.vending,Xiaomi,22071219CG,2024-11-16 22:15:18.765000,android,0.002951428571428571,,0,298590b1-c7a2-4f5c-836a-ead9c049373a,1106,4,ad736d00-fde0-4131-8abd-659e8d2494d3,2024-11-16 20:09:18.424000,v1.10 - Skipits - New Users,Skipits - High Prices
GT,2024-11-12T06:03:34.000Z,0.0020072189810999997,1,14,0,0,com.android.vending,samsung,SM-G780G,2024-11-16 22:18:47.978000,android,0.0070021589810999995,0.00499494,1,1acd424f-fadd-451e-9b8b-7fdda7a39933,514,17,8a25c57d-f335-49e5-8fbc-f81d6c165b47,2024-11-12 15:13:36.039000,v1.10 - Skipits - Existing Users,Control
DE,2024-11-09T19:52:18.000Z,0.005240996447034222,4,30,0,0,com.android.vending,Xiaomi,23090RA98G,2024-11-16 22:21:34.719000,android,0.013887696447034222,0.0086467,3,fc4c2b61-06d7-4f7f-a628-08af968fdea9,1426,77,c03a6d5f-5e7d-4446-95d7-bbf76cd2bd1b,2024-11-09 19:52:25.237000,v1.10 - Skipits - New Users,Skipits - High Prices
ZZ,2024-11-16T22:19:23.000Z,0.024749227220059802,15,113,0,0,com.android.vending,OPPO,CPH1907,2024-11-16 22:21:41.090000,android,0.042962818450706354,0.01821359123064655,4,26cc28ee-076a-4401-97b9-074ec9c5aec3,4618,1,b5934e71-2d06-42a5-a561-9bfeca53d480,2024-11-16 22:21:41.308000,v1.10 - Skipits - New Users,Skipits - Middle Prices
PL,2024-10-17T14:34:49.000Z,0.02334662453651429,7,45,0,0,,Apple,iPhone12,2024-11-16 22:22:42.227000,ios,0.03512650436344601,0.011779879826931728,3,bd0f0020-6050-463e-a9a1-5340ca62e12f,2137,98,85de453c-a377-470f-ac28-e361716d8dc9,2024-11-10 11:59:28.234000,v1.10 - Skipits - Existing Users,Skipits - High Prices
JM,2024-11-02T21:03:51.000Z,0.027845555433657146,10,62,0,0,com.android.vending,samsung,SM-G998U1,2024-11-16 22:22:57.182000,android,0.07487112245806139,0.04702556702440425,7,1465c896-2e4f-4d5d-a7ab-dc70e225306f,2999,9,c6cca13a-9c1e-4e3d-8ff7-72db2f62745b,2024-11-16 18:55:16.764000,v1.10 - Skipits - Existing Users,Skipits - Middle Prices
US,2024-10-18T03:28:55.000Z,0.22948888659394137,12,35,0,0,com.android.vending,samsung,SM-G975U1,2024-11-16 22:24:12.969000,android,0.41632083602312187,0.1868319494291804,4,98010f5d-7f61-4ed4-b0be-527e08bd6f5b,4748,108,46ae9f27-cbad-4b2d-a6e6-f850605d7718,2024-11-09 05:07:58.618000,v1.10 - Skipits - Existing Users,Skipits - High Prices
US,2024-10-12T00:39:41.000Z,,0,3,0,0,,Apple,iPhone12ProMax,2024-11-16 22:26:18.281000,ios,0,,0,afbc5be8-68e4-4c2d-b2dd-4cb1a1500aea,86,5,aff4d5a1-01cd-4c30-bfb6-410609736954,2024-11-16 22:26:18.281000,v1.10 - Skipits - Existing Users,Control
US,2024-10-06T03:57:43.000Z,0.01569,1,17,0,0,com.android.vending,samsung,SM-F926U,2024-11-16 22:26:37.029000,android,0.16765151428585962,0.1519615142858596,4,4e83289c-72cc-4cd7-95cd-d904ad0434ca,884,76,c2d86af6-0b90-4a8a-930f-54647dae9da7,2024-11-09 16:42:59.893000,v1.10 - Skipits - Existing Users,Control
US,2024-11-16T22:26:38.000Z,0.073446741,4,48,0,0,,Apple,iPhone12,2024-11-16 22:27:16.321000,ios,0.12709588900000002,0.05364914800000001,3,4ad58059-e2b5-45fe-be2a-d8528b1bb28c,1768,1,5c401c7d-6030-46fb-b163-ad014bd8c5af,2024-11-16 22:27:16.321000,v1.10 - Skipits - New Users,Skipits - High Prices
KR,2024-10-22T03:27:51.000Z,0.10525580810603477,7,48,0,0,com.android.vending,samsung,SM-S916N,2024-11-16 22:28:07.212000,android,0.19780838422140204,0.09255257611536728,2,463cc5a5-1001-4d59-967d-d3d37a16c294,1840,64,20f9dd93-4f33-43c6-a8d2-8fc61294407c,2024-11-08 21:15:44.810000,v1.10 - Skipits - Existing Users,Skipits - Middle Prices
GE,2024-10-18T18:03:14.000Z,,0,2,0,0,,Apple,iPhone15Plus,2024-11-16 22:28:25.222000,ios,0,,0,764ba055-e4e9-4456-a2ed-c98fd67ea886,67,63,47f4a842-1e44-4881-8b1a-20a3ebc30d8d,2024-11-12 07:49:10.123000,v1.10 - Skipits - Existing Users,Skipits - High Prices
AR,2024-10-19T22:01:46.000Z,0.000386962,1,33,0,0,com.android.vending,motorola,motorola edge 30 fusion,2024-11-16 22:29:18.228000,android,0.01610016915544349,0.015713207155443488,18,2301b386-7734-4a9c-bdbc-27f0ee418c5d,2468,80,34417e2d-43fd-458b-9eb5-96d33f04bbab,2024-11-09 03:44:59.959000,v1.10 - Skipits - Existing Users,Skipits - High Prices
ES,2024-11-16T22:29:08.000Z,0.0041646239518911,1,37,0,0,com.android.vending,Xiaomi,2203129G,2024-11-16 22:29:18.599000,android,0.014670088951891102,0.010505465000000002,2,3d413144-b9c4-4fe1-a974-84ba8b7b31fb,1294,1,df25fb4b-8323-4b94-815a-7cab96454fd6,2024-11-16 22:29:18.600000,v1.10 - Skipits - New Users,Skipits - Middle Prices
GB,2024-10-18T10:38:44.000Z,,0,9,0,0,,Apple,iPhone12,2024-11-16 22:30:21.685000,ios,0.4340660400390625,0.4340660400390625,1,089b9291-d3eb-4fa4-94ce-a7b019062bc8,2086,67,5d5fa0eb-a0d3-426a-8cb2-ac43b3ca0ef1,2024-11-08 20:06:53.535000,v1.10 - Skipits - Existing Users,Control
HU,2024-10-23T07:23:34.000Z,,0,5,0,0,,Apple,iPhone14Pro,2024-11-16 22:30:47.090000,ios,0.002505599664960588,0.002505599664960588,1,b653a304-65df-4acc-aabd-d7a49fb1fee5,197,42,26b3ec9c-56b5-4ca6-9c34-7fa07028f4d0,2024-11-09 21:46:06.954000,v1.10 - Skipits - Existing Users,Control
EG,2024-11-16T18:53:18.000Z,0.0008406294119,2,18,0,0,com.android.vending,INFINIX,Infinix X665E,2024-11-16 22:31:55.180000,android,0.0008406294119,,0,ee88bc2e-7f0a-42eb-a2bf-6f504d48d319,776,6,583a14e4-3dbf-408c-bcf7-5efa6103ad4b,2024-11-16 18:53:30.571000,v1.10 - Skipits - New Users,Skipits - Middle Prices
US,2024-11-16T14:32:43.000Z,0.4656159966054688,18,93,0,0,,Apple,iPhone14Pro,2024-11-16 22:32:17.732000,ios,0.4656159966054688,,0,6fe0180b-a5a5-41d4-ae89-127b1e3e9e28,4017,5,9e8d9fd8-3f71-4118-a1f7-f7490f2d69f4,2024-11-16 14:32:49.595000,v1.10 - Skipits - New Users,Skipits - High Prices
US,2024-11-15T19:39:52.000Z,0.03613000000000001,0,14,0,0,,Apple,iPhone15Pro,2024-11-16 22:33:41.610000,ios,0.22164651013377928,0.18551651013377926,4,f4756fa3-f2e7-423e-816b-cb0dcf9edb09,1065,12,492aab51-bd45-4a56-ab3a-24a5ffce4e75,2024-11-15 19:39:59.029000,v1.10 - Skipits - New Users,Skipits - Middle Prices
US,2024-11-15T02:16:13.000Z,0.08733472504803466,7,49,0,0,,Apple,iPhone15Plus,2024-11-16 22:35:17.715000,ios,0.08733472504803466,,0,8ee9b7b8-1822-4dd0-8d0a-74619236edc5,1680,8,1f3c5ca3-6c3b-4b43-86c5-90ed3eae33e9,2024-11-15 02:16:20.910000,v1.10 - Skipits - New Users,Skipits - Middle Prices
US,2024-11-16T22:36:37.000Z,0.017762581,1,37,0,0,,Apple,iPhone13ProMax,2024-11-16 22:36:44.597000,ios,0.20780528499999995,0.19004270399999995,7,cf9f6541-d243-42bb-82e6-52137977d14d,1526,1,dda3150a-f33c-4e4e-83df-a0fc37478253,2024-11-16 22:36:44.597000,v1.10 - Skipits - New Users,Skipits - Middle Prices
BR,2024-11-14T15:44:35.000Z,0.002992875542515891,8,57,0,0,com.android.vending,samsung,SM-A037M,2024-11-16 22:37:56.289000,android,0.10679011397044115,0.10379723842792525,35,dbede1e6-4b17-4587-b472-a3eb1ddf4e81,4438,31,60b223b4-d7bc-47bc-b40a-2c684b9f596d,2024-11-14 15:44:45.225000,v1.10 - Skipits - New Users,Skipits - Middle Prices
FR,2024-10-06T23:41:17.000Z,,0,85,0,0,com.android.vending,samsung,SM-G781B,2024-11-16 22:40:33.962000,android,0,,0,55d7d8c8-7e68-49ce-8bfe-af74726446f3,4701,79,7d21b609-60b3-4e7b-8345-d3adf28672f0,2024-11-12 14:47:34.889000,v1.10 - Skipits - Existing Users,Skipits - Middle Prices
SA,2024-11-16T17:10:49.000Z,,0,0,0,0,com.android.vending,samsung,SM-A055F,2024-11-16 22:44:34.437000,android,0,,0,8d5d65db-146f-4bdb-a351-d8d4568daac2,16,3,9f3bd05d-2b4d-42f4-b9af-c07cb3dcb89b,2024-11-16 17:10:58.244000,v1.10 - Skipits - New Users,Skipits - Middle Prices
MX,2024-10-07T03:07:57.000Z,0.023888018433199997,9,19,0,0,com.android.vending,OPPO,CPH2365,2024-11-16 22:46:53.274000,android,0.05055273304389999,0.026664714610700004,11,0554f353-d934-48d6-b4c4-72fc80a62875,2041,194,2fa7249d-af59-4c7c-b50c-828c791f74e5,2024-11-09 04:53:52.622000,v1.10 - Skipits - Existing Users,Skipits - Middle Prices
US,2024-10-19T15:57:18.000Z,0.055513082000000005,3,23,0,0,,Apple,iPhone15ProMax,2024-11-16 22:46:55.760000,ios,0.08618308200000002,0.03067000000000001,1,7551caf4-b915-4932-8474-9b0e4c421a2d,1174,16,920e30e2-775b-40d0-a117-cdcccc9206d5,2024-11-12 00:28:27.727000,v1.10 - Skipits - Existing Users,Skipits - High Prices
GB,2024-11-10T23:42:02.000Z,0.022679270678463224,12,71,0,0,com.android.vending,motorola,motorola edge 40 neo,2024-11-16 22:47:46.279000,android,0.11730086369395498,0.09462159301549176,15,a9d7fc95-c62b-4adb-9f12-6b8e2d96f1d4,3760,13,99185b71-f1bf-4cfb-96ca-76af5ff845da,2024-11-10 23:42:10.451000,v1.10 - Skipits - New Users,Skipits - Middle Prices
CO,2024-10-05T21:09:19.000Z,0.0007295238095238095,2,18,0,0,com.android.vending,Xiaomi,21061119AL,2024-11-16 22:47:53.271000,android,0.0027319157407737008,0.002002391931249891,3,d813d809-d11c-49ae-9dbe-440ab80735ed,1189,98,3b8505eb-f0ab-4e57-9010-d6f6280004ae,2024-11-12 19:54:26.662000,v1.10 - Skipits - Existing Users,Skipits - High Prices
US,2024-11-15T05:10:21.000Z,0.0782831931556,1,12,0,0,,Apple,iPhone11,2024-11-16 22:48:36.473000,ios,0.0782831931556,,0,4bed30b8-6d1d-4de0-b2e8-c81857186215,468,2,5f28c085-5537-49e9-9ff6-e165a6f52b9d,2024-11-15 05:10:30.144000,v1.10 - Skipits - New Users,Skipits - Middle Prices
BR,2024-11-15T11:14:45.000Z,0.0054047969803826465,10,56,0,0,com.android.vending,samsung,SM-M546B,2024-11-16 22:49:01.247000,android,0.007484221980382647,0.002079425,2,db9c2537-68f7-416d-a4da-f5e035dd9015,2453,14,e37dd435-a0aa-4910-8836-1fdaf2f4d2c6,2024-11-15 11:14:53.002000,v1.10 - Skipits - New Users,Skipits - High Prices
DO,2024-11-10T15:21:48.000Z,0.014012961167955399,9,66,0,0,com.android.vending,INFINIX,Infinix X678B,2024-11-16 22:49:13.826000,android,0.041083124674654005,0.02707016350669861,16,22b19a81-03c4-47c6-9ab2-58b52d34ed48,3726,22,49b37dbb-7c71-45e6-be15-b9b4c8be348b,2024-11-10 15:21:57.076000,v1.10 - Skipits - New Users,Control
JP,2024-11-04T06:11:54.000Z,,0,0,0,0,,Apple,iPhone8,2024-11-16 22:49:25.472000,ios,0.00207165,0.00207165,0,ad34359e-e623-47f5-8032-6c9561f34762,16,52,ff31a434-d4d4-428b-87e5-fdae9983b9d1,2024-11-08 22:45:19.072000,v1.10 - Skipits - Existing Users,Skipits - Middle Prices
DE,2024-11-15T00:15:09.000Z,,0,3,0,0,,Apple,iPhone15Pro,2024-11-16 22:50:20.672000,ios,0,,0,c3ff4c5f-89d5-441b-ac1e-c35b55fc14cd,119,4,b96c7887-5269-43fc-b078-40a92c4d9d3d,2024-11-15 00:15:14.811000,v1.10 - Skipits - New Users,Skipits - Middle Prices
GB,2024-10-18T14:43:59.000Z,0.04649778737487793,5,26,0,0,,Apple,iPhone13ProMax,2024-11-16 22:52:04.734000,ios,0.05838849343719483,0.01189070606231689,1,4d5bd6e5-700f-4d74-8958-486121a89230,1283,70,5dd18d07-4cbb-4cd8-b927-a8f072fc43d0,2024-11-12 11:50:16.707000,v1.10 - Skipits - Existing Users,Skipits - Middle Prices
US,2024-11-08T16:18:13.000Z,0.00966142082214356,0,1,0,0,,Apple,iPhone15Pro,2024-11-16 22:52:34.036000,ios,0.00966142082214356,,0,db21d8d9-c166-4039-8df4-8226f1ff2f35,45,55,769fedc4-1178-4bfd-9ce3-776f063121f8,2024-11-08 16:18:34.768000,v1.10 - Skipits - New Users,Skipits - High Prices
US,2024-11-16T22:56:07.000Z,,0,25,0,0,,Apple,iPhone14,2024-11-16 22:56:13.825000,ios,0,,0,94b2278f-ead2-493a-a8cc-74db3b361fd0,757,1,5b958cd5-f5fb-4601-9a87-009f07c119a3,2024-11-16 22:56:13.825000,v1.10 - Skipits - New Users,Control
US,2024-11-12T20:50:30.000Z,,0,8,0,0,,Apple,iPhone13Pro,2024-11-16 22:56:19.827000,ios,0.03995748710632325,0.03995748710632325,2,ebeec641-1b66-4131-ae81-f64f0f149003,309,19,6e784ecf-65f0-4248-bdf2-6fe2dff18500,2024-11-13 19:51:34.694000,v1.10 - Skipits - Existing Users,Skipits - Middle Prices
MX,2024-11-16T22:57:02.000Z,,0,13,0,0,com.android.vending,OPPO,CPH2577,2024-11-16 22:57:09.982000,android,0,,0,6452e62c-425b-4565-aecf-77ddc5a8b57c,332,1,57889df6-6706-4229-96e4-f9c4bf125caa,2024-11-16 22:57:09.982000,v1.10 - Skipits - New Users,Skipits - Middle Prices
DO,2024-11-04T11:47:27.000Z,0.00015904761904761904,0,4,0,0,com.android.vending,samsung,SM-A226BR,2024-11-16 23:00:24.922000,android,0.00015904761904761904,,0,d1256a39-a34c-427c-a908-2455a1874de4,266,32,4b86937c-372f-485b-ae14-ebead44123b4,2024-11-10 17:50:53.939000,v1.10 - Skipits - Existing Users,Skipits - High Prices
JP,2024-11-09T17:57:04.000Z,0.13744204639402116,4,28,0,0,com.android.vending,Sony,SOG13,2024-11-16 23:01:01.979000,android,0.13744204639402116,,0,46e316ad-c02b-4a6e-b752-7dfaca8190a5,1084,3,3d502494-4167-437a-8217-996546ffb1ac,2024-11-16 23:01:01.979000,v1.10 - Skipits - Existing Users,Control
US,2024-08-28T15:45:24.000Z,0.029026372306460425,3,15,0,0,,Apple,iPhone14ProMax,2024-11-16 23:03:14.120000,ios,0.041026372306460425,0.012,0,77736f63-e6b3-415a-ba9b-7cb3066d42e3,832,90,1d4e0cfd-776e-428a-bd5b-7ad6cf48fd55,2024-11-13 14:22:24.684000,v1.10 - Skipits - Existing Users,Control
BR,2024-11-16T23:03:13.000Z,0.001430716037750244,1,33,0,0,com.android.vending,Xiaomi,22101320G,2024-11-16 23:03:21.007000,android,0.007513966928379877,0.006083250890629633,2,ab3989a7-46bc-4eca-a7d2-f57560cf7f45,1321,1,fd4a6364-7f6d-43be-8ee5-33aa6d04b7e8,2024-11-16 23:03:21.007000,v1.10 - Skipits - New Users,Skipits - Middle Prices
US,2024-11-13T18:14:06.000Z,,0,4,0,0,,Apple,iPhone14,2024-11-16 23:04:40.134000,ios,0,,0,8547f000-52c4-40c7-a8aa-4d91b86f1762,180,24,b91cc491-5331-4974-bdeb-2ba86dc2cec2,2024-11-13 18:19:31.102000,v1.10 - Skipits - Existing Users,Skipits - Middle Prices
US,2024-11-16T20:30:12.000Z,0.01728762761904762,1,8,0,0,com.android.vending,Wingtech,Celero5G,2024-11-16 23:07:14.496000,android,0.043357787531156995,0.026070159912109377,1,f879e7d4-b926-44aa-ba50-58ec180da004,488,18,6e69911f-ebba-418c-92a5-4738b7921313,2024-11-16 20:30:22.280000,v1.10 - Skipits - New Users,Control
PL,2024-11-16T15:03:33.000Z,,0,1,0,0,com.android.vending,Nothing,A063,2024-11-16 23:09:42.624000,android,0,,0,1bede876-fc2d-4649-a299-9c457ccda240,35,3,befe1f8d-ed9b-45ec-810f-b3ecc4133022,2024-11-16 15:03:40.813000,v1.10 - Skipits - New Users,Skipits - High Prices
PH,2024-11-16T23:10:42.000Z,,0,13,0,0,com.android.vending,Xiaomi,21081111RG,2024-11-16 23:10:50.630000,android,0.013515228,0.013515228,0,6edbd9d1-51a7-4d6a-8897-5c08e71e049f,404,1,50b97940-6fc7-4b75-bcfa-47bd0ad555ca,2024-11-16 23:10:50.630000,v1.10 - Skipits - New Users,Skipits - High Prices
JP,2024-11-09T03:55:55.000Z,,0,0,0,0,,Apple,iPhone14,2024-11-16 23:11:36.380000,ios,0,,1,9a8417a5-5664-4973-b151-7abdbdddf2cd,17,51,10f3626b-ab53-4096-857c-aaa2f54e33f2,2024-11-09 03:56:03.238000,v1.10 - Skipits - New Users,Skipits - Middle Prices
US,2024-11-16T04:47:38.000Z,,0,4,0,0,com.android.vending,samsung,SM-A236U,2024-11-16 23:15:34.788000,android,0.13024000000000002,0.13024000000000002,1,f16d42fa-ac9f-428c-9cff-b863a2f8e2d1,364,2,a4543b54-0af7-48ac-bdb4-5ff3605a7d73,2024-11-16 04:47:49.628000,v1.10 - Skipits - New Users,Skipits - Middle Prices
US,2024-11-16T20:30:12.000Z,,0,1,0,0,com.android.vending,Wingtech,Celero5G,2024-11-16 23:15:42.050000,android,0,,0,aef6f2c8-aff2-4af0-9f2d-837b1cce130c,31,19,6e69911f-ebba-418c-92a5-4738b7921313,2024-11-16 20:30:22.280000,v1.10 - Skipits - New Users,Control
SR,2024-11-16T16:50:50.000Z,,0,0,0,0,com.android.vending,samsung,SM-A055F,2024-11-16 23:15:42.805000,android,0,,0,c4e21728-4d5a-4ec7-b08c-94720fb1f36b,3,3,c5169857-c6ec-46da-af5b-4711d9f595e2,2024-11-16 16:51:01.570000,v1.10 - Skipits - New Users,Skipits - Middle Prices
MX,2024-10-01T03:13:12.000Z,0.0057178982920999995,8,29,0,0,com.android.vending,HONOR,WOD-LX3,2024-11-16 23:16:15.588000,android,0.0057178982920999995,,0,1389ddc8-fed4-42fa-a458-d67f5bb74272,1740,162,45a27c87-596b-4431-a41b-237f44e1c278,2024-11-09 15:28:33.711000,v1.10 - Skipits - Existing Users,Skipits - High Prices
MX,2024-09-22T21:08:04.000Z,,0,8,0,0,com.android.vending,Xiaomi,2207117BPG,2024-11-16 23:16:31.694000,android,0,,0,e3468a61-bef5-4055-93af-03d053a0daed,253,81,e7aaa947-d692-4fa2-af41-ef103e17400c,2024-11-16 00:49:17.999000,v1.10 - Skipits - Existing Users,Skipits - Middle Prices
TW,2024-10-19T06:35:49.000Z,,0,0,0,0,com.android.vending,vivo,V2048A,2024-11-16 23:16:34.952000,android,0.02193715,0.02193715,1,2d0a0997-7e8c-436a-9fdb-9c5c640298d1,342,81,072b7122-b7af-408f-9155-761a615cbf7c,2024-11-08 15:45:59.008000,v1.10 - Skipits - Existing Users,Skipits - Middle Prices
US,2024-10-29T18:54:38.000Z,0.011066529,0,3,0,0,,Apple,iPhone15Plus,2024-11-16 23:16:56.693000,ios,0.011066529,,0,3a3572f8-c91f-4df3-a23a-f14f42bc7371,261,24,174b26ea-ac78-4f21-9730-df994e9f56ad,2024-11-10 22:10:37.469000,v1.10 - Skipits - Existing Users,Skipits - Middle Prices
TW,2024-10-14T15:27:13.000Z,,0,0,0,0,com.android.vending,Xiaomi,M2102J20SG,2024-11-16 23:17:11.583000,android,0,,0,784d527f-a4f0-4a96-a13b-4853eac29ed5,31,47,4b1a98f2-9824-4cab-8646-06876c3d2024,2024-11-13 08:48:18.634000,v1.10 - Skipits - Existing Users,Skipits - Middle Prices
VN,2024-11-16T14:10:27.000Z,0.004674431191044644,10,186,0,0,com.android.vending,samsung,SM-F711N,2024-11-16 23:30:26.758000,android,0.011933416960316497,0.007258985769271852,7,400db243-32bc-4b9a-b661-d74aefa88083,6090,2,407d0c97-c1ae-4b9b-b978-0dd211c68083,2024-11-16 14:10:35.444000,v1.10 - Skipits - New Users,Skipits - High Prices
KR,2024-11-14T12:50:30.000Z,,0,0,0,0,com.android.vending,samsung,SM-G965N,2024-11-16 23:30:30.556000,android,0,,0,9010674d-61df-464b-8dc2-8e1f858bc195,92,17,37c05705-45f9-4e32-8c7c-65c9ab84ec3b,2024-11-15 01:53:37.298000,v1.10 - Skipits - Existing Users,Skipits - Middle Prices
US,2024-11-16T04:32:44.000Z,0.15805527823866844,15,56,0,0,,Apple,iPhone13Pro,2024-11-16 23:31:48.434000,ios,0.3681799524045187,0.21012467416585026,15,44403d62-ba86-4780-bb25-7a0b28025804,5312,3,9d15e4a6-887f-43f0-833a-87e3701b973d,2024-11-16 13:07:36.547000,v1.10 - Skipits - Existing Users,Control
ES,2024-11-16T12:26:41.000Z,0.014295678147131237,17,105,0,0,com.android.vending,Xiaomi,22081212UG,2024-11-16 23:33:32.698000,android,0.03255090787639213,0.01825522972926089,6,b5b5fc80-ca79-4811-9e4e-61860e270dab,4318,10,f70a4f0c-e9c8-4873-8e9e-b71863ae6d3e,2024-11-16 12:26:48.064000,v1.10 - Skipits - New Users,Skipits - High Prices
US,2024-11-16T23:33:38.000Z,,0,9,0,0,,Apple,iPhone14Pro,2024-11-16 23:33:44.968000,ios,0,,0,5dcea14f-a593-4c76-9ce3-734ed520744b,202,1,dbcff3e4-f269-4bbb-b09d-a8de67fb51c9,2024-11-16 23:33:44.968000,v1.10 - Skipits - New Users,Skipits - High Prices
JP,2024-11-10T23:57:20.000Z,,0,5,0,0,,Apple,iPhone14Pro,2024-11-16 23:35:12.748000,ios,0,,0,e1d3de5c-dc75-4630-b102-db8bdac5b78e,121,63,5633c970-1d6f-420b-aa5d-e56008433df2,2024-11-10 23:57:28.331000,v1.10 - Skipits - New Users,Control
US,2024-11-09T13:59:58.000Z,,0,225,0,0,,Apple,iPhone15,2024-11-16 23:36:39.402000,ios,0,,0,736a245a-3816-4580-bbcf-068e7ab905e2,7136,30,a2da30ce-281e-4468-bcda-490412e6def6,2024-11-09 14:00:05.191000,v1.10 - Skipits - New Users,Skipits - Middle Prices
CO,2024-11-07T18:52:47.000Z,0.0029044648288809524,4,70,0,0,com.android.vending,samsung,SM-A546E,2024-11-16 23:37:22.458000,android,0.045441389844641265,0.04253692501576031,21,729922cb-8156-47ef-91b1-20947a4dc546,3153,44,0f01bac8-2aa3-438a-b744-6cd05bdc5e9f,2024-11-09 15:19:09.209000,v1.10 - Skipits - Existing Users,Skipits - High Prices
FR,2024-11-15T14:44:23.000Z,,1,1,0,0,,Apple,iPhone14Pro,2024-11-16 23:38:16.959000,ios,0,,0,62581599-d6eb-432d-8f16-69d6f2abf3c9,14,25,6ecc0126-3ff7-4d12-b021-c3dac8dd8d6f,2024-11-15 14:44:37.007000,v1.10 - Skipits - New Users,Skipits - Middle Prices
US,2024-11-11T22:44:24.000Z,,0,13,0,0,com.android.vending,samsung,SM-N986U,2024-11-16 23:39:47.219000,android,0,,0,cb97c307-9092-472e-80cf-2cbf2f3c382a,353,24,44707d28-db91-45ba-8866-bb51164c60f1,2024-11-11 22:44:31.831000,v1.10 - Skipits - New Users,Control
US,2024-11-12T00:43:28.000Z,,0,1,0,0,,Apple,iPhone12Pro,2024-11-16 23:40:00.943000,ios,0,,0,74485646-ff19-4ec8-a8a8-8b23bba88d50,30,48,d1f3a983-6b64-4b3f-927d-9f39e52517e7,2024-11-12 00:43:34.529000,v1.10 - Skipits - New Users,Skipits - High Prices
US,2024-10-13T21:30:42.000Z,,0,20,0,0,,Apple,iPhone15Pro,2024-11-16 23:40:17.890000,ios,0.15137980461120604,0.15137980461120604,7,35cd627b-d0fb-4c79-bcd5-5f5c37d61d2d,2620,219,449afa00-6da8-45e9-a169-abd073b5743a,2024-11-08 21:13:13.530000,v1.10 - Skipits - Existing Users,Control
EG,2024-11-08T16:39:12.000Z,0.0019829,1,3,0,0,com.android.vending,samsung,SM-A528B,2024-11-16 23:40:32.000000,android,0.0019829,,0,b67c0b09-a531-4911-bf74-9ff36e8998b4,179,51,0582f17a-5344-478a-a56c-ff9cf8db2ef0,2024-11-08 16:39:19.155000,v1.10 - Skipits - New Users,Skipits - High Prices
JP,2024-11-12T05:02:38.000Z,,0,25,0,0,,Apple,iPhone12Pro,2024-11-16 23:42:31.308000,ios,0.3802836101770435,0.3802836101770435,21,24a4a0ce-45f4-428f-a4ac-0108bef18bfc,2070,67,e87c97de-9061-4886-bd97-d3feecd3bdf7,2024-11-12 05:02:45.670000,v1.10 - Skipits - New Users,Skipits - High Prices
GB,2024-10-18T14:43:59.000Z,0.02261920976638794,3,16,0,0,,Apple,iPhone13ProMax,2024-11-16 23:46:59.883000,ios,0.03372920976638794,0.01111,1,4c452eec-dda7-4c95-a1b3-2bf8b42c8df8,898,71,5dd18d07-4cbb-4cd8-b927-a8f072fc43d0,2024-11-12 11:50:16.707000,v1.10 - Skipits - Existing Users,Skipits - Middle Prices
JP,2024-10-30T04:25:08.000Z,0.03432440504469872,9,10,0,0,,Apple,iPhoneXR,2024-11-16 23:48:21.449000,ios,0.03432440504469872,,0,66582240-dc06-47de-b160-c1926179f7c5,1259,113,9ad3d233-736e-42d1-88db-e1fb4e03acfe,2024-11-08 19:29:15.869000,v1.10 - Skipits - Existing Users,Skipits - Middle Prices
US,2024-09-25T02:22:38.000Z,,0,0,0,0,,Apple,iPhone13,2024-11-16 23:51:28.236000,ios,0,,0,594d791b-0c11-428c-963e-bbd67c2364b5,30,152,86cc0ccc-c007-4242-abdb-b97793e1cb90,2024-11-11 09:48:47.426000,v1.10 - Skipits - Existing Users,Skipits - Middle Prices
TH,2024-10-28T19:25:02.000Z,,0,16,0,0,,Apple,iPhone11,2024-11-16 23:51:30.374000,ios,0.03732312744369561,0.03732312744369561,10,91670fa8-30f9-4dce-aacc-b038c610ac49,1449,63,b86ebef8-0581-40b1-9d07-d0a2d4199674,2024-11-10 11:24:48.151000,v1.10 - Skipits - Existing Users,Control
MX,2024-11-04T22:25:11.000Z,,0,0,0,0,com.android.vending,Xiaomi,2201117TL,2024-11-16 23:55:19.765000,android,0,,0,fa97aff9-fed7-47d0-befc-76882ee092df,20,11,499180be-cf3e-4382-8d5a-b7445603b4fc,2024-11-11 23:20:14.470000,v1.10 - Skipits - Existing Users,Control
US,2024-11-14T20:13:41.000Z,0.006797691345214842,1,10,0,0,,Apple,iPhone13,2024-11-16 23:57:21.117000,ios,0.006797691345214842,,0,63406e33-db4e-4fbd-90c3-e0943577d644,430,34,a6504430-9f7f-4527-a161-c5bed855dc30,2024-11-14 20:16:02.101000,v1.10 - Skipits - Existing Users,Skipits - Middle Prices
ES,2024-11-16T14:01:46.000Z,,0,15,0,0,,Apple,iPhone15ProMax,2024-11-16 23:57:49.331000,ios,0,,0,6f1940f2-7391-42f8-bda1-de4d86a090b4,484,2,0044c8f7-9fa6-41e8-b423-28fe5913dffd,2024-11-16 14:01:52.088000,v1.10 - Skipits - New Users,Skipits - High Prices
CO,2024-11-02T18:51:52.000Z,,0,6,0,0,,Apple,iPhone13,2024-11-16 23:58:41.997000,ios,0,,0,259b431b-2b09-4e03-ba12-b9454f0630b9,240,90,7ccf1be7-81ac-4cec-aafb-d5f34dfe4d06,2024-11-09 02:40:36.561000,v1.10 - Skipits - Existing Users,Control
JP,2024-09-30T17:12:02.000Z,,0,8,0,0,,Apple,iPhone13ProMax,2024-11-16 23:58:44.514000,ios,0.1111111647542318,0.1111111647542318,5,c0b7912c-3c67-4366-bc35-cc664fa25a38,749,128,399dd071-2d5b-4879-9da8-5e28d13bd7d5,2024-11-09 04:18:10.997000,v1.10 - Skipits - Existing Users,Skipits - Middle Prices
IL,2024-11-13T17:49:27.000Z,0.01057126538095238,2,14,0,0,,Apple,iPhone15ProMax,2024-11-16 23:58:58.357000,ios,0.01057126538095238,,0,138a12f2-314b-4f7c-ac80-07c8b90a4707,544,18,a7946079-f552-42ee-a243-ce03843f8188,2024-11-13 17:49:33.692000,v1.10 - Skipits - New Users,Control
TW,2024-11-13T06:39:24.000Z,,0,0,0,0,,Apple,iPhone11,2024-11-16 23:59:29.021000,ios,0,,0,0a7e94e8-232a-49cc-815c-a3ff1cf4c5df,2,46,efce19ac-140a-4686-a501-3bbcbeb11315,2024-11-13 06:39:33.994000,v1.10 - Skipits - New Users,Control
US,2024-10-09T18:11:46.000Z,0.008744067655625843,3,45,0,0,com.android.vending,samsung,SM-S901U,2024-11-17 00:00:12.632000,android,0.31514396267540123,0.3063998950197754,14,9dc9d596-6804-45b9-ba6d-33523492e6f2,2788,104,7513db6b-ad1f-42dc-a7a4-58a3a58e7cd4,2024-11-08 20:26:09.133000,v1.10 - Skipits - Existing Users,Control
JP,2024-09-21T11:20:15.000Z,0.015547900839306059,1,11,0,0,,Apple,"iPhone17,1",2024-11-17 00:02:00.849000,ios,0.015547900839306059,,1,7dd1f066-47a0-4a8e-95d8-7161f9bc2c33,458,108,6f1c3d57-8a99-4439-a1b3-95bda4b6e0a7,2024-11-09 10:33:14.789000,v1.10 - Skipits - Existing Users,Skipits - Middle Prices
JP,2024-09-16T02:06:53.000Z,0.04177187969607659,11,77,0,0,com.android.vending,samsung,SCG07,2024-11-17 00:02:34.785000,android,0.40378163094852376,0.3620097512524471,23,e65297ba-3f20-4347-bf93-3b0c944eb544,6273,75,e01ecb07-8b7f-4506-b9ac-3afc2d0957f3,2024-11-09 23:45:30.579000,v1.10 - Skipits - Existing Users,Control
MX,2024-10-28T08:53:29.000Z,0.008961964999999999,2,20,0,0,com.android.vending,Xiaomi,21081111RG,2024-11-17 00:05:02.799000,android,0.016076464999999998,0.0071145,1,23787567-e0fb-438b-bc7f-849c04473489,633,52,8c47fd51-6023-483f-b8ec-05bf74549090,2024-11-08 08:54:57.417000,v1.10 - Skipits - Existing Users,Skipits - High Prices
US,2024-07-24T16:12:29.000Z,0.03252663728435045,7,26,0,0,,Apple,"iPhone17,3",2024-11-17 00:05:34.431000,ios,0.12417375667504066,0.0916471193906902,17,362660a4-7718-46fe-9eff-86eb0fe4e5e8,2806,676,3babf7d1-e292-41eb-9b5a-d206cb8fc162,2024-11-08 23:21:39.212000,v1.10 - Skipits - Existing Users,Skipits - Middle Prices
BR,2024-11-17T00:05:27.000Z,,0,0,0,0,com.android.vending,samsung,SM-A515F,2024-11-17 00:05:35.993000,android,0,,0,5b232922-730b-43d1-a9ea-8c2caf8fb149,2,1,e0fcc5f8-0bd4-4e15-a293-e6084b8ea938,2024-11-17 00:05:35.993000,v1.10 - Skipits - New Users,Skipits - High Prices
TH,2024-11-08T04:06:23.000Z,,0,2,0,0,,Apple,iPhone13ProMax,2024-11-17 00:06:24.870000,ios,0,,1,f6d28eb2-cfe5-4856-a419-46b7e483b3be,49,79,70f1d1e9-f6ad-4fac-aad6-2198797962b8,2024-11-08 04:06:31.962000,v1.10 - Skipits - New Users,Skipits - Middle Prices
US,2024-11-16T20:30:12.000Z,0.02816534516778524,2,12,0,0,com.android.vending,Wingtech,Celero5G,2024-11-17 00:12:03.083000,android,0.16071924278130376,0.13255389761351855,3,5617d72d-bc5e-47ec-bd7f-5e77bcc44b3b,858,25,6e69911f-ebba-418c-92a5-4738b7921313,2024-11-16 20:30:22.280000,v1.10 - Skipits - New Users,Control
US,2024-11-15T23:11:00.000Z,,0,0,0,0,,Apple,iPhone15,2024-11-17 00:12:19.660000,ios,0,,0,7687f6f4-c4ae-40d1-98f1-e4b0f774c442,0,14,69e2c3e4-264c-4572-888f-bb8e9e2b9fb2,2024-11-15 23:11:07.848000,v1.10 - Skipits - New Users,Skipits - High Prices
US,2024-10-27T17:50:41.000Z,0.046966162388882314,5,31,0,0,,Apple,iPhone13ProMax,2024-11-17 00:12:33.340000,ios,0.16444969574697557,0.11748353335809326,10,aaa90c52-0184-4cd6-95e2-74f0601dbe8e,2428,18,a270c358-1855-45ea-81b4-2f321e18bc7e,2024-11-10 23:33:05.874000,v1.10 - Skipits - Existing Users,Control
US,2024-09-28T14:14:57.000Z,0.023359325944648002,6,15,0,0,com.android.vending,samsung,SM-S911U,2024-11-17 00:13:33.262000,android,0.037528397854377005,0.014169071909729006,3,f5796582-7b53-4168-812a-4aedd088e412,816,145,5ead109c-f7ed-4891-8b1c-f4ee746f6cf4,2024-11-09 19:08:12.716000,v1.10 - Skipits - Existing Users,Skipits - High Prices
RU,2024-11-16T14:21:32.000Z,,0,0,0,0,com.android.vending,Blackview,SHARK 8,2024-11-17 00:16:30.010000,android,0,,0,2efd2c11-1978-4f60-accd-292f818690c0,540,10,da63e936-eff4-458f-bc2a-0891ab0814c7,2024-11-16 14:21:38.990000,v1.10 - Skipits - New Users,Skipits - Middle Prices
AR,2024-11-10T15:02:51.000Z,,0,23,0,0,com.android.vending,samsung,SM-A155M,2024-11-17 00:17:10.306000,android,0,,0,50f81cd8-31ae-463f-a003-1fff91676e79,876,5,2d018098-38f9-41ff-81f2-6caaa3f4ae92,2024-11-10 15:04:09.069000,v1.10 - Skipits - New Users,Skipits - High Prices
ID,2024-11-16T21:27:50.000Z,0.0040959147437,5,34,0,0,com.android.vending,Xiaomi,Redmi Note 8 Pro,2024-11-17 00:23:18.443000,android,0.0170115757437,0.012915661,4,b533fc11-4f95-4fb3-9081-cfd5fc43246e,1530,3,8e2cc1bb-6dae-4765-9adb-ed31c479946c,2024-11-16 21:27:59.630000,v1.10 - Skipits - New Users,Skipits - High Prices
BR,2024-11-09T09:49:24.000Z,,0,13,0,0,com.android.vending,samsung,SM-A155M,2024-11-17 00:24:02.971000,android,0,,0,1210300f-01f8-427d-8b0c-aeebdb4eea7f,480,13,4a48997a-ea4c-484d-ba68-c862b12930c9,2024-11-09 09:49:32.764000,v1.10 - Skipits - New Users,Skipits - Middle Prices
MX,2024-11-10T19:13:13.000Z,0.0057223440729,1,16,0,0,com.android.vending,motorola,motorola edge 30,2024-11-17 00:26:37.849000,android,0.041115066966399896,0.0353927228934999,7,618e118d-b4b3-4528-87c1-a784870c9a5f,940,25,e2235f4f-da5e-4eff-92ce-a9c58ca90d96,2024-11-11 22:50:35.241000,v1.10 - Skipits - Existing Users,Control
VU,2024-11-14T01:22:19.000Z,0.0009239937882552229,8,45,0,0,com.android.vending,HONOR,CRT-LX2,2024-11-17 00:26:56.334000,android,0.0018860284036398382,0.0009620346153846154,1,9e35c77f-bfe9-4698-b382-cb61ce416c55,1968,18,7a0ef9ef-fe0e-4f48-8004-3a6713c7e60e,2024-11-14 01:22:27.803000,v1.10 - Skipits - New Users,Skipits - High Prices
US,2024-10-12T17:03:08.000Z,,0,4,0,0,com.android.vending,motorola,moto g stylus (2023),2024-11-17 00:28:55.790000,android,0,,0,f4d7e4ef-d001-4e44-8b6d-114ebeba14f1,202,87,8e5b28d0-4622-488e-ad6d-a47af8fc05ed,2024-11-10 15:26:03.651000,v1.10 - Skipits - Existing Users,Control
US,2024-10-13T19:51:46.000Z,,0,85,0,0,,Apple,iPhone15ProMax,2024-11-17 00:29:11.893000,ios,0.33567584405831474,0.33567584405831474,37,4270b1e8-cabc-4f97-880b-e558f14c9079,7266,82,4dd0d6f0-a859-46de-8780-4590aebf96c5,2024-11-10 17:05:52.125000,v1.10 - Skipits - Existing Users,Control
JP,2024-11-17T00:30:09.000Z,,0,9,0,0,com.android.vending,OPPO,OPG03,2024-11-17 00:30:17.267000,android,0,,0,e6ab2cd1-7a18-455f-8983-532574983311,481,1,a5d11389-2f4c-48dc-b44c-8b1d3212b538,2024-11-17 00:30:17.268000,v1.10 - Skipits - New Users,Control
BR,2024-11-15T17:29:25.000Z,0.013059136625309307,10,52,0,0,com.android.vending,Xiaomi,Redmi Note 9 Pro,2024-11-17 00:32:05.127000,android,0.015460089006261689,0.002400952380952381,1,5af29739-5a82-444c-9645-fd2b977b0113,2460,9,e30a1dfe-3fd0-48de-9b32-eb64a17c483f,2024-11-15 17:29:33.660000,v1.10 - Skipits - New Users,Control
PL,2024-11-09T16:47:06.000Z,0.030991709709167477,3,21,0,0,,Apple,iPhone12Pro,2024-11-17 00:33:02.122000,ios,0.046516690254211415,0.01552498054504394,1,3766730a-c939-47de-bb70-bd5c1c22f0f9,780,17,4772d41c-2ebf-40fd-8de9-a9c9811cb69c,2024-11-09 16:47:12.893000,v1.10 - Skipits - New Users,Control
ID,2024-10-12T09:25:30.000Z,0.1209327548263974,12,18,0,0,com.android.vending,Xiaomi,2312FPCA6G,2024-11-17 00:34:17.796000,android,0.1704241138263974,0.049491359,5,3785792f-ef57-48d0-8af6-e9af209d39b1,5201,107,d7d3f983-2a31-4623-a042-160f9850efe4,2024-11-12 09:42:29.379000,v1.10 - Skipits - Existing Users,Control
US,2024-10-30T06:52:40.000Z,,0,154,0,0,com.android.vending,Google,Pixel 7 Pro,2024-11-17 00:34:23.700000,android,0.730036491874738,0.730036491874738,29,ea3e2d51-7859-4e8d-8d79-89eed4bac585,7746,63,7020dbdd-894e-41dd-a892-db4b7b15a614,2024-11-09 04:29:18.981000,v1.10 - Skipits - Existing Users,Skipits - High Prices
AR,2024-10-06T16:47:24.000Z,0.0011140209523809522,2,15,0,0,,Apple,iPhone14Pro,2024-11-17 00:35:18.138000,ios,0.0011140209523809522,,0,c6f098a1-ce39-4c69-9bc5-d93f87fcbc68,613,212,de758f89-f73e-4eab-8115-cbcae28365fb,2024-11-09 11:57:19.919000,v1.10 - Skipits - Existing Users,Skipits - High Prices
FR,2024-11-16T19:09:39.000Z,0.07563569096035658,8,42,0,0,,Apple,iPhone15,2024-11-17 00:35:40.376000,ios,0.08921596296035658,0.013580272,1,c6181660-9d3a-45ce-8750-b7d733e83e75,1905,5,a2420eec-c958-4f38-bda1-22211573a312,2024-11-16 19:09:45.941000,v1.10 - Skipits - New Users,Skipits - Middle Prices
MX,2024-10-28T08:53:29.000Z,0.0052032791912,0,0,0,0,com.android.vending,Xiaomi,21081111RG,2024-11-17 00:41:36.879000,android,0.0052032791912,,0,54f0cc67-ed6b-4745-bf82-c2f84dd1cc60,10,53,8c47fd51-6023-483f-b8ec-05bf74549090,2024-11-08 08:54:57.417000,v1.10 - Skipits - Existing Users,Skipits - High Prices
US,2024-09-29T14:31:11.000Z,,0,105,0,0,,Apple,iPhone13Mini,2024-11-17 00:42:03.226000,ios,0.17854577255249024,0.17854577255249024,10,6ba93392-986c-4e8f-abe8-adf0b7d3aedb,3279,249,ae728f7a-77a3-42a5-896a-f3a3b4ef9b01,2024-11-10 16:11:08.821000,v1.10 - Skipits - Existing Users,Skipits - Middle Prices
US,2024-11-10T23:26:14.000Z,0.013804931033452353,3,30,0,0,com.android.vending,samsung,SM-S911U,2024-11-17 00:42:19.187000,android,0.0636363028111912,0.049831371777738845,6,1fdd4184-4ce8-46ff-b50a-a08a10ed3ea3,1640,29,2139aeef-a3e0-462f-8d2b-910e7ef223b9,2024-11-10 23:26:21.314000,v1.10 - Skipits - New Users,Control
AU,2024-10-06T15:54:54.000Z,,0,73,0,0,,Apple,iPhone12Pro,2024-11-17 00:46:03.619000,ios,0.4570865207205008,0.4570865207205008,25,b7c329b3-2024-4ac1-83ac-c036e17866ee,6014,84,5582b1f7-156a-4830-ae6d-e7199a2ff985,2024-11-09 07:44:39.022000,v1.10 - Skipits - Existing Users,Control
TW,2024-11-10T08:28:42.000Z,,0,16,0,0,com.android.vending,vivo,V2248,2024-11-17 00:47:06.176000,android,0.024218073370470702,0.024218073370470702,11,5b71ca8d-4d6a-4ed3-9f82-5432df918590,1248,23,0f83b950-b1c7-4c5c-8e1a-a37fb2d1f832,2024-11-10 08:28:51.999000,v1.10 - Skipits - New Users,Skipits - Middle Prices
NR,2024-10-30T07:44:12.000Z,,0,0,0,0,com.android.vending,OPPO,CPH2565,2024-11-17 00:47:53.684000,android,0,,0,f7ff8da2-ca0a-4227-abdd-4da48fe06324,123,87,bce64caa-e660-4604-98b8-c7dcf358a031,2024-11-13 23:55:06.106000,v1.10 - Skipits - Existing Users,Skipits - Middle Prices
US,2024-11-11T02:14:47.000Z,0.1083703033809,0,3,0,0,,Apple,iPhone15Plus,2024-11-17 00:48:21.696000,ios,0.1083703033809,,0,0f6a00b2-b654-460e-9a53-d03dbe82d239,179,13,a36b1dfd-64ae-4090-abe9-a8307dbbee57,2024-11-11 02:14:54.428000,v1.10 - Skipits - New Users,Skipits - High Prices
JM,2024-11-02T21:03:51.000Z,,0,1,0,0,com.android.vending,samsung,SM-G998U1,2024-11-17 00:48:58.501000,android,0,,0,0d3421b8-d4b3-4573-ac95-606b42be910b,3,12,c6cca13a-9c1e-4e3d-8ff7-72db2f62745b,2024-11-16 18:55:16.764000,v1.10 - Skipits - Existing Users,Skipits - Middle Prices
BR,2024-11-16T18:18:07.000Z,0.018273897195129396,2,10,0,0,com.android.vending,Xiaomi,M2007J20CG,2024-11-17 00:53:00.269000,android,0.050554759195129396,0.032280862,1,465faf70-bab3-4e6e-9b48-08ec21b10699,648,4,95f951c4-ca90-4e4d-a602-920a3be5323c,2024-11-16 18:18:18.856000,v1.10 - Skipits - New Users,Skipits - High Prices
BR,2024-11-17T00:54:17.000Z,,0,30,0,0,com.android.vending,realme,RMX2063,2024-11-17 00:54:26.864000,android,0.023222106792404478,0.023222106792404478,3,62d31ab9-f3f9-4f33-a231-ebee10c22b44,1216,1,867f488f-0a07-42a4-84db-8b63c2e5a43a,2024-11-17 00:54:26.864000,v1.10 - Skipits - New Users,Skipits - High Prices
DO,2024-11-12T14:25:11.000Z,0.004233025780724662,8,47,0,0,com.android.vending,TECNO,TECNO KJ5,2024-11-17 00:54:55.418000,android,0.01665046499508744,0.012417439214362776,4,e7b4187d-9b6a-49f7-aaac-eed4407e7a1b,2738,12,cb11261c-2401-4ff4-bb2c-202e77411217,2024-11-12 14:25:19.190000,v1.10 - Skipits - New Users,Skipits - Middle Prices
GB,2024-11-15T15:41:35.000Z,0.04264696407318115,2,17,0,0,,Apple,iPhone14ProMax,2024-11-17 00:57:13.493000,ios,0.04264696407318115,,0,3c9bc1d1-b02f-4938-84c5-f8bcd2abe4e5,1176,3,3dca8789-8e65-4b0d-adea-bd22484c0721,2024-11-15 15:42:59.790000,v1.10 - Skipits - New Users,Control
US,2024-11-16T20:30:12.000Z,0.005828571428571429,1,1,0,0,com.android.vending,Wingtech,Celero5G,2024-11-17 01:00:44.749000,android,0.05253655878586653,0.0467079873572951,0,16829538-2f0e-4931-a2db-45e6b890f0d8,320,28,6e69911f-ebba-418c-92a5-4738b7921313,2024-11-16 20:30:22.280000,v1.10 - Skipits - New Users,Control
US,2024-10-21T01:11:50.000Z,0.018454451,3,29,0,0,com.android.vending,Google,Pixel 8,2024-11-17 01:01:40.118000,android,0.086263415,0.067808964,4,5c127b34-f891-4b2f-81a1-6a0f21a42a3d,1209,91,c6e9fd40-1837-44cc-a195-1017c6ed5eb8,2024-11-09 13:20:31.167000,v1.10 - Skipits - Existing Users,Control
PL,2024-11-16T00:01:40.000Z,0.010147479857142858,3,15,0,0,com.android.vending,HUAWEI,BLA-L29,2024-11-17 01:03:16.698000,android,0.02769543019047619,0.017547950333333333,2,e9f1f7ee-9ae9-4390-a410-9298e0cd85cb,773,6,08a02fa0-556e-455e-a2d5-f534881eaac5,2024-11-16 00:01:47.247000,v1.10 - Skipits - Existing Users,Skipits - Middle Prices
US,2024-11-11T22:44:24.000Z,,0,9,0,0,com.android.vending,samsung,SM-N986U,2024-11-17 01:03:31.105000,android,0,,0,813734e1-650f-4a6e-acc8-043493e55030,543,26,44707d28-db91-45ba-8866-bb51164c60f1,2024-11-11 22:44:31.831000,v1.10 - Skipits - New Users,Control
TR,2024-09-09T13:19:41.000Z,0.006917428970336914,1,4,0,0,,Apple,iPhone11,2024-11-17 01:04:44.669000,ios,0.014880578517913821,0.007963149547576907,1,9da636ae-0149-4203-a5f4-27b5e585e2ca,575,138,628ba11e-752f-448b-9e53-58c3e1d9c070,2024-11-15 19:30:25.002000,v1.10 - Skipits - Existing Users,Skipits - Middle Prices
MY,2024-11-14T18:25:53.000Z,,0,0,0,0,,Apple,iPhoneXR,2024-11-17 01:05:30.380000,ios,0,,0,1c9040d9-850e-4f8c-ac0b-1e08f17b1c73,77,14,a956620b-3ceb-4902-b428-4f0e65184a16,2024-11-14 18:26:01.034000,v1.10 - Skipits - New Users,Skipits - High Prices
US,2024-11-15T02:58:21.000Z,,0,8,0,0,,Apple,iPhone15ProMax,2024-11-17 01:06:55.887000,ios,0,,0,34e693cc-ed47-45dd-a6c4-4336a5ca0a54,409,30,03bad70b-b7a8-40d5-ab23-d30c84e3d881,2024-11-15 02:58:27.641000,v1.10 - Skipits - New Users,Control
US,2024-10-18T03:28:55.000Z,0.22879851129554502,13,55,0,0,com.android.vending,samsung,SM-G975U1,2024-11-17 01:07:42.669000,android,0.6024624101539058,0.37366389885836077,8,2e6c76f7-4bdf-4348-9174-5d9c4eafa34f,4441,110,46ae9f27-cbad-4b2d-a6e6-f850605d7718,2024-11-09 05:07:58.618000,v1.10 - Skipits - Existing Users,Skipits - High Prices
ES,2024-06-30T10:49:20.000Z,,1,1,0,0,com.android.vending,Xiaomi,2201117SY,2024-11-17 01:09:20.720000,android,0,,0,79580e22-f9d1-4c26-9f9a-73ed5ab0b5b4,13,97,23ef05b0-f2f0-437a-8430-aa425c100dd1,2024-11-10 10:36:04.314000,v1.10 - Skipits - Existing Users,Control
BR,2024-11-17T00:14:46.000Z,0.004506854008265904,1,8,0,0,com.android.vending,Xiaomi,2311DRN14I,2024-11-17 01:10:10.738000,android,0.0203408749925944,0.015834020984328498,1,917adf4d-ae37-4452-bd0c-22e5353d0172,382,2,19cbdcd5-e979-4e54-b8e7-996b2143c15d,2024-11-17 00:14:55.012000,v1.10 - Skipits - New Users,Control
JP,2024-09-17T00:08:06.000Z,0.008495331843206316,4,9,0,0,,Apple,iPhoneSE3Gen,2024-11-17 01:11:04.961000,ios,0.008495331843206316,,0,6d2b4bf2-30bf-4ffa-9db1-b09a62e2da3d,745,409,52ceced0-85b7-42ef-a3b8-98f961965b13,2024-11-08 20:20:17.076000,v1.10 - Skipits - Existing Users,Skipits - High Prices
US,2024-11-06T16:18:54.000Z,,0,3,0,0,com.android.vending,Google,Pixel 7,2024-11-17 01:14:44.604000,android,0.025168488150097076,0.025168488150097076,2,91f3131d-2222-49fa-a45b-83b7dbb7c074,217,97,fce672d7-2bdb-4faa-b819-782a6f8de679,2024-11-08 04:35:31.929000,v1.10 - Skipits - Existing Users,Control
US,2024-11-13T14:51:39.000Z,,0,24,0,0,com.android.vending,TECNO,TECNO BG6,2024-11-17 01:17:03.338000,android,0,,0,a8901afc-85ff-4a1c-9edc-cdc2553d4f92,910,27,187f5d5b-3031-454c-8612-5cd6513261d9,2024-11-13 14:51:51.540000,v1.10 - Skipits - New Users,Skipits - Middle Prices
ID,2024-11-09T06:59:07.000Z,0.011051359,8,43,0,0,,Apple,iPhone12,2024-11-17 01:17:05.794000,ios,0.04338809386657644,0.03233673486657643,15,ed49c027-be82-44bd-bd7c-70c332170bea,2859,37,a9aa0137-324c-49b2-a203-4176abaec48f,2024-11-09 06:59:15.051000,v1.10 - Skipits - Existing Users,Skipits - Middle Prices
US,2024-11-08T19:59:12.000Z,,0,0,0,0,com.android.vending,samsung,SM-S928U,2024-11-17 01:17:19.172000,android,0,,1,97ddcdd2-7851-4d1d-958a-3099800a00e9,80,30,cbbc5c3f-c7d4-4e9b-ac1a-90132358457d,2024-11-08 19:59:21.825000,v1.10 - Skipits - New Users,Skipits - High Prices
CO,2024-11-17T01:17:57.000Z,,0,29,0,0,com.android.vending,OPPO,CPH2363,2024-11-17 01:18:05.837000,android,0.0041199999999999995,0.0041199999999999995,1,0ba28ad5-2456-4773-9f70-50fa1fa7b6dd,958,1,e1bf206f-4abf-4e63-b145-aeaa720f9f64,2024-11-17 01:18:05.837000,v1.10 - Skipits - New Users,Skipits - Middle Prices
IT,2024-11-15T06:09:21.000Z,0.01566072845458984,0,5,0,0,,Apple,iPhone15ProMax,2024-11-17 01:19:33.029000,ios,0.01566072845458984,,0,93e21add-a6af-4eee-8d9a-a48c6f67365c,182,4,376bc75a-b902-4ab1-acb4-eca268ec026f,2024-11-15 06:09:27.706000,v1.10 - Skipits - New Users,Skipits - High Prices
JP,2024-11-16T02:36:12.000Z,0.14768697868710473,4,20,0,0,,Apple,iPhone13ProMax,2024-11-17 01:20:47.028000,ios,0.14768697868710473,,0,9419f77d-a03b-442d-aea6-ae5ab1a3368d,1134,7,91d65fd9-60ab-48d6-b245-65791a6b5931,2024-11-16 02:36:20.475000,v1.10 - Skipits - New Users,Skipits - High Prices
IT,2024-10-23T13:21:52.000Z,0.028170416151619044,9,43,0,0,com.android.vending,OPPO,CPH2339,2024-11-17 01:25:58.174000,android,0.028170416151619044,,0,5a494439-737b-4a72-b232-022a4e710fbe,1965,37,5588b5db-cefe-4cf2-be80-a4c3995bcfac,2024-11-09 12:25:20.265000,v1.10 - Skipits - Existing Users,Skipits - High Prices
US,2024-11-03T21:13:52.000Z,,0,0,0,0,,Apple,iPhone13Pro,2024-11-17 01:26:36.524000,ios,0,,0,a9d6a5df-cf1e-43b8-b2f6-aac4421eb25a,0,55,2c43f950-4969-45b0-b3f5-b3e13d496f4f,2024-11-10 18:13:19.184000,v1.10 - Skipits - Existing Users,Skipits - High Prices
JP,2024-11-17T01:26:59.000Z,,0,16,0,0,,Apple,"iPhone17,1",2024-11-17 01:27:07.061000,ios,0,,0,5c1a91fd-801a-4af5-ad60-bf72602f4361,512,1,57bc9523-8136-4f56-98cd-cf1bbf26d8e6,2024-11-17 01:27:07.061000,v1.10 - Skipits - New Users,Control
JP,2024-09-19T07:51:10.000Z,,0,0,0,0,com.android.vending,SHARP,SHV45,2024-11-17 01:27:57.412000,android,0,,0,86ef8179-078e-4b6d-98be-2983a4abef31,63,16,6f1e3f61-3dc8-45f5-a560-38bfa67d3a47,2024-11-10 22:41:48.443000,v1.10 - Skipits - Existing Users,Control
IT,2024-11-13T15:21:25.000Z,0.2143645138549805,2,16,0,0,,Apple,iPhone14ProMax,2024-11-17 01:28:52.727000,ios,0.2143645138549805,,0,68f754e4-d308-4215-8984-bdb19a6a85d7,528,5,01774c53-d2a0-4e88-ac47-87a281504e30,2024-11-13 15:21:31.587000,v1.10 - Skipits - New Users,Control
US,2024-10-19T21:50:19.000Z,,0,5,0,0,com.android.vending,samsung,SM-S711U1,2024-11-17 01:30:06.084000,android,0,,0,935511f0-28e3-4e37-b2ea-dfa844ff25ca,182,21,a88a3aec-3936-4752-ac5e-a44c5802d13f,2024-11-11 06:36:16.403000,v1.10 - Skipits - Existing Users,Skipits - High Prices
US,2024-10-27T17:50:41.000Z,0.01444331216812134,1,15,0,0,,Apple,iPhone13ProMax,2024-11-17 01:31:29.047000,ios,0.022442819595336914,0.007999507427215577,1,aad2d558-deaf-43f2-bf3a-e25caf6506bf,563,19,a270c358-1855-45ea-81b4-2f321e18bc7e,2024-11-10 23:33:05.874000,v1.10 - Skipits - Existing Users,Control
GB,2024-10-31T01:37:55.000Z,0.022427864411222735,10,43,0,0,,Apple,iPhone14Pro,2024-11-17 01:32:47.349000,ios,0.04982416932333575,0.027396304912113006,11,d08334ad-3979-4f45-b76d-b950f4049ecb,2971,82,6dd41509-95f1-482a-a3b1-457938a4dd5b,2024-11-09 08:34:41.490000,v1.10 - Skipits - Existing Users,Control
US,2024-09-01T16:41:18.000Z,,0,0,0,0,,Apple,iPhone13,2024-11-17 01:33:54.066000,ios,0,,0,1716b6cc-1082-4ea5-a749-d68e6f46007e,29,7,b36123a8-09bb-40ad-81a2-7925e5448d75,2024-11-17 01:33:54.066000,v1.10 - Skipits - Existing Users,Skipits - High Prices
JP,2024-11-09T03:55:55.000Z,0.012914949768765768,4,50,0,0,,Apple,iPhone14,2024-11-17 01:33:56.491000,ios,0.07068897546914418,0.05777402570037842,11,7286747b-b8ab-4ff0-ac56-327cf6fc64da,2260,53,10f3626b-ab53-4096-857c-aaa2f54e33f2,2024-11-09 03:56:03.238000,v1.10 - Skipits - New Users,Skipits - Middle Prices
US,2024-11-15T04:25:36.000Z,,0,15,0,0,com.android.vending,motorola,moto g pure,2024-11-17 01:34:00.787000,android,0,,0,66097aa2-efbb-4bcd-bd4c-8bb4c8bb66c7,579,7,da74f75f-02b8-4a26-99a6-b7bc219f303e,2024-11-15 04:25:46.147000,v1.10 - Skipits - New Users,Skipits - High Prices
US,2024-11-17T01:34:22.000Z,,0,3,0,0,com.android.vending,samsung,SM-S901U,2024-11-17 01:34:30.363000,android,0,,0,ff782514-cbd4-465c-b2a3-47355f85c13b,61,1,6f2a10f0-8522-4170-a0f0-12d2d48d33ec,2024-11-17 01:34:30.363000,v1.10 - Skipits - New Users,Control
VN,2024-09-29T03:38:12.000Z,0.002297580014183409,2,13,0,0,,Apple,iPhoneX,2024-11-17 01:34:39.748000,ios,0.002297580014183409,,0,c92438ab-5577-49e2-896b-257acec074e6,699,204,f6a71e96-e00c-4011-957b-78061526c2f1,2024-11-09 15:44:12.959000,v1.10 - Skipits - Existing Users,Skipits - High Prices
JP,2024-11-17T01:34:52.000Z,,0,24,0,0,,Apple,"iPhone17,1",2024-11-17 01:35:00.250000,ios,0.04938190460205078,0.04938190460205078,0,4a479aa4-ff04-4998-805c-bb8f19709d90,685,1,a72c1496-d8ea-4001-bc24-e25631d8cdc4,2024-11-17 01:35:00.251000,v1.10 - Skipits - New Users,Control
US,2024-11-13T00:11:43.000Z,0.20803584900000002,4,15,0,0,com.android.vending,samsung,SM-N960U,2024-11-17 01:37:34.833000,android,0.20803584900000002,,0,23f88ca4-c306-4cf5-8b3a-4bbeb85b0726,830,4,59731dbc-2bf2-42cf-885c-51953a8b9ebc,2024-11-13 00:11:52.275000,v1.10 - Skipits - New Users,Skipits - High Prices
US,2024-10-24T07:19:23.000Z,0.07579630215521513,6,30,0,0,,Apple,iPhone11ProMax,2024-11-17 01:37:42.920000,ios,0.20560912926550567,0.12981282711029052,9,d79bb8e5-9348-4930-9466-7dc5eee1ca32,3176,109,4c93d653-1ccc-4b02-a216-15fd38022077,2024-11-10 04:51:24.777000,v1.10 - Skipits - Existing Users,Skipits - High Prices
JP,2024-11-11T01:07:02.000Z,,0,2,0,0,,Apple,iPhone13,2024-11-17 01:40:09.327000,ios,0,,0,a12c632b-a651-45b1-9126-dbd31bec8305,47,46,f8a6ca30-98c7-491e-9d31-4f3af3760c1a,2024-11-11 01:07:11.519000,v1.10 - Skipits - New Users,Control
US,2024-07-20T01:09:07.000Z,0.08783511582275391,7,22,0,0,com.android.vending,samsung,SM-A146U,2024-11-17 01:41:12.461000,android,0.08783511582275391,,0,196f90cd-a66e-4377-ae63-0135542401ef,2910,373,ffeeb067-a367-4105-a418-1ce6e503cb0d,,v1.10 - Skipits - Existing Users,Skipits - High Prices
JP,2024-11-12T13:34:54.000Z,0.03540771865844726,0,1,0,0,,Apple,iPhone14Pro,2024-11-17 01:41:16.836000,ios,0.03540771865844726,,0,8592ab14-f833-4347-82b5-9432037835ba,5237,35,a377cbcb-e85e-4a2a-8212-839fb1033909,2024-11-12 13:35:02.948000,v1.10 - Skipits - New Users,Control
KR,2024-11-09T05:12:04.000Z,0.014498813169116068,3,10,0,0,,Apple,iPhone13Mini,2024-11-17 01:41:33.858000,ios,0.05806606616428921,0.04356725299517314,5,fe5b852c-1a54-465a-b80f-8e7f47558e4c,1626,64,41ad9470-8586-4eb8-8448-1a076957b28f,2024-11-09 06:33:28.346000,v1.10 - Skipits - New Users,Skipits - High Prices
GB,2024-10-19T22:28:55.000Z,,0,5,0,0,,Apple,iPhone15Pro,2024-11-17 01:45:21.337000,ios,0.2635661239624023,0.2635661239624023,3,438fb9f3-d6f7-44bc-bebd-f54fe4fd874f,275,262,9b07284a-6681-44c8-9b7e-8b644870b044,2024-11-08 16:10:57.654000,v1.10 - Skipits - Existing Users,Skipits - High Prices
US,2024-11-11T03:04:55.000Z,0.014064370000000005,1,3,0,0,com.android.vending,samsung,SM-S928U,2024-11-17 01:45:37.569000,android,0.030826672398681643,0.01676230239868164,0,97ab1f53-9e2e-48cc-88a8-31fa32f54ed3,342,3,c01891b5-b7c8-4332-a726-9086f369db2e,2024-11-11 03:05:01.846000,v1.10 - Skipits - New Users,Control
IN,2024-11-17T01:46:08.000Z,,0,22,0,0,com.android.vending,Xiaomi,23124RN87I,2024-11-17 01:46:16.918000,android,0,,0,9ffc1581-299a-43ba-ab5d-d1685a448c39,577,1,fc155f31-d4b2-443a-8fbe-d4dfe275d94e,2024-11-17 01:46:16.918000,v1.10 - Skipits - New Users,Control
VN,2024-11-09T23:15:26.000Z,0.009135157585144042,2,31,0,0,,Apple,iPhoneXSMax,2024-11-17 01:46:51.071000,ios,0.05548800164617629,0.04635284406103225,8,e03ef959-f7c4-467e-bbf9-d0725d1f17a1,1534,21,540db9ab-bdd7-4b39-873d-ee5e9366c31f,2024-11-09 23:15:33.945000,v1.10 - Skipits - New Users,Skipits - High Prices
AR,2024-11-15T18:38:45.000Z,0.00355248,1,13,0,0,com.android.vending,samsung,SM-S908E,2024-11-17 01:47:16.559000,android,0.00355248,,0,0d3789cb-d3e3-4271-b2de-dff52b085b19,480,3,95a22349-b7da-4714-a947-6a3461bbbef2,2024-11-15 18:38:53.378000,v1.10 - Skipits - New Users,Control
FR,2024-11-16T14:52:48.000Z,0.07321258961983164,11,67,0,0,,Apple,iPhone12,2024-11-17 01:47:31.861000,ios,0.07321258961983164,,0,a212e9c3-de7e-4017-916d-bd7f165a452c,2529,3,6441cd67-f4e6-42b6-ba70-8fed1a91cd4e,2024-11-16 14:52:54.642000,v1.10 - Skipits - New Users,Skipits - Middle Prices
PH,2024-11-13T03:06:39.000Z,0.00175,0,3,0,0,com.android.vending,vivo,V2234,2024-11-17 01:56:48.228000,android,0.00175,,0,ae4ab1f1-6e62-493c-b250-909516e9dda5,127,5,af379fae-150e-4d47-8f34-fa13a82be8c6,2024-11-13 03:06:51.647000,v1.10 - Skipits - New Users,Control
ID,2024-11-17T01:57:34.000Z,,0,24,0,0,com.android.vending,Xiaomi,23049PCD8G,2024-11-17 01:57:42.489000,android,0,,0,7e206ad9-eae8-4b8d-8527-c880a4066924,686,1,aff74f1f-6292-4901-818b-7c4521ce7285,2024-11-17 01:57:42.489000,v1.10 - Skipits - New Users,Skipits - Middle Prices
EG,2024-11-07T00:14:33.000Z,0.00109575,0,5,0,0,com.android.vending,Xiaomi,2311DRK48G,2024-11-17 02:00:46.957000,android,0.00109575,,0,51c17afb-a1e7-45e8-9de7-e9015d3dad92,217,26,61670f59-1f2b-4f48-a8a5-9d065788eccd,2024-11-12 05:32:15.002000,v1.10 - Skipits - Existing Users,Control
DE,2024-10-11T23:55:24.000Z,,0,5,0,0,com.android.vending,samsung,SM-S711B,2024-11-17 02:02:23.329000,android,0,,0,ce4006ab-72b5-497a-ae15-94cafb92bf1f,139,55,b1a1003f-4288-4b8f-93b7-d806dc676d8f,2024-11-12 00:12:14.622000,v1.10 - Skipits - Existing Users,Control
DE,2024-10-11T23:55:24.000Z,,0,7,0,0,com.android.vending,samsung,SM-S711B,2024-11-17 02:02:23.395000,android,0,,0,bc9d4b28-ae38-4a87-b1ec-1445011527e0,53,56,b1a1003f-4288-4b8f-93b7-d806dc676d8f,2024-11-12 00:12:14.622000,v1.10 - Skipits - Existing Users,Control
MX,2024-10-04T01:08:21.000Z,0.018806092649,4,47,0,0,com.android.vending,Nothing,A065,2024-11-17 02:04:02.945000,android,0.13747986688798214,0.11867377423898214,20,3a8a99c8-c68f-44b3-99e5-be43b691eb41,3671,115,98bec726-20d3-4ccd-bf01-b9554070db66,2024-11-08 13:31:42.197000,v1.10 - Skipits - Existing Users,Skipits - Middle Prices
KR,2024-09-30T14:41:06.000Z,0.14033595690991232,11,60,0,0,com.android.vending,samsung,SM-S911N,2024-11-17 02:04:05.651000,android,0.35776351208296325,0.2174275551730509,5,af34b72b-eb89-41ac-a272-51f4d1bca5b0,2805,91,3cef2158-d7a0-4ce9-a574-6c7296b94b90,2024-11-08 15:46:50.013000,v1.10 - Skipits - Existing Users,Skipits - Middle Prices
BR,2024-11-14T14:40:50.000Z,0.006241821295860291,3,28,0,0,,Apple,iPhone8Plus,2024-11-17 02:04:54.450000,ios,0.02896726465904999,0.0227254433631897,6,693310c9-bc87-4a4c-825e-3332b3b6d7e1,1660,5,0a455244-8a83-4ad0-9150-2212c55ecc21,2024-11-14 14:40:59.568000,v1.10 - Skipits - New Users,Skipits - Middle Prices
DO,2024-09-29T01:50:24.000Z,,0,0,0,0,,Apple,iPhone13,2024-11-17 02:05:30.352000,ios,0,,0,58719eaf-6c39-43ac-a418-64cc23503904,0,141,92aca51d-6d94-47b5-af6e-fc3990689b17,2024-11-15 02:59:58.750000,v1.10 - Skipits - Existing Users,Control
MX,2024-11-11T03:05:19.000Z,,0,38,0,0,com.android.vending,Xiaomi,2207117BPG,2024-11-17 02:09:28.282000,android,0,,0,22d5db1b-0add-4976-ab55-cb623323f1cd,1159,20,da11d688-c6c9-47ea-bf7d-921dcf8f8228,2024-11-11 03:05:27.295000,v1.10 - Skipits - New Users,Control
JP,2024-09-04T01:28:48.000Z,,0,0,0,0,,Apple,"iPhone17,1",2024-11-17 02:10:29.992000,ios,0,,0,f94797e9-594b-484a-b8ea-2739d729b0a3,210,176,06f78d52-7d92-4fc8-9df0-3b2f9d83c591,2024-11-17 02:10:29.992000,v1.10 - Skipits - Existing Users,Skipits - High Prices
PH,2024-11-10T00:42:22.000Z,0.008177281668584615,6,44,0,0,com.android.vending,samsung,SM-S906E,2024-11-17 02:10:33.722000,android,0.05818150628373025,0.05000422461514564,19,64bf3abb-e6dd-4842-b53e-af3bb87db53a,3354,129,c7210f33-3113-4f9e-8d92-b169016cfffe,2024-11-10 00:42:30.246000,v1.10 - Skipits - New Users,Skipits - High Prices
AU,2024-11-16T04:32:28.000Z,,0,3,0,0,,Apple,iPhone15ProMax,2024-11-17 02:12:52.125000,ios,0,,0,74ef1ec5-d228-42b1-9b8b-9eb1a18be06e,152,13,2a647c88-5d4f-4f7a-a7ad-cfb983e723ec,2024-11-16 04:32:38.069000,v1.10 - Skipits - New Users,Control
JP,2024-11-16T08:38:37.000Z,0.010332099132715818,2,15,0,0,com.android.vending,Google,Pixel 7a,2024-11-17 02:13:49.110000,android,0.048501364474360695,0.03816926534164488,6,91e97f32-7c8d-4e24-a215-dc061cff7828,1013,8,dc3cbd18-6cb0-4ba4-b0e1-bcaf17cad20a,2024-11-16 08:38:44.888000,v1.10 - Skipits - New Users,Skipits - Middle Prices
VN,2024-11-07T01:47:38.000Z,,0,7,0,0,com.android.vending,Xiaomi,2311DRK48G,2024-11-17 02:14:45.713000,android,0.011191303705807185,0.011191303705807185,2,79242ab0-bc68-4717-9841-fabd438089aa,367,69,49767c7e-bebe-403d-b1fc-6d92ad6e61d5,2024-11-08 23:56:00.691000,v1.10 - Skipits - Existing Users,Skipits - Middle Prices
KR,2024-09-28T18:23:08.000Z,,0,20,0,0,,Apple,iPhone15Pro,2024-11-17 02:16:47.354000,ios,0.5459341430664063,0.5459341430664063,1,298d91d7-91ce-4313-91f7-c1bf110120a9,787,234,1f8e7adb-2be5-4959-ae1d-0d59516e165d,2024-11-09 16:34:39.111000,v1.10 - Skipits - Existing Users,Control
US,2024-09-03T03:38:43.000Z,,0,1,0,0,,Apple,"iPhone17,2",2024-11-17 02:17:15.097000,ios,0,,0,74061f1b-bbd2-4274-8d6b-c44051ab9dcf,18,121,da8a091b-5616-4d96-a5d1-3fc478a69266,2024-11-17 02:17:15.097000,v1.10 - Skipits - Existing Users,Skipits - High Prices
HK,2024-09-21T11:47:33.000Z,,0,5,0,0,,Apple,"iPhone17,2",2024-11-17 02:20:07.602000,ios,0.03407460594177246,0.03407460594177246,1,db6e7b20-2d66-4ac5-a90c-45faadfc309d,227,320,106ec319-33f8-4761-b10a-6d88e2277eaa,2024-11-08 22:48:17.689000,v1.10 - Skipits - Existing Users,Control
KR,2024-11-13T01:44:38.000Z,,0,6,0,0,,Apple,iPhone12Mini,2024-11-17 02:20:17.141000,ios,0,,0,b55b6fef-5863-4594-aeff-c9cc0dd3a2c3,210,44,fbf542d7-403e-4677-bb7a-da585b61dd79,2024-11-13 01:44:46.443000,v1.10 - Skipits - New Users,Control
BR,2024-11-17T02:21:02.000Z,,0,9,0,0,,Apple,iPhone11,2024-11-17 02:21:09.908000,ios,0,,0,74c4270c-cef2-47fa-bb56-b88dd8ce8e94,216,1,fe50a626-3981-4991-80ea-539a594e2caa,2024-11-17 02:21:09.909000,v1.10 - Skipits - New Users,Skipits - High Prices
CL,2024-10-27T19:06:35.000Z,0.05827934808236808,5,48,0,0,com.android.vending,samsung,SM-A715F,2024-11-17 02:21:10.943000,android,0.3124790132730365,0.25419966519066844,25,63f0a2f9-9652-4c69-bc26-047f83d64955,3044,61,7acd4d42-f4fc-4278-9f93-c89b3e23ca8a,2024-11-08 08:53:38.625000,v1.10 - Skipits - Existing Users,Skipits - Middle Prices
JP,2024-10-26T09:24:34.000Z,0.002718212,1,4,0,0,,Apple,iPhoneXS,2024-11-17 02:21:16.625000,ios,0.002718212,,0,40532811-fe8f-4eaa-98bf-4a610f353156,128,62,a4ec81d4-06cb-49ca-a473-4bd5958d2b03,2024-11-09 11:10:41.169000,v1.10 - Skipits - Existing Users,Skipits - High Prices
US,2024-11-16T04:32:44.000Z,0.03249843102066767,3,11,0,0,,Apple,iPhone13Pro,2024-11-17 02:23:50.759000,ios,0.03249843102066767,,0,74e8c041-4da6-4376-a920-dead346605a6,692,5,9d15e4a6-887f-43f0-833a-87e3701b973d,2024-11-16 13:07:36.547000,v1.10 - Skipits - Existing Users,Control
CA,2024-10-06T14:39:58.000Z,,1,5,0,0,,Apple,iPhone13ProMax,2024-11-17 02:28:07.086000,ios,0,,0,5e0d5a57-ebb3-4ad7-bf76-cd9af2132462,168,586,4b515d37-d7bd-475a-8b16-d92703084017,2024-11-09 13:04:13.359000,v1.10 - Skipits - Existing Users,Skipits - High Prices
AR,2024-09-23T05:54:05.000Z,0.0008692440041473934,2,10,0,0,com.android.vending,ZTE,ZTE 8046,2024-11-17 02:34:40.441000,android,0.0008692440041473934,,0,0601ae60-00b7-487e-8521-bedc1b9b4aa3,545,107,00888258-0201-4fef-b9fc-1c25c6e0c6b7,2024-11-08 06:34:52.181000,v1.10 - Skipits - Existing Users,Skipits - High Prices
US,2024-11-13T20:54:59.000Z,0.13172123045671552,4,24,0,0,,Apple,iPhone15ProMax,2024-11-17 02:35:22.162000,ios,0.22765767362505046,0.09593644316833495,3,d0e757a1-1756-433b-a466-ee7d96dd6ea8,2254,13,3a1ba55f-95bb-41bf-9e4f-e96109573f01,2024-11-13 20:55:06.059000,v1.10 - Skipits - New Users,Control
SA,2024-11-17T01:24:23.000Z,0.007114302158355715,1,15,0,0,,Apple,iPhoneXSMax,2024-11-17 02:37:05.418000,ios,0.06477991665939331,0.057665614501037604,4,8e91fd1f-05ae-4698-94e6-165b3e5de92c,801,2,d9b8cdc2-5322-4015-ac35-3cdb39723782,2024-11-17 01:24:30.460000,v1.10 - Skipits - New Users,Skipits - High Prices
US,2024-11-09T11:00:34.000Z,0.30657876092834474,8,46,0,0,,Apple,iPhone14,2024-11-17 02:37:22.243000,ios,0.30657876092834474,,0,500022ea-b242-4dda-ac43-43b56ebee0d3,2165,3,14ddb2d7-e59a-4342-803b-43396b878fe6,2024-11-09 11:00:40.262000,v1.10 - Skipits - New Users,Skipits - High Prices
BR,2024-11-09T18:24:00.000Z,0.011456748860831785,10,65,0,0,com.android.vending,motorola,moto g73 5G,2024-11-17 02:37:25.053000,android,0.011456748860831785,,0,0fc89d8c-7a27-48b2-81a3-18f8c3c11fe3,2133,30,158ba13c-202b-4210-879f-86b6aa71a7ec,2024-11-09 18:24:07.890000,v1.10 - Skipits - New Users,Skipits - High Prices
KR,2024-10-29T23:07:57.000Z,,0,91,0,0,,Apple,iPhone13ProMax,2024-11-17 02:38:45.740000,ios,0.3341177777777778,0.3341177777777778,33,7d5c74fe-db63-4cf5-a64f-ea3b8cebf4df,7990,134,a9a76121-76ce-4d26-b639-7c1cfacd0926,2024-11-09 03:00:51.257000,v1.10 - Skipits - Existing Users,Control
DE,2024-11-01T22:40:47.000Z,0.00315,1,16,0,0,com.android.vending,samsung,SM-G780F,2024-11-17 02:39:18.271000,android,0.028695167503356933,0.025545167503356933,2,f300ca54-7ea7-4e80-86ef-da54ce1fd1b7,623,25,64246675-947d-4457-9f2c-a7b0f10925db,2024-11-17 01:49:41.224000,v1.10 - Skipits - Existing Users,Skipits - Middle Prices
ID,2024-09-22T12:53:33.000Z,0.009895915571361064,7,63,0,0,com.android.vending,INFINIX,Infinix X6739,2024-11-17 02:39:50.908000,android,0.11473671598333453,0.10484080041197345,42,4ba73b4d-4864-40ec-ad50-bd11df6fbf83,4929,256,6aa47b5d-7611-4a72-ad0a-8a9c4c17f514,2024-11-09 00:37:31.519000,v1.10 - Skipits - Existing Users,Skipits - High Prices
AU,2024-11-15T22:25:16.000Z,,0,46,0,0,com.android.vending,Google,Pixel 7 Pro,2024-11-17 02:40:31.618000,android,0.3651345277371938,0.3651345277371938,8,52fa03b3-d369-4afc-b29d-f79f73e99e26,2554,9,84d258c2-0821-468d-ac91-16a6385c63d3,2024-11-15 22:25:23.746000,v1.10 - Skipits - New Users,Skipits - Middle Prices
BR,2024-11-15T20:04:50.000Z,,0,17,0,0,com.android.vending,Xiaomi,M2010J19SL,2024-11-17 02:41:06.853000,android,0,,0,e210d443-0d2a-4f25-aa81-e7577a0ac26b,613,5,754ced67-8676-48ec-b5ce-0c4fe6421faf,2024-11-15 20:05:00.872000,v1.10 - Skipits - New Users,Skipits - Middle Prices
PA,2024-11-16T02:01:06.000Z,,0,7,0,0,com.android.vending,motorola,moto g(50) 5G,2024-11-17 02:41:50.944000,android,0.005019999999999999,0.005019999999999999,0,67f2d958-e055-43fb-92c8-ad33bf893e37,317,8,48ebc661-a6f4-439e-abce-a873d6e729a2,2024-11-17 01:51:33.429000,v1.10 - Skipits - Existing Users,Skipits - High Prices
CA,2024-10-04T21:29:49.000Z,,0,91,0,0,com.android.vending,Google,Pixel 8 Pro,2024-11-17 02:42:53.067000,android,0,,0,25f0fafd-b50a-4c49-bda0-f59550799daf,1918,260,153becd6-b96b-4fd7-b5b1-4d37cbc2b700,2024-11-09 02:18:49.952000,v1.10 - Skipits - Existing Users,Skipits - Middle Prices
US,2024-09-19T10:06:58.000Z,,0,29,0,0,,Apple,iPhone14ProMax,2024-11-17 02:42:57.882000,ios,0.4316809313964844,0.4316809313964844,2,eeca45b0-ea04-4fde-8dc1-33151edd7c86,1555,110,15708687-53e9-4a86-b32c-ecc0575d0408,2024-11-15 02:57:00.382000,v1.10 - Skipits - Existing Users,Control
JP,2024-11-17T02:43:56.000Z,,0,9,0,0,,Apple,iPhone14ProMax,2024-11-17 02:44:04.149000,ios,0,,0,6e9e90fc-2355-4717-9710-6a5f0072fbcc,223,1,9c267d7f-d5dc-4f42-8320-411c64c81b08,2024-11-17 02:44:04.149000,v1.10 - Skipits - New Users,Control
CA,2024-09-08T20:52:50.000Z,,0,3,0,0,com.android.vending,samsung,SM-S926W,2024-11-17 02:44:47.804000,android,0,,0,98c65c3d-48c3-4cb0-8dc5-0b01a3bbf690,79,123,c780901c-ec1b-4b5d-b381-63b18bacce48,2024-11-08 23:58:50.998000,v1.10 - Skipits - Existing Users,Control
CL,2024-07-04T00:14:20.000Z,,0,0,0,0,com.android.vending,Xiaomi,2201116SG,2024-11-17 02:45:18.116000,android,0,,0,90bd499b-69d1-4648-9569-4a2ec4a8d3f7,2,5,c6f15550-6818-4958-a0b0-1181e4140803,2024-11-17 02:42:22.744000,v1.10 - Skipits - Existing Users,Control
US,2024-11-15T04:46:49.000Z,,0,27,0,0,,Apple,iPhone14Pro,2024-11-17 02:46:31.226000,ios,2.18152926827567,2.18152926827567,10,e838e986-822b-4abc-898c-09408c2c10e4,1848,31,422cb4e7-96aa-478c-9591-4b37fa8ec71a,2024-11-15 04:46:55.817000,v1.10 - Skipits - New Users,Skipits - Middle Prices
JP,2024-11-10T08:00:58.000Z,0.033155388205051414,3,16,0,0,,Apple,iPhone13,2024-11-17 02:47:06.552000,ios,0.07763203939676283,0.04447665119171142,3,5a47fa84-77eb-4f9c-bd41-e03b2f7528b4,1625,11,5bd0f912-50ab-465d-96db-872500914575,2024-11-10 08:01:06.956000,v1.10 - Skipits - New Users,Skipits - High Prices
MX,2024-11-13T18:35:06.000Z,0.027125541341020947,5,40,0,0,,Apple,iPhone15Pro,2024-11-17 02:47:21.060000,ios,0.04843543542595136,0.02130989408493042,4,5cd6a2e5-fce7-4267-87c8-758c7178dca6,1973,12,16b8e380-b96b-41c3-8f65-7a2c8a610c4a,2024-11-13 18:35:12.965000,v1.10 - Skipits - New Users,Skipits - High Prices
NZ,2024-09-14T06:15:17.000Z,0.00887,1,21,0,0,com.android.vending,samsung,SM-A546E,2024-11-17 02:48:31.444000,android,0.11703369736790657,0.10816369736790657,7,8013e71c-a191-4656-8ac2-afa9355bcaf5,1111,58,d663e246-54a6-47c4-bfd0-52262bf3d777,2024-11-10 04:56:55.570000,v1.10 - Skipits - Existing Users,Skipits - Middle Prices
US,2024-11-15T23:44:37.000Z,0.21443794585714285,10,56,0,0,com.android.vending,Google,Pixel 8 Pro,2024-11-17 02:48:39.172000,android,0.7290024705717331,0.5145645247145902,7,cce42761-1840-4a6e-a5db-bc63296c8631,2693,5,cfbf085d-8eb5-403a-9339-2ffa83c54a7d,2024-11-16 03:55:23.058000,v1.10 - Skipits - Existing Users,Skipits - High Prices
SG,2024-11-07T02:39:06.000Z,,0,2,0,0,com.android.vending,realme,RMX3241,2024-11-17 02:48:43.955000,android,0,,0,0cee2fcb-864d-440d-8037-d995594fda0a,41,59,17b3805b-7afe-4d7f-82a0-00115f130435,2024-11-12 11:13:52.692000,v1.10 - Skipits - Existing Users,Skipits - Middle Prices
SG,2024-11-07T02:39:06.000Z,,0,18,0,0,com.android.vending,realme,RMX3241,2024-11-17 02:48:54.908000,android,0,,0,933d0514-8e90-40a9-a775-c13345af02f8,540,60,17b3805b-7afe-4d7f-82a0-00115f130435,2024-11-12 11:13:52.692000,v1.10 - Skipits - Existing Users,Skipits - Middle Prices
SG,2024-11-07T02:39:06.000Z,,0,8,0,0,com.android.vending,realme,RMX3241,2024-11-17 02:49:21.387000,android,0,,0,d31bf2de-7e11-41cd-b707-75e2ddad81c8,335,62,17b3805b-7afe-4d7f-82a0-00115f130435,2024-11-12 11:13:52.692000,v1.10 - Skipits - Existing Users,Skipits - Middle Prices
US,2024-11-14T20:13:41.000Z,0.004484248161315917,0,4,0,0,,Apple,iPhone13,2024-11-17 02:50:40.540000,ios,0.004484248161315917,,0,75e58341-7785-4c3e-832f-78f3361bf09e,208,38,a6504430-9f7f-4527-a161-c5bed855dc30,2024-11-14 20:16:02.101000,v1.10 - Skipits - Existing Users,Skipits - Middle Prices
IN,2024-11-13T08:08:41.000Z,,0,30,0,0,com.android.vending,Xiaomi,22101316I,2024-11-17 02:51:17.734000,android,0,,0,096dcecf-7f02-43a1-8e96-0fe8484ac4a8,1498,23,fe60c41d-537e-4899-a5fa-11142e8a6687,2024-11-13 15:15:22.109000,v1.10 - Skipits - Existing Users,Control
BR,2024-10-02T00:55:56.000Z,,0,5,0,0,com.android.vending,HUAWEI,MAR-LX3A,2024-11-17 02:51:55.671000,android,0.0007526021003723145,0.0007526021003723145,1,29bc6121-05db-4769-8b46-bc5235121911,209,211,23218e5a-0ceb-4ccc-a41a-0c15b99a9c13,2024-11-09 17:26:15.517000,v1.10 - Skipits - Existing Users,Skipits - Middle Prices
PL,2024-11-17T02:28:05.000Z,0.047953258476190475,2,19,0,0,com.android.vending,samsung,SM-S901B,2024-11-17 02:52:21.000000,android,0.09524402614586822,0.047290767669677734,1,a1213f2e-35b0-4804-a370-8266d88af0c8,652,2,bcb7680a-aa45-48df-9800-19fbcfb70f5a,2024-11-17 02:28:14.445000,v1.10 - Skipits - New Users,Skipits - High Prices
JP,2024-10-06T08:05:59.000Z,,0,10,0,0,,Apple,iPhone13Pro,2024-11-17 02:52:51.955000,ios,0.028563249588012693,0.028563249588012693,6,d86328ba-d15b-4faf-a883-0601e321df2f,560,202,822ca5f0-d909-4abe-b963-9672ad9eb622,2024-11-10 01:18:21.042000,v1.10 - Skipits - Existing Users,Skipits - Middle Prices
CO,2024-09-16T17:35:29.000Z,,0,4,0,0,com.android.vending,Xiaomi,23100RN82L,2024-11-17 02:55:56.660000,android,0.004494441017864293,0.004494441017864293,3,029d75a7-b78b-4f06-a0bf-6aeff6f81696,562,82,899a4b92-9fb1-4a3f-abc2-710d6d9417c2,2024-11-11 00:28:15.508000,v1.10 - Skipits - Existing Users,Skipits - High Prices
JP,2024-11-13T06:34:21.000Z,,0,11,0,0,,Apple,iPhone13,2024-11-17 02:59:25.097000,ios,0.025042507142857145,0.025042507142857145,5,126b6584-8339-4e08-87d0-0749a6228a69,729,27,1c75d5b1-f602-4041-877b-5e54ff9ea146,2024-11-13 06:34:29.349000,v1.10 - Skipits - New Users,Control
JP,2024-10-25T18:17:24.000Z,0.009703729564348854,3,7,0,0,,Apple,iPhoneSE3Gen,2024-11-17 03:00:14.696000,ios,0.014216110516729807,0.004512380952380953,1,6403107f-1e00-4fe5-b996-a8584dbb1823,1546,132,fd573081-9994-4551-80c8-dccad7127def,2024-11-16 11:47:55.974000,v1.10 - Skipits - Existing Users,Skipits - High Prices
VN,2024-10-19T04:01:17.000Z,,0,4,0,0,com.android.vending,Xiaomi,23021RAAEG,2024-11-17 03:01:02.918000,android,0,,0,dad8bc7e-0ef3-4cdc-a2e1-df603a25466e,360,66,673b9865-bb3b-4743-99cb-7fa308731d95,2024-11-11 01:43:01.234000,v1.10 - Skipits - Existing Users,Control
US,2024-09-04T16:55:36.000Z,,0,84,0,0,com.android.vending,samsung,SM-S918U,2024-11-17 03:01:25.221000,android,0.7487137905696104,0.7487137905696104,22,533c0600-b929-42dc-bf4f-92618025401d,3929,334,84faaad3-eaf2-49af-9b23-0c60fc712291,2024-11-10 22:08:39.022000,v1.10 - Skipits - Existing Users,Skipits - Middle Prices
JP,2024-10-20T14:13:05.000Z,0.005005035054740453,2,3,0,0,,Apple,iPhone14,2024-11-17 03:01:26.160000,ios,0.016008599645254137,0.011003564590513683,4,cb99cd34-c3c6-4ac2-a772-7e983defbe77,1169,751,ac497183-7a51-4e17-9e59-d937a038b77d,2024-11-09 00:19:38.558000,v1.10 - Skipits - Existing Users,Control
NZ,2024-11-16T03:44:16.000Z,0.010044472590173993,3,31,0,0,com.android.vending,OPPO,CPH2005,2024-11-17 03:03:00.082000,android,0.12941913966259205,0.11937466707241806,5,e5321e2e-bf31-41e1-9ac7-02ed6f7e6391,1458,7,3fcda05a-5630-4a14-9d86-0b7427e8e96a,2024-11-16 03:44:27.148000,v1.10 - Skipits - New Users,Control
US,2024-11-15T14:37:03.000Z,0.03604236080169677,3,15,0,0,,Apple,iPhone13,2024-11-17 03:03:32.386000,ios,0.03604236080169677,,0,44d17b79-f211-4a7c-b8e7-76b3e1b7cd6a,839,9,2ebd95fe-d44f-46bb-bf03-534a77c86d30,2024-11-15 14:37:11.031000,v1.10 - Skipits - New Users,Control
US,2024-10-27T19:20:52.000Z,0.003499760293960571,2,18,0,0,com.android.vending,Xiaomi,23090RA98G,2024-11-17 03:05:01.041000,android,0.026437986028457646,0.02293822573449707,2,62e93275-0224-44f2-932f-9502d8f6a5a1,1139,116,bdf21b0c-c074-4a7c-b6eb-52bc33c97f29,2024-11-14 11:56:55.312000,v1.10 - Skipits - Existing Users,Skipits - High Prices
KZ,2024-10-29T08:10:10.000Z,,0,15,0,0,com.android.vending,Xiaomi,Redmi Note 9 Pro,2024-11-17 03:07:05.138000,android,0,,0,a388d3e3-3631-4f41-9696-0c2da5de8e7f,483,51,d16cf158-a498-4440-a913-47f240967847,2024-11-08 17:50:36.399000,v1.10 - Skipits - Existing Users,Control
US,2024-10-27T15:38:06.000Z,0.15230048561569945,8,59,0,0,,Apple,iPhone14,2024-11-17 03:08:53.883000,ios,0.4027219511515445,0.25042146553584504,11,24df1813-ca2f-4031-ba56-c7b04530e640,3483,72,2a356c09-bdb7-49ad-b563-f74d0f7cf6c6,2024-11-10 18:03:54.743000,v1.10 - Skipits - Existing Users,Control
US,2024-11-15T02:58:32.000Z,1.495109921953718,16,96,0,0,com.android.vending,Google,Pixel 9 Pro Fold,2024-11-17 03:11:43.853000,android,4.445464740303327,2.9503548183496093,5,c63228ae-a65f-4891-be68-838ccc94c0ed,4078,2,42dfe6c3-d480-4c07-a8fd-56ce941f9d6e,2024-11-15 02:58:37.867000,v1.10 - Skipits - New Users,Control
CA,2024-11-11T04:56:43.000Z,,0,5,0,0,,Apple,iPhoneSE2Gen,2024-11-17 03:11:46.209000,ios,0,,0,f9a4b208-f78e-4298-ba1c-dc81f9c92ea7,229,89,074c0695-801e-44e8-8524-cf90fd910d2f,2024-11-11 04:56:51.541000,v1.10 - Skipits - New Users,Skipits - High Prices
PT,2024-11-13T01:03:42.000Z,0.005139523809523809,2,13,0,0,,Apple,iPhone12,2024-11-17 03:12:12.338000,ios,0.01103952380952381,0.005900000000000001,1,a094eb63-4efd-49b2-a14b-8acda9241329,626,13,c81e0adc-ee14-4f3a-ba1e-469917e51276,2024-11-13 01:03:48.464000,v1.10 - Skipits - New Users,Skipits - High Prices
US,2024-11-06T19:04:14.000Z,,0,0,0,0,,Apple,iPhone11,2024-11-17 03:14:24.350000,ios,0,,0,d1fd4364-bfce-4d77-bcfe-67b045763033,30,50,6e027d26-1f89-432e-bbc3-8a9fda23bd72,2024-11-10 16:10:06.495000,v1.10 - Skipits - Existing Users,Skipits - High Prices
AR,2024-11-11T20:05:24.000Z,,0,3,0,0,com.android.vending,motorola,moto g22,2024-11-17 03:16:54.680000,android,0,,0,752a3e8d-066f-480b-8933-b8e63ba8f4d7,155,34,946c99b1-e260-4968-94d6-3891abbb424a,2024-11-11 20:05:34.861000,v1.10 - Skipits - New Users,Control
NC,2024-10-31T00:51:17.000Z,,0,3,0,0,com.android.vending,samsung,SM-S916B,2024-11-17 03:18:31.316000,android,0,,0,84b0133f-e4f5-471c-bd0f-d00294de29ad,193,41,de5ea77b-bd45-4892-8a40-fa2aa518e077,2024-11-13 08:32:59.621000,v1.10 - Skipits - Existing Users,Control
CA,2024-11-11T04:56:43.000Z,0.013062543386657716,2,17,0,0,,Apple,iPhoneSE2Gen,2024-11-17 03:19:28.099000,ios,0.01835115238665772,0.005288609000000001,1,2ff14a78-979e-48e8-8be8-4fa0da608424,720,90,074c0695-801e-44e8-8524-cf90fd910d2f,2024-11-11 04:56:51.541000,v1.10 - Skipits - New Users,Skipits - High Prices
KH,2024-11-15T23:49:09.000Z,0.0010541,1,6,0,0,com.android.vending,OPPO,CPH2325,2024-11-17 03:19:40.143000,android,0.0038412990000000003,0.002787199,0,ae6d22d2-6b94-489e-b540-6292a2f774bb,259,6,4aac6177-3041-4bb7-860b-a3aba205132d,2024-11-17 03:16:57.236000,v1.10 - Skipits - Existing Users,Skipits - High Prices
US,2024-10-28T01:46:46.000Z,0.02105747428357515,4,31,0,0,com.android.vending,samsung,SM-S908U,2024-11-17 03:20:15.122000,android,0.11671025919666109,0.09565278491308594,6,e9e234fe-3135-4cd4-90bf-510e185f8f6c,1788,53,a24087bf-e616-4a46-bef4-f2028881eee0,2024-11-10 03:20:00.500000,v1.10 - Skipits - Existing Users,Skipits - High Prices
MY,2024-11-17T03:21:01.000Z,,0,9,0,0,com.android.vending,HUAWEI,ELE-L29,2024-11-17 03:21:10.520000,android,0,,0,57ddcfca-baf3-4a20-b122-92241b773203,241,1,7f97fcc7-eb63-4ec3-ac71-b63ed10c57ac,2024-11-17 03:21:10.520000,v1.10 - Skipits - New Users,Control
IN,2024-11-13T08:08:41.000Z,0.0038077144559221197,3,14,0,0,com.android.vending,Xiaomi,22101316I,2024-11-17 03:21:25.138000,android,0.008624149581429687,0.004816435125507567,2,c865b103-93f6-4575-b403-191c26418101,776,25,fe60c41d-537e-4899-a5fa-11142e8a6687,2024-11-13 15:15:22.109000,v1.10 - Skipits - Existing Users,Control
BR,2024-11-14T15:44:35.000Z,0.000268615,1,26,0,0,com.android.vending,samsung,SM-A037M,2024-11-17 03:21:28.872000,android,0.023704471541320722,0.023435856541320722,11,1217002c-032e-4bf3-91ea-56bc599d5108,1741,34,60b223b4-d7bc-47bc-b40a-2c684b9f596d,2024-11-14 15:44:45.225000,v1.10 - Skipits - New Users,Skipits - Middle Prices
US,2024-11-03T22:39:21.000Z,,0,10,0,0,,Apple,iPhoneSE2Gen,2024-11-17 03:21:30.834000,ios,0,,1,86526183-9585-4361-8c03-c98d651c27db,1054,71,8a3737d0-b875-4624-90f7-41a27ff9d400,2024-11-08 16:04:31.175000,v1.10 - Skipits - Existing Users,Skipits - Middle Prices
HK,2024-11-11T01:19:09.000Z,,0,0,0,0,,Apple,iPhone13Pro,2024-11-17 03:24:03.633000,ios,0,,0,05cbf72d-c67c-4149-91f4-93881ffb631b,8,56,02e2a638-e278-48c3-91e4-b25de4b9371a,2024-11-11 01:19:17.034000,v1.10 - Skipits - New Users,Skipits - Middle Prices
CA,2024-11-12T21:50:26.000Z,0.056672150798162055,10,64,0,0,com.android.vending,samsung,SM-S901W,2024-11-17 03:24:08.539000,android,0.13861645307164472,0.08194430227348265,9,b97005ff-48d5-45de-95db-c1de7dcbb0cc,2594,21,3bad0e58-ba0c-407a-a785-c98b0d5a4442,2024-11-12 21:50:32.510000,v1.10 - Skipits - New Users,Skipits - High Prices
AU,2024-11-17T03:27:44.000Z,0.5695394482355616,7,51,0,0,com.android.vending,samsung,SM-G991B,2024-11-17 03:27:50.314000,android,1.1096116196241077,0.5400721713885465,10,51cabfa1-859b-428a-beca-5ba7f9c04891,2964,1,5a6ad44d-717e-45fb-ad13-3ac6ba232c8a,2024-11-17 03:27:50.314000,v1.10 - Skipits - New Users,Skipits - High Prices
BR,2024-10-29T13:49:32.000Z,0.0020597301816940305,2,14,0,0,com.android.vending,motorola,moto g84 5G,2024-11-17 03:29:11.829000,android,0.0020597301816940305,,0,141e4023-f74a-4b2c-8bc3-d2d35f3ff0e2,801,25,07344fc5-4b5c-4637-a4b7-b8d5af451a9b,2024-11-09 02:32:28.149000,v1.10 - Skipits - Existing Users,Skipits - High Prices
US,2024-11-06T02:38:31.000Z,0.008834368,1,7,0,0,com.android.vending,motorola,moto g stylus 5G - 2023,2024-11-17 03:29:52.056000,android,0.033372292,0.024537924,1,afc8de08-6705-450d-b42d-e5bec507d3d5,391,19,c2370994-522d-4272-a181-3c742ace37af,2024-11-08 05:04:20.315000,v1.10 - Skipits - Existing Users,Control
JP,2024-09-13T14:47:02.000Z,0.004640936,1,10,0,0,,Apple,iPhone13Mini,2024-11-17 03:31:11.382000,ios,0.019461703,0.014820767000000002,3,b5f7cecd-6d92-4d64-ba92-de7b72178d02,509,133,1be521ed-95a0-4707-bfeb-91f918269865,2024-11-09 01:18:01.591000,v1.10 - Skipits - Existing Users,Skipits - Middle Prices
JP,2024-10-26T02:52:48.000Z,,0,4,0,0,,Apple,iPhone13,2024-11-17 03:31:32.011000,ios,0,,0,9027e5a0-566c-4510-9f3b-edaa928c824b,100,149,b3fd49d0-9bfb-42e0-b611-e4bb4f79bae4,2024-11-08 11:43:46.740000,v1.10 - Skipits - Existing Users,Control
AR,2024-10-30T13:07:50.000Z,0.0010780714750289915,1,9,0,0,com.android.vending,motorola,moto g200 5G,2024-11-17 03:33:12.995000,android,0.012630514348576474,0.011552442873547482,6,4146964d-c20a-413e-9c59-c6aa8d43dd53,850,83,c7050bfd-2387-4b93-bcfe-a773b9e71e5f,2024-11-09 03:42:31.333000,v1.10 - Skipits - Existing Users,Skipits - Middle Prices
RU,2024-11-15T16:55:31.000Z,0.008512647519400243,2,28,0,0,com.android.vending,OPPO,CPH2363,2024-11-17 03:35:48.240000,android,0.06638462318350025,0.0578719756641,6,64ca878d-69e5-42af-94c7-ce0903e93e5b,1204,28,46a7d225-b2b7-4df0-9db1-07e36cf991b9,2024-11-15 16:55:38.342000,v1.10 - Skipits - New Users,Control
ES,2024-06-30T10:49:20.000Z,0.022935841050570352,26,176,0,0,com.android.vending,Xiaomi,2201117SY,2024-11-17 03:37:36.956000,android,0.0811280352358273,0.05819219418525695,23,c0b9b535-4b95-405a-8bff-31610c3ca88c,7577,101,23ef05b0-f2f0-437a-8430-aa425c100dd1,2024-11-10 10:36:04.314000,v1.10 - Skipits - Existing Users,Control
ID,2024-11-01T04:46:30.000Z,0.004044247294194818,2,5,0,0,com.android.vending,vivo,V2322,2024-11-17 03:43:33.760000,android,0.007748906294194818,0.003704659,1,bfa13812-0d4d-4b5f-87ac-91fa168fec34,421,123,af650138-9160-4d1e-ab41-b4a8e8cde1d4,2024-11-10 02:06:07.659000,v1.10 - Skipits - Existing Users,Skipits - Middle Prices
US,2024-11-16T15:10:47.000Z,,0,0,0,0,,Apple,iPhone14ProMax,2024-11-17 03:43:36.694000,ios,0,,0,4421f53a-f8b0-446b-baaf-6f6ff7228081,21,5,aae0da07-b4ee-4b56-8b8d-10dd440f5f7e,2024-11-16 15:10:53.975000,v1.10 - Skipits - New Users,Skipits - High Prices
CL,2024-11-12T15:58:45.000Z,0.003652937,2,12,0,0,com.android.vending,motorola,moto g54 5G,2024-11-17 03:45:00.869000,android,0.003652937,,0,d05f2779-2d8e-4dad-a687-33ab8b0fa4be,568,20,4e6a250a-d256-416c-b242-e4365557a174,2024-11-12 15:59:18.811000,v1.10 - Skipits - New Users,Skipits - High Prices
JP,2024-11-12T12:21:36.000Z,0.03313782016045852,9,40,0,0,,Apple,iPadAir3Gen,2024-11-17 03:51:40.348000,ios,0.05168919078118606,0.018551370620727536,5,6ec3a021-0d9c-49cc-a3ab-7abe193828e5,2335,4,e417d310-3a1c-4499-ab7b-99bfe1729031,2024-11-12 12:21:43.659000,v1.10 - Skipits - New Users,Control
US,2024-11-16T20:30:12.000Z,,0,3,0,0,com.android.vending,Wingtech,Celero5G,2024-11-17 03:53:22.930000,android,0.0934159747145902,0.0934159747145902,1,5d7b74a6-5a20-4f96-aa03-56986c050198,315,37,6e69911f-ebba-418c-92a5-4738b7921313,2024-11-16 20:30:22.280000,v1.10 - Skipits - New Users,Control
IN,2024-11-16T10:22:55.000Z,0.001709061,0,1,0,0,com.android.vending,Xiaomi,POCO F1,2024-11-17 03:55:40.970000,android,0.001709061,,0,b2594c15-84e2-40f2-a930-a38341176ef8,53,4,69147bf7-d0bc-4008-86a9-c4ba7ed20981,2024-11-17 03:36:20.821000,v1.10 - Skipits - Existing Users,Skipits - Middle Prices
US,2024-11-03T00:43:59.000Z,0.09790618538098948,4,27,0,0,com.android.vending,motorola,moto g power 5G - 2024,2024-11-17 03:58:15.485000,android,0.14195353655403087,0.04404735117304138,1,94f3beb0-bb55-406b-8930-64608a446339,1237,16,ce2841e0-206f-4eaa-89d4-16d2c428df38,2024-11-17 03:54:33.191000,v1.10 - Skipits - Existing Users,Skipits - Middle Prices
US,2024-11-15T23:44:37.000Z,0.2921397144390242,18,106,0,0,com.android.vending,Google,Pixel 8 Pro,2024-11-17 03:58:22.044000,android,1.0023510826457926,0.7102113682067682,15,aa737d7a-1c46-423b-b1db-faa688fad726,6044,6,cfbf085d-8eb5-403a-9339-2ffa83c54a7d,2024-11-16 03:55:23.058000,v1.10 - Skipits - Existing Users,Skipits - High Prices
JP,2024-11-17T02:16:44.000Z,0.1948476712626953,1,16,0,0,,Apple,iPhone13ProMax,2024-11-17 04:00:23.744000,ios,0.1948476712626953,,0,41ee1330-18ab-4d47-b0fe-590a6a2580ed,669,2,57700156-5c38-43ae-aab5-4dffacfc102c,2024-11-17 02:16:53.025000,v1.10 - Skipits - New Users,Skipits - High Prices
ID,2024-10-24T01:41:22.000Z,0.015777628853441146,11,55,0,0,,Apple,iPhone15,2024-11-17 04:01:13.028000,ios,0.01997042185344115,0.004192793,1,625fea3a-3ac0-4330-b609-2517f9cfe83a,2514,204,d61d3018-258f-4790-9236-7b4d39638123,2024-11-09 05:19:18.665000,v1.10 - Skipits - Existing Users,Skipits - Middle Prices
US,2024-09-21T04:50:06.000Z,,0,1,0,0,com.android.vending,samsung,SM-A536U,2024-11-17 04:02:20.991000,android,0,,0,ef57fbf8-dbee-4e9f-bd59-f870e0af62e6,31,306,4e21dfdc-a7fb-4825-934a-0683b4044b86,2024-11-07 02:05:50.657000,v1.10 - Skipits - Existing Users,Skipits - High Prices
US,2024-10-27T04:10:23.000Z,,0,36,0,0,com.android.vending,Google,Pixel 5a,2024-11-17 04:03:07.724000,android,0.524646175751232,0.524646175751232,8,2b23c8fd-cf97-48e1-a06b-36ae664465d5,1795,121,43a26bd5-20a4-4618-a87a-b737c61b6dd9,2024-11-08 01:53:54.844000,v1.10 - Skipits - Existing Users,Skipits - High Prices
JP,2024-10-25T12:03:30.000Z,0.005439047619047619,1,4,0,0,,Apple,iPhone15Pro,2024-11-17 04:03:53.700000,ios,0.042504620482511975,0.037065572863464354,4,5681d182-08bf-4513-8703-18b1ced31bcb,347,200,e4e88985-24ea-4ea7-b86d-daed31ddf207,2024-11-08 23:12:39.616000,v1.10 - Skipits - Existing Users,Skipits - Middle Prices
JP,2024-10-30T07:16:48.000Z,0.04756021347464043,5,31,0,0,com.android.vending,samsung,SCG07,2024-11-17 04:04:16.231000,android,0.07590021347464043,0.02834,1,667bc465-32c3-4a05-8a92-a9ece6c992c3,1542,48,15c74484-318d-45cf-8e76-b1d603d40080,2024-11-08 15:11:02.436000,v1.10 - Skipits - Existing Users,Control
BD,2024-10-25T03:59:08.000Z,0.0037112211909944444,7,29,0,0,com.android.vending,motorola,moto g24 power,2024-11-17 04:06:09.614000,android,0.0037112211909944444,,0,cfd3a83a-0fc1-44ca-927c-77f44a9cf098,1659,136,52ef39b6-d5b8-4c02-b558-c533048bfee9,2024-11-10 16:23:59.638000,v1.10 - Skipits - Existing Users,Skipits - High Prices
VE,2024-07-24T00:10:09.000Z,0.016673775999999998,3,16,0,0,com.android.vending,samsung,SM-G990E,2024-11-17 04:06:38.197000,android,0.04998224528571429,0.033308469285714286,3,df5c5728-9a99-48f0-b194-ef4621ac0974,1160,51,732e8a19-fca8-4810-9b46-eb71231c931b,2024-11-10 05:25:51.157000,v1.10 - Skipits - Existing Users,Skipits - High Prices
JP,2024-11-12T09:23:32.000Z,0.046490497661345345,3,22,0,0,com.android.vending,samsung,SC-02K,2024-11-17 04:06:38.649000,android,0.11214534886862437,0.06565485120727903,2,f82531dc-3a3b-4b6e-b948-3468eb829bd9,1105,26,f2dc3bb9-53dc-4ede-9418-09d274cff49c,2024-11-12 09:23:41.207000,v1.10 - Skipits - New Users,Skipits - Middle Prices
NZ,2024-11-16T05:02:31.000Z,0.012861913359857143,6,30,0,0,com.android.vending,OPPO,CPH2305,2024-11-17 04:07:29.078000,android,0.06916396961953365,0.0563020562596765,15,a25ff615-24aa-4171-a917-e53b65e31d08,2652,7,25dea619-0789-48f2-b910-4f9bef5aecdc,2024-11-16 05:02:39.875000,v1.10 - Skipits - New Users,Skipits - High Prices
JP,2024-11-16T07:12:13.000Z,0.00830484294891357,1,27,0,0,,Apple,iPhone15Plus,2024-11-17 04:08:35.556000,ios,0.108784815302124,0.10047997235321042,9,43198818-4a5e-497f-9c87-0ef7a0727d7b,1297,5,4aba70af-89ac-4cf4-9336-5147049c7d75,2024-11-16 11:28:59.593000,v1.10 - Skipits - New Users,Skipits - Middle Prices
US,2024-11-17T04:08:35.000Z,,0,19,0,0,,Apple,iPhoneSE3Gen,2024-11-17 04:08:41.556000,ios,0.18974132232666013,0.18974132232666013,1,8da2d065-1d5b-4610-bbe6-ca2ed313f540,752,1,faecd377-134e-475f-a538-2ce7e328df7d,2024-11-17 04:08:41.556000,v1.10 - Skipits - New Users,Skipits - Middle Prices
US,2024-11-16T23:33:38.000Z,0.12114248664971924,9,59,0,0,,Apple,iPhone14Pro,2024-11-17 04:10:36.245000,ios,0.14367248664971924,0.02253,1,086cdb08-e188-47ae-95eb-94138b3ade83,2394,3,dbcff3e4-f269-4bbb-b09d-a8de67fb51c9,2024-11-16 23:33:44.968000,v1.10 - Skipits - New Users,Skipits - High Prices
US,2024-11-10T04:18:10.000Z,0.027173998654676523,6,79,0,0,,Apple,iPhone12Pro,2024-11-17 04:11:59.310000,ios,0.17692056918689547,0.149746570532219,32,dbbfcc43-0073-4271-a19d-22ce811fcdfd,4111,62,02abab0b-c6c4-465b-b55b-8792c60345c5,2024-11-10 04:18:18.805000,v1.10 - Skipits - New Users,Control
US,2024-10-18T23:56:07.000Z,0.15456317901611327,4,30,0,0,,Apple,iPhone15ProMax,2024-11-17 04:12:20.515000,ios,0.15456317901611327,,0,16b4a032-d30b-449e-afe1-dc6401ee017c,1291,61,621aa1c9-73f6-4187-87ad-a8841f8fb95a,2024-11-09 13:58:09.173000,v1.10 - Skipits - Existing Users,Control
TW,2024-10-22T01:07:35.000Z,,0,2,0,0,,Apple,iPhone12ProMax,2024-11-17 04:13:35.167000,ios,0,,0,c10c4268-26d2-48f0-9808-e1cc27c21f44,1138,168,00bbefe1-19b0-4ebf-bbae-ca66e2a05dfc,2024-11-09 06:20:21.122000,v1.10 - Skipits - Existing Users,Skipits - High Prices
US,2024-11-17T04:14:51.000Z,,0,11,0,0,,Apple,iPhoneSE3Gen,2024-11-17 04:15:01.804000,ios,0,,0,1730c251-9210-4578-9454-8fd1cbd61957,245,1,9e2ae918-5e2b-48d7-863d-6a681b6c9e7a,2024-11-17 04:15:01.804000,v1.10 - Skipits - New Users,Control
SG,2024-10-17T12:12:44.000Z,0.014435493338336762,6,30,0,0,,Apple,iPhone15ProMax,2024-11-17 04:16:32.605000,ios,0.025822117656281243,0.011386624317944483,4,c69d2684-d4c5-448a-b66c-488f25d2b513,1581,220,8e0f5bab-dd0d-4aab-9d5d-2fe6678c4ad0,2024-11-09 12:56:33.935000,v1.10 - Skipits - Existing Users,Skipits - Middle Prices
US,2024-07-09T22:28:44.000Z,0.007339910000000001,1,6,0,0,,Apple,iPhone15ProMax,2024-11-17 04:17:04.446000,ios,0.01736726996246338,0.01002735996246338,1,f5d466d8-c67b-479e-a950-5907f7991ec0,333,311,92c14e8a-f2f9-4e1e-838e-aeda2c37f732,2024-11-10 19:59:12.422000,v1.10 - Skipits - Existing Users,Control
JP,2024-11-03T14:37:26.000Z,,0,0,0,0,,Apple,iPhone15,2024-11-17 04:18:06.488000,ios,0,,0,3d4aecc4-1794-4b17-8f34-93f8a87849d6,8,86,548cb912-9e71-4532-b96d-10fd47d69b0b,2024-11-08 23:19:53.099000,v1.10 - Skipits - Existing Users,Control
FR,2024-10-21T11:32:56.000Z,,0,15,0,0,,Apple,iPhone14Pro,2024-11-17 04:22:14.709000,ios,0,,0,6caeae4b-2bad-432d-a48c-3dff59b0848a,619,79,32fbdd58-3012-4d91-82fc-d01153156770,2024-11-10 13:26:14.107000,v1.10 - Skipits - Existing Users,Control
IQ,2024-08-07T01:25:37.000Z,,0,31,0,0,com.android.vending,realme,RMX3771,2024-11-17 04:22:31.504000,android,0,,0,b0d5309f-dede-4dac-b42e-de963edacb00,1112,133,9f8c2cb1-ea94-428e-a7ca-8eeb3f0bea29,2024-11-16 17:14:34.974000,v1.10 - Skipits - Existing Users,Skipits - Middle Prices
AU,2024-11-17T04:23:25.000Z,,0,39,0,0,,Apple,iPhoneXSMax,2024-11-17 04:23:33.218000,ios,0,,0,7428edd4-c42c-492b-962c-a96b5cfe4a2f,1203,1,86171ebe-5719-4e33-bfaf-8dec6288fa56,2024-11-17 04:23:33.219000,v1.10 - Skipits - New Users,Control
VN,2024-11-17T04:23:35.000Z,,0,3,0,0,,Apple,iPhone6SPlus,2024-11-17 04:23:44.548000,ios,0,,0,095fc69f-e08a-48cd-a687-da989326ba77,70,1,9208cfc4-1c7a-4ec8-bace-0937af12f54a,2024-11-17 04:23:44.548000,v1.10 - Skipits - New Users,Skipits - Middle Prices
BR,2024-11-09T15:26:49.000Z,0.0023420930000000004,0,5,0,0,com.android.vending,samsung,SM-A146M,2024-11-17 04:24:26.349000,android,0.0023420930000000004,,0,1ba4fa19-c139-4559-80f5-e49af083ece2,190,14,3055378e-eb84-49e1-abd9-017f23982117,2024-11-09 15:26:57.686000,v1.10 - Skipits - New Users,Skipits - Middle Prices
HK,2024-10-21T01:18:47.000Z,,0,13,0,0,com.android.vending,HONOR,CLK-NX1,2024-11-17 04:26:04.530000,android,0.22410857142857143,0.22410857142857143,0,a1775888-1b5c-4574-b62f-bf9921c20cc3,4569,17,68acd310-e413-4e17-b1de-5d979d77d81f,2024-11-08 14:06:40.623000,v1.10 - Skipits - Existing Users,Control
MX,2024-11-03T05:03:38.000Z,,0,14,0,0,com.android.vending,Xiaomi,2303ERA42L,2024-11-17 04:26:55.606000,android,0,,0,37e397c7-9c81-43eb-8298-9064a40d0cbe,592,58,30efdc52-38a4-4e9d-96f3-62638809bca7,2024-11-08 13:15:49.105000,v1.10 - Skipits - Existing Users,Skipits - High Prices
SG,2024-09-17T18:48:15.000Z,0.1145446350314347,10,46,0,0,com.android.vending,samsung,SM-G996B,2024-11-17 04:27:05.560000,android,0.22621730663192688,0.11167267160049221,7,508a34f5-a2d8-442d-bec2-b5d379451456,2293,217,bf1d9baa-c3e4-4e7d-9eef-9b715b26b2be,2024-11-14 06:50:59.929000,v1.10 - Skipits - Existing Users,Control
US,2024-11-10T23:21:40.000Z,0.0323742527581046,6,50,0,0,,Apple,iPhone13ProMax,2024-11-17 04:29:55.146000,ios,0.11990222774913634,0.08752797499103174,14,6013b06f-9f97-423f-9f80-cec186705dfa,2956,6,2a71bcbd-3be0-4b56-89c9-271238e5478c,2024-11-10 23:21:46.271000,v1.10 - Skipits - New Users,Skipits - Middle Prices
IN,2024-09-22T09:35:45.000Z,,0,11,0,0,com.android.vending,realme,RMX3741,2024-11-17 04:30:09.597000,android,0.004301011542750134,0.004301011542750134,2,37d05512-05e6-465a-94b6-43567806600a,577,157,f596c6ab-18a8-454f-a67d-7382d6544163,2024-11-10 10:10:00.580000,v1.10 - Skipits - Existing Users,Skipits - Middle Prices
JP,2024-10-27T09:07:44.000Z,,0,1,0,0,com.android.vending,Google,Pixel 8,2024-11-17 04:30:44.575000,android,0,,0,fadc6787-8ede-4d90-a456-efd96ca75541,52,116,e2dcaa86-4f81-48ba-bbe3-191eeb9aecb1,2024-11-08 21:17:15.369000,v1.10 - Skipits - Existing Users,Skipits - Middle Prices
HK,2024-10-24T13:40:59.000Z,0.008301560468523025,11,66,0,0,com.android.vending,HUAWEI,VOG-L29,2024-11-17 04:31:33.834000,android,0.02997040824530982,0.021668847776786803,16,5d2827af-de36-4e8c-96ee-7a98df705000,5615,403,b5877ec5-2cac-4096-8248-c78914d725d0,2024-11-12 03:06:24.843000,v1.10 - Skipits - Existing Users,Skipits - Middle Prices
PH,2024-10-04T02:41:54.000Z,0.0022786904054,4,22,0,0,com.android.vending,TECNO,TECNO LI9,2024-11-17 04:35:46.075000,android,0.010407439079212244,0.008128748673812244,4,bd9cb5be-35e2-4677-9f73-7d333791652b,1120,95,d89c79d9-62ca-49f3-936c-3f92b8aa4b18,2024-11-11 00:15:19.344000,v1.10 - Skipits - Existing Users,Skipits - Middle Prices
JP,2024-10-20T14:13:05.000Z,0.001850519935971214,1,0,0,0,,Apple,iPhone14,2024-11-17 04:38:32.299000,ios,0.004667219935971214,0.0028167,0,37531e5a-8f20-451a-981b-34c5e064749c,160,754,ac497183-7a51-4e17-9e59-d937a038b77d,2024-11-09 00:19:38.558000,v1.10 - Skipits - Existing Users,Control
ID,2024-11-02T07:25:29.000Z,0.0096295059307,2,2,0,0,com.android.vending,Xiaomi,22041219G,2024-11-17 04:39:02.674000,android,0.0096295059307,,0,141fea16-946f-466a-819e-07aaf05930d7,67,95,dfef642c-0b73-4c92-a83c-52b28a54d1b0,2024-11-09 04:03:33.794000,v1.10 - Skipits - Existing Users,Skipits - Middle Prices
US,2024-11-16T15:58:54.000Z,,0,2,0,0,,Apple,iPhone14Plus,2024-11-17 04:40:06.015000,ios,0.02078,0.02078,2,8ef7cc48-0660-4733-9e5d-85b7ef5f5ddf,227,10,e963aec9-3d67-4d47-b651-3b762e733f3c,2024-11-16 15:59:01.815000,v1.10 - Skipits - New Users,Skipits - Middle Prices
ZZ,2024-11-10T15:09:48.000Z,,0,3,0,0,com.android.vending,Google,Pixel 7,2024-11-17 04:41:45.728000,android,0,,0,55fd353f-8c9d-4a91-862e-97ef48116feb,370,84,ed6f340f-333b-4ec3-8cfd-2123827f3185,2024-11-10 15:09:54.149000,v1.10 - Skipits - New Users,Skipits - High Prices
PH,2024-11-12T11:23:31.000Z,,0,42,0,0,com.android.vending,INFINIX,Infinix X669,2024-11-17 04:41:48.912000,android,0,,0,98d84543-fcfe-4e7a-a2c8-f66e75d4007c,1892,22,f2a096c9-d0b2-4e52-9285-eb4c5c460a87,2024-11-12 11:23:41.154000,v1.10 - Skipits - New Users,Skipits - High Prices
SG,2024-09-05T12:13:45.000Z,0.002183809523809524,1,12,0,0,,Apple,iPhone14Pro,2024-11-17 04:42:39.245000,ios,0.026789045878696714,0.024605236354887188,5,fe4b89ba-e256-446d-ae6b-34d882d126c5,798,129,04ea0567-f399-4dac-b1ed-6bc877507f37,2024-11-09 07:00:10.216000,v1.10 - Skipits - Existing Users,Skipits - High Prices
CA,2024-11-16T05:58:21.000Z,0.047560394669251944,12,64,0,0,,Apple,iPhone13,2024-11-17 04:42:45.993000,ios,0.047560394669251944,,0,85ad9301-d5c7-4c78-9d87-678af3986225,2932,14,5246d1b3-7202-4a72-95c4-f57905d407ba,2024-11-16 05:58:28.556000,v1.10 - Skipits - New Users,Skipits - Middle Prices
DE,2024-09-22T21:49:20.000Z,0.049800000000000004,5,15,0,0,com.android.vending,samsung,SM-A336B,2024-11-17 04:46:54.152000,android,0.049800000000000004,,0,270f9d17-0b70-4dd7-a2b8-ea4c06522a2a,6629,75,4fdcebbb-871b-412b-9cb7-42194f88a19c,2024-11-09 15:32:36.429000,v1.10 - Skipits - Existing Users,Skipits - Middle Prices
US,2024-11-16T22:21:31.000Z,,0,0,0,0,,Apple,iPhone13Pro,2024-11-17 04:47:29.514000,ios,0,,0,894004bf-d042-4206-88bf-5eafd1b518d8,12,2,4fd68d05-ae29-4272-a11b-ddac14ea64ed,2024-11-16 22:21:38.499000,v1.10 - Skipits - New Users,Control
JP,2024-11-10T08:59:15.000Z,0.009909468173980715,3,9,0,0,,Apple,iPhone13,2024-11-17 04:48:08.308000,ios,0.06766210609758613,0.05775263792360543,16,6651221c-184e-4f07-a778-e13b3485b2c9,1608,33,2fe361cb-af2f-4db8-906d-c1f75fffd49f,2024-11-24 01:01:17.622000,v1.10 - Skipits - New Users,Control
JP,2024-11-10T08:59:15.000Z,0.009909468173980715,3,9,0,0,,Apple,iPhone13,2024-11-17 04:48:08.308000,ios,0.06766210609758613,0.05775263792360543,16,6651221c-184e-4f07-a778-e13b3485b2c9,1608,33,2fe361cb-af2f-4db8-906d-c1f75fffd49f,2024-11-10 08:59:23.130000,v1.10 - Skipits - New Users,Control
US,2024-10-18T02:41:50.000Z,0.04695051437377932,2,14,0,0,,Apple,iPhone11,2024-11-17 04:50:04.391000,ios,0.04695051437377932,,0,e15591a7-3626-48c0-96fb-490a58cc19f3,807,39,7f4d98ce-6cc9-45b7-8d0b-447024775d8b,2024-11-09 19:04:09.954000,v1.10 - Skipits - Existing Users,Skipits - High Prices
BD,2024-10-25T03:59:08.000Z,0.0003929369576501846,2,13,0,0,com.android.vending,motorola,moto g24 power,2024-11-17 04:51:47.790000,android,0.0003929369576501846,,0,413fc952-c5b5-404e-a978-4c12a8c93b66,619,137,52ef39b6-d5b8-4c02-b558-c533048bfee9,2024-11-10 16:23:59.638000,v1.10 - Skipits - Existing Users,Skipits - High Prices
KR,2024-09-07T16:02:59.000Z,,0,0,0,0,,Apple,iPhone12Mini,2024-11-17 04:52:44.965000,ios,0.0144728786287989,0.0144728786287989,1,c910066e-3128-449e-ba4b-5d98eec8cd6c,126,80,3bbe9aad-2d97-45fc-8153-c96155c73a26,2024-11-09 06:58:53.261000,v1.10 - Skipits - Existing Users,Control
JP,2024-11-17T01:26:59.000Z,,0,46,0,0,,Apple,"iPhone17,1",2024-11-17 04:53:07.800000,ios,0,,0,5c906d32-bfe6-4e83-b0ca-ea2651118065,1676,7,57bc9523-8136-4f56-98cd-cf1bbf26d8e6,2024-11-17 01:27:07.061000,v1.10 - Skipits - New Users,Control
KR,2024-11-17T02:51:45.000Z,,0,0,0,0,com.android.vending,samsung,SM-S908N,2024-11-17 04:53:35.763000,android,0,,0,f00b74f4-7152-49ef-af82-5c17ce850664,480,3,5b1fe368-22bf-4d07-a334-cc3cb08a3f56,2024-11-17 02:51:54.698000,v1.10 - Skipits - New Users,Skipits - Middle Prices
BR,2024-11-17T03:59:24.000Z,0.0017166999999999998,1,19,0,0,com.android.vending,motorola,moto g14,2024-11-17 04:53:57.755000,android,0.0017166999999999998,,0,1ed8382c-4f0a-4a6c-8af6-839b3a90289f,646,3,664b4561-a385-470b-9409-bd99650ceb27,2024-11-17 03:59:33.657000,v1.10 - Skipits - New Users,Skipits - High Prices
US,2024-10-08T19:33:09.000Z,,0,1,0,0,com.android.vending,motorola,moto g stylus 5G - 2024,2024-11-17 04:57:40.728000,android,0,,0,291a6ae7-bd00-4bde-bf3c-c151dae6e0ab,122,28,e822c337-797d-4c3f-91de-78b7ed4339e3,2024-11-17 03:29:13.350000,v1.10 - Skipits - Existing Users,Control
JP,2024-11-15T03:13:06.000Z,0.003829097509384154,1,2,0,0,,Apple,iPhone13Pro,2024-11-17 04:59:40.937000,ios,0.00850959801673889,0.004680500507354736,0,10ebef2a-75f9-4874-81dd-ca380bb779cd,221,23,88cadc60-e067-4585-90b9-465c79bbc038,2024-11-15 03:13:15.450000,v1.10 - Skipits - New Users,Skipits - High Prices
IN,2024-10-28T15:26:06.000Z,,0,9,0,0,com.android.vending,vivo,I2018,2024-11-17 05:01:31.560000,android,0.007578028977730078,0.007578028977730078,3,d767e9eb-f673-46e3-9ecf-8303a418acff,373,65,24bacc05-54c8-4194-8d37-651d157e8dc6,2024-11-09 14:01:57.117000,v1.10 - Skipits - Existing Users,Control
US,2024-11-04T00:14:08.000Z,0.005994721,3,14,0,0,com.android.vending,samsung,SM-A156M,2024-11-17 05:03:04.410000,android,0.016100634657490478,0.01010591365749048,3,15994898-9ccd-466a-ac25-f39d614e7ae2,1912,4,c41afa11-d7af-4823-ad2a-099560e0473f,2024-11-17 05:03:04.410000,v1.10 - Skipits - Existing Users,Skipits - High Prices
US,2024-11-05T02:54:08.000Z,0.11038491837805177,7,45,0,0,com.android.vending,samsung,SM-S908U,2024-11-17 05:08:39.051000,android,0.8100208759156543,0.6996359575376025,21,d527f978-c48d-4533-bef2-5a2eee44d4f9,7431,109,51b9ce85-027f-44fb-8c1c-c4c3a5811bae,2024-11-08 20:49:05.099000,v1.10 - Skipits - Existing Users,Skipits - High Prices
US,2024-11-13T04:10:09.000Z,0.17448018012908062,8,57,0,0,,Apple,iPhone13,2024-11-17 05:12:01.243000,ios,0.34983842097235396,0.17535824084327334,5,1059604c-d63d-4ca0-9e26-76a73090c858,3305,6,46b19781-d538-4675-9003-105fb8227de0,2024-11-13 04:10:15.320000,v1.10 - Skipits - New Users,Control
IL,2024-11-13T17:49:27.000Z,0.005821925,1,11,0,0,,Apple,iPhone15ProMax,2024-11-17 05:12:31.071000,ios,0.012881924999999999,0.007059999999999999,1,9fcf5b35-0891-40a5-9a96-bc2908f28d40,422,20,a7946079-f552-42ee-a243-ce03843f8188,2024-11-13 17:49:33.692000,v1.10 - Skipits - New Users,Control
ID,2024-11-17T05:15:20.000Z,0.001296367883682251,0,30,0,0,com.android.vending,INFINIX MOBILITY LIMITED,Infinix X697,2024-11-17 05:15:29.723000,android,0.0032144758701324458,0.001918107986450195,1,2a74b23f-2344-45b0-8314-fdf43ee9ee33,1174,1,7a5f344a-4525-43a0-83d9-2c6ee610ec66,2024-11-17 05:15:29.723000,v1.10 - Skipits - New Users,Skipits - High Prices
PH,2024-11-17T01:31:28.000Z,0.008817267821619049,8,91,0,0,com.android.vending,INFINIX,Infinix X6853,2024-11-17 05:17:34.513000,android,0.04740921057067671,0.03859194274905765,14,621efa67-0801-46ca-837e-dcc2ba3d64f5,3790,4,afe607cd-54be-458e-b21f-a532f5f97ea6,2024-11-17 01:31:37.685000,v1.10 - Skipits - New Users,Skipits - Middle Prices
JP,2024-10-28T09:30:44.000Z,0.285117546,3,15,0,0,,Apple,iPhone13,2024-11-17 05:19:03.918000,ios,0.285117546,,0,30d2c2a8-7cda-45ff-ab32-55fa496a887f,713,36,5501c933-264f-4952-80a9-bec6b32870d6,2024-11-15 00:45:29.240000,v1.10 - Skipits - Existing Users,Skipits - Middle Prices
US,2024-08-18T04:58:12.000Z,,0,2,0,0,,Apple,iPhone12ProMax,2024-11-17 05:20:57.866000,ios,0,,0,46f2c1f1-7ab1-4903-8b72-3ae1dd333764,92,163,a84356fa-51e7-421c-a60e-fe3d1fcd2e6c,2024-11-09 04:19:27.139000,v1.10 - Skipits - Existing Users,Skipits - Middle Prices
US,2024-11-17T05:21:37.000Z,,0,21,0,0,,Apple,iPhone15ProMax,2024-11-17 05:21:43.424000,ios,0.11506,0.11506,1,705f4d77-2804-4c04-a092-b27d8df8293f,623,1,ccdcd959-fddd-404f-b093-2e05f860500b,2024-11-17 05:21:43.424000,v1.10 - Skipits - New Users,Skipits - High Prices
JP,2024-11-16T07:22:22.000Z,,0,16,0,0,,Apple,iPhoneXR,2024-11-17 05:23:57.189000,ios,0.04220158386230469,0.04220158386230469,1,eca1d8f2-fdd4-44ab-9682-062524f649fb,686,5,3e6faa44-0759-479a-b162-36cd95a353cd,2024-11-16 07:22:31.307000,v1.10 - Skipits - New Users,Control
JP,2024-10-15T07:03:48.000Z,,0,4,0,0,,Apple,iPhone13,2024-11-17 05:25:30.339000,ios,0,,0,df27c670-0cf7-406f-900a-da6015ef58bf,145,86,5637e9b9-15e7-4e77-94b5-74da3da9071e,2024-11-12 05:22:13.547000,v1.10 - Skipits - Existing Users,Control
MX,2024-11-14T11:20:35.000Z,,0,0,0,0,com.android.vending,motorola,moto g34 5G,2024-11-17 05:25:54.874000,android,0,,0,ecc0f890-d054-4407-8fa6-f21869b0f8f2,1952,23,32f73fa8-b132-4bc8-bdb7-2c81a3c83c55,2024-11-14 11:20:44.306000,v1.10 - Skipits - New Users,Skipits - High Prices
KR,2024-11-17T05:27:59.000Z,0.13733929925756835,4,44,0,0,,Apple,iPhoneSE3Gen,2024-11-17 05:28:06.762000,ios,0.3551447022551117,0.2178054029975433,6,05065eca-72a6-46b4-ae6d-c14ed23182d1,1889,1,71c38fb4-efb7-4586-8186-bc3665868fb0,2024-11-17 05:28:06.762000,v1.10 - Skipits - New Users,Skipits - High Prices
PA,2024-11-16T02:01:06.000Z,,0,14,0,0,com.android.vending,motorola,moto g(50) 5G,2024-11-17 05:28:10.605000,android,0,,0,3b657902-7e78-4b9f-8865-69e440912c38,485,12,48ebc661-a6f4-439e-abce-a873d6e729a2,2024-11-17 01:51:33.429000,v1.10 - Skipits - Existing Users,Skipits - High Prices
VN,2024-10-02T13:41:54.000Z,0.002943642,3,16,0,0,,Apple,iPhone12ProMax,2024-11-17 05:28:18.639000,ios,0.027244593999999997,0.024300951999999994,7,a1f3eb24-66e7-43dc-be38-b2070acbc25a,1042,186,21a4d2d1-9f75-4b78-9008-1718b59cf96f,2024-11-09 11:05:49.424000,v1.10 - Skipits - Existing Users,Skipits - Middle Prices
IQ,2024-09-07T15:29:07.000Z,,0,1,0,0,com.android.vending,realme,RMX3710,2024-11-17 05:29:10.383000,android,0.0028861038461538463,0.0028861038461538463,3,834e6e17-3994-4930-9f88-83c9d8d54443,179,306,429fe36d-fc3a-44de-90de-61e2f381460d,2024-11-08 12:37:42.743000,v1.10 - Skipits - Existing Users,Skipits - High Prices
US,2024-11-03T21:17:11.000Z,,1,1,0,0,,Apple,iPhone11,2024-11-17 05:29:34.718000,ios,0.007602052688598633,0.007602052688598633,0,a2363a97-e097-4b5a-a0a9-54090561c7b1,63,57,d8e3cfc0-a208-4603-bd30-b9e00a6b1855,2024-11-09 03:38:29.853000,v1.10 - Skipits - Existing Users,Control
DE,2024-10-18T11:32:41.000Z,,0,0,0,0,com.android.vending,Google,Pixel 7 Pro,2024-11-17 05:30:46.538000,android,0,,0,7a86ebdb-2464-4b85-80d4-5e6e4e201c6d,60,116,35be18e7-d772-49be-9d1d-9047a911f30b,2024-11-07 19:56:49.658000,v1.10 - Skipits - Existing Users,Skipits - Middle Prices
JP,2024-10-27T14:54:22.000Z,0.0023737337771,0,3,0,0,com.android.vending,SHARP,LP-02,2024-11-17 05:30:51.737000,android,0.016482163819366846,0.014108430042266846,3,cfac553d-c039-4d20-ae20-57adf10736fe,756,172,ce418d36-178c-4968-96c6-50cd9fcd4c40,2024-11-11 06:31:09.661000,v1.10 - Skipits - Existing Users,Skipits - High Prices
VN,2024-08-27T23:48:44.000Z,,0,13,0,0,,Apple,iPhone6S,2024-11-17 05:31:57.045000,ios,0,,0,7ba7b300-f69b-48f4-b8ed-7877a9682569,567,118,240667e6-d045-4c29-af3a-d7bc3440a082,2024-11-12 00:34:51.141000,v1.10 - Skipits - Existing Users,Skipits - High Prices
KR,2024-11-17T05:31:53.000Z,0.03588896933660858,1,45,0,0,com.android.vending,samsung,SM-S928N,2024-11-17 05:32:01.339000,android,0.49619011962684606,0.4603011502902375,13,c74e0cd3-e2f6-4f5f-b9d4-515d115edbc0,2504,1,c0fd35f7-af27-48d0-a997-0a812f88624b,2024-11-17 05:32:01.340000,v1.10 - Skipits - New Users,Skipits - High Prices
VN,2024-08-27T23:48:44.000Z,,0,1,0,0,,Apple,iPhone6S,2024-11-17 05:32:09.700000,ios,0,,0,1297f3f1-59a8-4135-8882-de7eb1634a02,132,119,240667e6-d045-4c29-af3a-d7bc3440a082,2024-11-12 00:34:51.141000,v1.10 - Skipits - Existing Users,Skipits - High Prices
US,2024-11-01T22:22:56.000Z,0.06816699180737305,3,22,0,0,,Apple,iPhone14Plus,2024-11-17 05:33:59.460000,ios,0.28359252050624884,0.21542552869887582,6,39860165-c3c1-46ef-8d9d-a97687f0a197,1330,95,80594b04-b801-4554-8537-22e278e4c313,2024-11-10 14:37:51.440000,v1.10 - Skipits - Existing Users,Skipits - High Prices
ZZ,2024-11-17T05:34:22.000Z,0.016615200051905497,4,50,0,0,com.android.vending,vivo,I2216,2024-11-17 05:34:37.521000,android,0.02642421420566986,0.009809014153764367,2,73ec38be-5320-49cd-a96c-036380c6b1b6,1883,1,adabe4c0-50ab-4775-b6f7-9a03d43765cb,2024-11-17 05:34:37.521000,v1.10 - Skipits - New Users,Skipits - Middle Prices
AU,2024-11-17T05:34:42.000Z,,0,10,0,0,,Apple,"iPhone17,1",2024-11-17 05:34:51.477000,ios,0,,0,1b6f9914-76ba-4e75-a990-9ec68ee6fb86,226,1,ca440560-a9d4-4224-9078-c360dc3b006c,2024-11-17 05:34:51.477000,v1.10 - Skipits - New Users,Control
BR,2024-11-15T22:00:18.000Z,,0,11,0,0,com.android.vending,Xiaomi,23129RA5FL,2024-11-17 05:35:00.616000,android,0.07880502113517711,0.07880502113517711,6,64d47917-c72b-40e2-af78-d058cb3794dd,827,6,d5507c8c-9773-48ef-bf08-896f55ac6469,2024-11-15 22:00:26.795000,v1.10 - Skipits - New Users,Skipits - Middle Prices
US,2024-11-15T22:58:01.000Z,0.019398315,1,14,0,0,,Apple,iPhone13Pro,2024-11-17 05:37:24.985000,ios,0.08257255423095068,0.06317423923095068,3,461e1535-2c0a-467b-a992-4536f6da7af2,762,2,89cb76b1-ee06-41f8-b8f5-7cd39d323f5e,2024-11-15 22:58:08.747000,v1.10 - Skipits - New Users,Skipits - Middle Prices
RU,2024-11-16T07:16:41.000Z,0.1188891280943153,24,70,0,0,,Apple,iPhone14,2024-11-17 05:39:21.285000,ios,0.1188891280943153,,0,a97a5ae2-e5db-44e2-929e-43d0ac3a985d,3097,16,879072b0-aad3-40a1-b0c2-e15d3a76bf93,2024-11-16 07:16:47.209000,v1.10 - Skipits - New Users,Control
TW,2024-11-17T05:39:23.000Z,,0,6,0,0,com.android.vending,samsung,SM-X200,2024-11-17 05:39:36.249000,android,0,,0,676b4138-4cea-4b23-b33c-f2d577fd29f3,141,1,abe60554-1fbe-460d-b0da-abb96c23be06,2024-11-17 05:39:36.249000,v1.10 - Skipits - New Users,Control
PH,2024-11-16T06:22:17.000Z,,0,2,0,0,,Apple,iPhone12,2024-11-17 05:39:44.189000,ios,0,,0,91929265-4899-471e-a849-1af6e26cd927,61,4,517cd0d6-4a15-45fd-8ee2-0668639ad3aa,2024-11-16 06:22:26.983000,v1.10 - Skipits - New Users,Skipits - Middle Prices
US,2024-10-18T16:42:20.000Z,,0,6,0,0,,Apple,iPhone15Pro,2024-11-17 05:41:15.975000,ios,0.10052717971801757,0.10052717971801757,2,057c0328-204d-4ac9-826a-a9c949fba748,589,179,d7f56f63-73dd-4956-92fd-fa96b29c1c0e,2024-11-10 07:47:31.760000,v1.10 - Skipits - Existing Users,Skipits - Middle Prices
JP,2024-11-04T06:11:54.000Z,0.03212859374950837,18,35,0,0,,Apple,iPhone8,2024-11-17 05:42:23.307000,ios,0.05455155474950836,0.022422961,10,b3c9ca7a-25e8-40b6-b047-28a63f7c515e,2108,58,ff31a434-d4d4-428b-87e5-fdae9983b9d1,2024-11-08 22:45:19.072000,v1.10 - Skipits - Existing Users,Skipits - Middle Prices
AU,2024-11-10T02:45:58.000Z,,0,11,0,0,,Apple,iPhone11,2024-11-17 05:43:04.097000,ios,0.08405,0.08405,1,5a93277c-d2cc-4402-977e-f96fca8815a4,421,41,8d26f669-4cdb-4ef2-87dc-2d95f716ae22,2024-11-10 02:46:07.573000,v1.10 - Skipits - New Users,Control
ID,2024-11-17T05:43:00.000Z,0.06716325919410707,23,187,0,0,,Apple,iPhone11ProMax,2024-11-17 05:43:08.415000,ios,0.09392070321208192,0.02675744401797485,6,2e69261a-c118-4a58-bafc-b42d557baeb8,8032,1,9d8dd439-0274-4838-ad72-7a4a4802a1bc,2024-11-17 05:43:08.415000,v1.10 - Skipits - New Users,Control
MX,2024-10-07T01:54:13.000Z,0.06892329066518957,5,8,0,0,com.android.vending,samsung,SM-A715F,2024-11-17 05:43:53.648000,android,0.1062747721615576,0.037351481496368036,3,b956c4ea-cd31-409f-83dc-60a3a2b36748,954,84,0b92170d-a4ff-4897-8045-44954d39d982,2024-11-09 23:14:50.456000,v1.10 - Skipits - Existing Users,Skipits - High Prices
JP,2024-09-26T01:48:29.000Z,0.010649954,3,26,0,0,,Apple,iPhone15Plus,2024-11-17 05:45:09.028000,ios,0.05933838428983998,0.04868843028983997,9,a03c86d9-e348-48e7-bf91-8fb4f2c234f3,1978,561,894f435d-bfc1-4c7a-92e6-c710fcb532aa,2024-11-09 00:54:28.962000,v1.10 - Skipits - Existing Users,Skipits - Middle Prices
US,2024-11-05T18:01:07.000Z,0.004998700097288404,1,4,0,0,,Apple,iPhone13,2024-11-17 05:45:28.031000,ios,0.018341609112350415,0.01334290901506201,2,3472a630-a90e-4449-8928-35cfab7bcedc,606,46,aa5ba705-4193-4288-ba58-2a8c8fe1691f,2024-11-09 05:25:13.382000,v1.10 - Skipits - Existing Users,Control
US,2024-11-15T05:48:05.000Z,0.13626196443070002,7,47,0,0,com.android.vending,samsung,SM-F936U,2024-11-17 05:45:33.590000,android,0.39814149743070004,0.261879533,10,fb579f35-0326-40b6-bcfd-6163f02df0fb,2612,6,de7b74b4-1516-4721-8b8a-5776a5bdff22,2024-11-15 05:48:13.216000,v1.10 - Skipits - New Users,Control
US,2024-10-13T21:49:22.000Z,,0,0,0,0,com.android.vending,samsung,SM-S916U,2024-11-17 05:45:42.804000,android,0,,0,a5d1a68f-444c-498a-9747-8864295bb8be,7,91,2cff5622-b495-47ca-984f-706d2fa307b6,2024-11-10 05:28:55.002000,v1.10 - Skipits - Existing Users,Skipits - Middle Prices
JP,2024-11-13T05:32:28.000Z,,0,26,0,0,,Apple,iPhoneXR,2024-11-17 05:46:00.920000,ios,0,,0,047d08e9-b397-4e57-8e57-1abcaa505ac5,464,56,d3c41ee6-f6e8-4912-b7f6-f3422b7e13b1,2024-11-13 05:32:36.068000,v1.10 - Skipits - New Users,Skipits - Middle Prices
IN,2024-11-17T03:41:47.000Z,0.002473490187327067,2,26,0,0,com.android.vending,Google,Pixel 7,2024-11-17 05:48:51.170000,android,0.009727950187327068,0.00725446,2,13ff961e-e006-4c3f-8268-af356c71e6bb,904,3,481f8729-fdb1-4efb-be2a-34ad2a302454,2024-11-17 03:41:55.128000,v1.10 - Skipits - New Users,Skipits - Middle Prices
US,2024-11-15T01:32:28.000Z,,0,0,0,0,com.android.vending,samsung,SM-G996U,2024-11-17 05:51:08.066000,android,0,,0,bdf2cc8e-8b7e-4680-81f5-e6fa15eb9a44,1,4,88a5af83-8524-458d-b0e9-69365544e5f2,2024-11-15 01:32:36.312000,v1.10 - Skipits - New Users,Control
US,2024-10-20T18:46:02.000Z,,0,45,0,0,,Apple,iPhone13,2024-11-17 05:52:20.244000,ios,0.5824096067148439,0.5824096067148439,11,2783a744-5257-4066-a404-ec5a5c80e1e5,2253,70,43feca7d-dce2-4409-9017-ac9172c3ef57,2024-11-09 17:21:59.397000,v1.10 - Skipits - Existing Users,Control
BR,2024-10-09T03:32:28.000Z,0.003888204,3,23,0,0,com.android.vending,Xiaomi,2303ERA42L,2024-11-17 05:52:25.670000,android,0.021056057993988523,0.017167853993988524,3,cc5543ff-9d7c-429c-b93f-ebe7acee64da,1149,149,c80ade3a-0a48-4a42-996a-03cb74596076,2024-11-09 04:45:49.185000,v1.10 - Skipits - Existing Users,Control
CA,2024-11-11T18:06:38.000Z,,0,1,0,0,com.android.vending,samsung,SM-S918W,2024-11-17 05:58:05.153000,android,0,,1,17d351eb-2066-4c2b-bdab-eaa84b1ef014,32,9,2a567af5-c205-4423-a44e-f6ff1dca14b1,2024-11-11 18:06:44.698000,v1.10 - Skipits - New Users,Skipits - Middle Prices
DE,2024-11-15T17:05:01.000Z,0.0024057142857142853,1,50,0,0,com.android.vending,samsung,SM-A528B,2024-11-17 05:59:07.040000,android,0.048566713995635086,0.0461609997099208,16,29c536bf-cd0b-4feb-85b8-eacdebd26a64,2037,6,8f5e4b71-33ae-4e7e-a36a-7a14faacc991,2024-11-15 17:05:08.527000,v1.10 - Skipits - New Users,Skipits - High Prices
MX,2024-11-17T06:00:42.000Z,,0,31,0,0,com.android.vending,Xiaomi,M2003J15SC,2024-11-17 06:00:52.425000,android,0.0030076940059661867,0.0030076940059661867,1,6229802f-e337-49f4-bd1f-25762794b204,947,1,d8d4c79d-7537-476e-8979-1c456fb73d22,2024-11-17 06:00:52.425000,v1.10 - Skipits - New Users,Skipits - High Prices
VN,2024-11-11T15:39:20.000Z,,0,16,0,0,com.android.vending,Xiaomi,2201117TG,2024-11-17 06:00:55.139000,android,0.042069678007321594,0.042069678007321594,9,955de2ce-cafe-477f-b6d7-e732a0bc1309,902,19,83d3ea0e-a6cc-47fa-aa15-b89708c3a78b,2024-11-11 15:39:29.757000,v1.10 - Skipits - New Users,Skipits - Middle Prices
JP,2024-11-14T11:32:11.000Z,0.015423794097900387,2,15,0,0,,Apple,iPhone12Pro,2024-11-17 06:01:28.669000,ios,0.015423794097900387,,0,e54aeda8-0b2f-4c42-9f74-473c5fce969a,455,42,3d4fdfe1-c1a1-440a-846a-9b25ff2b76cd,2024-11-14 11:32:19.058000,v1.10 - Skipits - New Users,Skipits - Middle Prices
VN,2024-11-17T05:32:20.000Z,0.0044677813713073725,2,36,0,0,com.android.vending,Xiaomi,M2101K7BG,2024-11-17 06:04:24.013000,android,0.010172083747672178,0.005704302376364804,1,f7bf1063-d28d-4146-966f-4931a406dfc1,1165,2,71d248dc-89a8-4436-bfc6-209d4a3b2115,2024-11-17 05:32:34.546000,v1.10 - Skipits - New Users,Control
ID,2024-10-27T18:47:43.000Z,0.060902189049568366,4,18,0,0,com.android.vending,samsung,SM-S908E,2024-11-17 06:05:09.269000,android,0.27708229054956834,0.2161801015,4,bb52b710-ca7c-4617-9753-ad072dfe1bdb,999,43,332a519a-8672-4603-95c7-c9e8956b4d2a,2024-11-09 05:18:22.090000,v1.10 - Skipits - Existing Users,Skipits - Middle Prices
JO,2024-09-20T18:08:36.000Z,0.0016548445241000003,2,28,0,0,,Apple,iPhoneX,2024-11-17 06:05:33.329000,ios,0.03601151072017842,0.03435666619607842,21,cb9b83a9-908a-4914-b3c8-f3e9964aed60,2270,138,da3138b1-0729-43d2-8af2-dc6c1eb48f2d,2024-11-10 05:52:39.469000,v1.10 - Skipits - Existing Users,Control
EG,2024-08-24T00:30:18.000Z,,0,4,0,0,com.android.vending,HUAWEI,YAL-L21,2024-11-17 06:08:25.694000,android,0.0036844452144986104,0.0036844452144986104,2,2d63d9b7-20c6-4f65-a716-502d822d1387,214,148,d8bad6e9-5afb-465c-9836-09526d622d7f,2024-11-14 07:20:26.388000,v1.10 - Skipits - Existing Users,Skipits - Middle Prices
US,2024-10-22T19:44:55.000Z,0.015277855274000001,3,15,0,0,com.android.vending,samsung,SM-S921U,2024-11-17 06:14:49.298000,android,0.032230506170667486,0.016952650896667483,3,0f3d4018-e3c7-49c5-b7b2-11c2a6ba935c,741,152,b51d61fa-1742-4ab8-9ba0-974db41e29c4,2024-11-08 19:10:15.679000,v1.10 - Skipits - Existing Users,Control
KR,2024-10-09T12:28:05.000Z,,0,19,0,0,,Apple,iPhone13Pro,2024-11-17 06:15:36.009000,ios,0,,0,1f402e8a-7db8-4579-980a-b01db17d2765,839,124,3f69d553-9f7e-4ee0-9bcf-d8408d698d04,2024-11-09 05:49:18.256000,v1.10 - Skipits - Existing Users,Skipits - High Prices
JP,2024-11-02T07:08:07.000Z,0.043660109328547615,7,11,0,0,,Apple,iPhoneSE3Gen,2024-11-17 06:17:54.850000,ios,0.06649268713066074,0.02283257780211313,2,f49087e3-ade1-4c4f-b92b-196a54d925ce,3444,63,b1fcbbf9-3b81-496a-a1ac-9ff33320ec69,2024-11-09 01:48:07.761000,v1.10 - Skipits - Existing Users,Skipits - High Prices
MX,2024-11-17T06:19:53.000Z,,0,4,0,0,com.android.vending,CUBOT,KINGKONG X,2024-11-17 06:20:01.572000,android,0,,0,8b464c43-23db-4fb0-8c8b-98fd400d0d3d,61,1,b3a33042-9ca3-42fa-bede-41b055db7772,2024-11-17 06:20:01.573000,v1.10 - Skipits - New Users,Skipits - Middle Prices
US,2024-11-05T23:19:46.000Z,0.012461261142857142,4,17,0,0,,Apple,iPhone11ProMax,2024-11-17 06:21:58.239000,ios,0.02712086058329555,0.014659599440438407,2,d420d6e4-d7f6-467c-a223-c1c01668160f,1274,66,01999497-8842-4513-a78d-bbe07976fbcd,2024-11-08 17:18:28.763000,v1.10 - Skipits - Existing Users,Skipits - Middle Prices
MX,2024-11-17T06:00:42.000Z,,0,3,0,0,com.android.vending,Xiaomi,M2003J15SC,2024-11-17 06:25:21.188000,android,0,,0,08945e74-aeab-422e-98d8-afae71c6135a,412,2,d8d4c79d-7537-476e-8979-1c456fb73d22,2024-11-17 06:00:52.425000,v1.10 - Skipits - New Users,Skipits - High Prices
MY,2024-11-10T04:01:20.000Z,0.007459138870239258,1,10,0,0,,Apple,iPhone15ProMax,2024-11-17 06:25:59.353000,ios,0.06441260495342598,0.056953466083186716,3,e87f00fa-1bf6-4c52-910b-e2dedda6ba16,712,52,ebf12703-7171-4913-b60a-593b320f7bfc,2024-11-10 04:01:39.848000,v1.10 - Skipits - New Users,Control
CA,2024-10-28T20:30:02.000Z,0.04034287569988341,2,19,0,0,,Apple,iPhoneXR,2024-11-17 06:27:20.303000,ios,0.1066351732058752,0.0662922975059918,2,ac259956-8b66-4503-80ef-82fb6f293fe3,1148,109,459e1ad3-f046-4191-ba88-4c454163a76b,2024-11-13 00:16:34.278000,v1.10 - Skipits - Existing Users,Skipits - Middle Prices
CA,2024-10-28T20:30:02.000Z,,0,16,0,0,,Apple,iPhoneXR,2024-11-17 06:27:22.482000,ios,0,,0,71eba59d-3259-4586-8599-27be2f0769ee,870,101,459e1ad3-f046-4191-ba88-4c454163a76b,2024-11-13 00:16:34.278000,v1.10 - Skipits - Existing Users,Skipits - Middle Prices
RU,2024-11-14T19:25:06.000Z,0.03325018150329589,3,15,0,0,,Apple,iPhoneSE2Gen,2024-11-17 06:29:47.773000,ios,0.03325018150329589,,0,c6c2bef2-59eb-43a1-ab4f-ee56f3f04b8d,648,8,dd7b953c-dd60-4ba1-9f6a-aaaca715062a,2024-11-14 19:25:13.784000,v1.10 - Skipits - New Users,Skipits - High Prices
ID,2024-11-17T03:49:55.000Z,,0,0,0,0,com.android.vending,Xiaomi,M2103K19G,2024-11-17 06:29:50.152000,android,0,,0,88b8bf7a-9121-4edc-a9d1-6f77bfd4512a,1,3,90c8e077-82d5-41b4-80c3-8c73b3653065,2024-11-17 03:50:05.867000,v1.10 - Skipits - New Users,Skipits - Middle Prices
TH,2024-10-13T17:32:20.000Z,0.0029245,1,3,0,0,,Apple,iPhone11,2024-11-17 06:30:15.514000,ios,0.0029245,,0,ca8ddfae-a3e6-4357-b0f7-75087b245851,69,155,809c553e-6892-4766-be4c-0e4d2cd106de,2024-11-12 05:01:11.712000,v1.10 - Skipits - Existing Users,Skipits - Middle Prices
JP,2024-10-03T23:27:00.000Z,0.007643999993801118,0,0,0,0,,Apple,iPhone13Pro,2024-11-17 06:31:14.049000,ios,0.06346589572409467,0.05582189573029355,6,f4fb1dd9-4f2f-4ba6-bfaf-bf28ebd4ad04,567,163,2dd637d3-fbaa-4822-8590-825c31aede04,2024-11-10 10:17:54.073000,v1.10 - Skipits - Existing Users,Control
VN,2024-11-07T01:47:38.000Z,,0,12,0,0,com.android.vending,Xiaomi,2311DRK48G,2024-11-17 06:33:41.999000,android,0.009583703348623365,0.009583703348623365,4,e2899bd7-c3a6-4252-b75b-121d30bc3afc,519,71,49767c7e-bebe-403d-b1fc-6d92ad6e61d5,2024-11-08 23:56:00.691000,v1.10 - Skipits - Existing Users,Skipits - Middle Prices
JP,2024-10-14T21:17:03.000Z,0.004991681999999999,2,4,0,0,,Apple,iPhone13Pro,2024-11-17 06:36:29.856000,ios,0.004991681999999999,,0,15ed9876-c9ad-412b-9c26-36ce77647098,552,47,9b18b4a0-9ef9-4ecf-abfb-e3dcbf98fc6a,2024-11-11 21:09:41.302000,v1.10 - Skipits - Existing Users,Skipits - Middle Prices
IN,2024-10-31T12:25:49.000Z,0.005690313721904762,2,18,0,0,com.android.vending,realme,RMX2202,2024-11-17 06:37:07.406000,android,0.029921304425769575,0.024230990703864815,6,f76bd7f5-000f-4345-b11a-4ff710373439,1072,33,56393499-9f9d-4e3f-817e-0bdeeebce7ce,2024-11-09 15:56:31.980000,v1.10 - Skipits - Existing Users,Skipits - High Prices
JO,2024-11-12T12:42:58.000Z,0.005240952380952379,1,12,0,0,,Apple,iPhone14Plus,2024-11-17 06:37:51.186000,ios,0.019082723238095234,0.013841770857142851,4,ebbc5a6b-f301-40f9-8c78-f21b92879013,556,19,c5b35fe7-d746-4276-b344-444cf643f3b3,2024-11-12 12:43:04.896000,v1.10 - Skipits - New Users,Skipits - Middle Prices
US,2024-11-16T20:30:12.000Z,,0,0,0,0,com.android.vending,Wingtech,Celero5G,2024-11-17 06:38:06.102000,android,0.06746881127796962,0.06746881127796962,2,47cce1be-4913-4c6d-bf4b-a3d6b39ca660,235,49,6e69911f-ebba-418c-92a5-4738b7921313,2024-11-16 20:30:22.280000,v1.10 - Skipits - New Users,Control
DE,2024-10-26T17:21:00.000Z,0.022981650114400044,4,26,0,0,com.android.vending,samsung,SM-A556B,2024-11-17 06:39:40.371000,android,0.022981650114400044,,0,f0235dfd-6cae-4ed6-973d-d509f6671f78,889,60,69eedb2c-5d9f-4786-b750-8d35d6eaaef8,2024-11-08 10:07:57.618000,v1.10 - Skipits - Existing Users,Control
DE,2024-09-06T18:24:50.000Z,,0,313,0,0,,Apple,iPhone11,2024-11-17 06:39:59.425000,ios,0.3406517006591388,0.3406517006591388,40,81ee00e4-0d00-4931-8fd6-281faf00c966,12538,498,272f786c-b2a5-4c02-9b87-55ebeca1e776,2024-11-08 06:02:59.149000,v1.10 - Skipits - Existing Users,Skipits - High Prices
NZ,2024-11-10T01:11:38.000Z,0.0977791924903,14,75,0,0,com.android.vending,OPPO,CPH2577,2024-11-17 06:44:06.362000,android,0.0977791924903,,0,5517c658-c2f0-4b29-9848-5857fe928460,3285,14,7613ba11-65a5-482a-8776-6ec52afce90f,2024-11-10 01:11:54.769000,v1.10 - Skipits - New Users,Skipits - High Prices
JP,2024-10-31T04:49:27.000Z,,0,15,0,0,com.android.vending,samsung,SM-G998U,2024-11-17 06:45:48.278000,android,0.142398934,0.142398934,3,e340a0dc-4433-4127-b89b-047a782c72bc,924,46,3d6ee905-93c2-43b4-8287-6dfbda4b2227,2024-11-10 17:49:52.310000,v1.10 - Skipits - Existing Users,Skipits - High Prices
BB,2024-11-06T19:28:57.000Z,0.012829336034033034,14,95,0,0,com.android.vending,samsung,SM-G990U2,2024-11-17 06:45:57.812000,android,0.036668874597570636,0.0238395385635376,4,337bc44e-abf6-4c61-9d94-4155a287a5a5,4114,10,d5e23966-4836-42eb-b7e3-6b88ff0182d8,2024-11-11 05:23:23.362000,v1.10 - Skipits - Existing Users,Control
IN,2024-11-14T22:13:42.000Z,0.008614403885,8,57,0,0,com.android.vending,vivo,V2240,2024-11-17 06:46:33.744000,android,0.025396173742800003,0.0167817698578,4,cd385a9f-b914-4ab0-bc92-94b55f5d773c,2184,5,18457451-6eb5-4150-821e-7618d1a59f72,2024-11-14 22:13:50.072000,v1.10 - Skipits - New Users,Control
ID,2024-11-08T09:01:40.000Z,0.005822342799591174,3,16,0,0,com.android.vending,INFINIX,Infinix X678B,2024-11-17 06:47:01.991000,android,0.009653842799591174,0.0038315,1,8ed690d4-99a6-4d55-8377-dd5c3f95baca,801,4,db842e48-8ae4-42fe-ae81-fdc55106204a,2024-11-08 09:01:48.935000,v1.10 - Skipits - New Users,Skipits - Middle Prices
JP,2024-11-09T09:46:40.000Z,0.005532857894897461,2,7,0,0,com.android.vending,samsung,SCG13,2024-11-17 06:48:20.791000,android,0.005532857894897461,,0,a504cb28-395b-4a43-8c2e-4e9ff5633022,275,16,d3dd8c2a-0ac2-4ef9-a10b-ac2ce990d261,2024-11-10 05:07:31.040000,v1.10 - Skipits - Existing Users,Skipits - High Prices
SG,2024-09-17T18:48:15.000Z,0.07037895711475137,8,47,0,0,com.android.vending,samsung,SM-G996B,2024-11-17 06:48:49.226000,android,0.20055721979249566,0.1301782626777443,6,c6ef44b6-7555-41b0-b167-f9521a5b5d71,1866,219,bf1d9baa-c3e4-4e7d-9eef-9b715b26b2be,2024-11-14 06:50:59.929000,v1.10 - Skipits - Existing Users,Control
IN,2024-11-16T16:52:18.000Z,,0,9,0,0,com.android.vending,realme,RMX3242,2024-11-17 06:49:20.198000,android,0,,0,01a4136d-0c6b-4d73-9b41-e824a44f4d5d,474,4,14d039c8-69db-432c-afa2-92b5b628507f,2024-11-16 16:52:26.614000,v1.10 - Skipits - New Users,Skipits - High Prices
JP,2024-08-13T04:10:26.000Z,,0,8,0,0,com.android.vending,samsung,SC-51E,2024-11-17 06:52:22.575000,android,0,,0,0435f289-8962-4b47-b2d2-0ec559a2154c,186,29,8f8f4083-f658-4803-afe2-58f9f4807072,2024-11-16 23:39:43.672000,v1.10 - Skipits - Existing Users,Skipits - Middle Prices
JP,2024-08-13T04:10:26.000Z,,0,4,0,0,com.android.vending,samsung,SC-51E,2024-11-17 06:52:23.092000,android,0,,0,4200727f-7af9-4d21-a118-60e404344506,124,30,8f8f4083-f658-4803-afe2-58f9f4807072,2024-11-16 23:39:43.672000,v1.10 - Skipits - Existing Users,Skipits - Middle Prices
IN,2024-11-12T17:30:58.000Z,0.00047052324891090397,2,16,0,0,com.android.vending,samsung,SM-J600G,2024-11-17 06:53:56.989000,android,0.00047052324891090397,,0,064d4e36-0067-4c4f-bc19-ef1920ec7a2a,1011,15,c2640694-a8c1-4b0a-aac0-a27ef6381b2d,2024-11-12 17:31:05.457000,v1.10 - Skipits - New Users,Skipits - Middle Prices
JP,2024-09-24T12:39:23.000Z,,0,9,0,0,,Apple,iPhoneSE2Gen,2024-11-17 06:56:54.038000,ios,0.0141033,0.0141033,1,e3a26f69-8fde-44d2-8a13-89c57138ebe2,369,203,3a5fdf0e-ecec-4307-b74f-ba8da59a258b,2024-11-10 13:54:13.565000,v1.10 - Skipits - Existing Users,Control
JP,2024-11-03T13:43:09.000Z,,0,0,0,0,com.android.vending,samsung,SC-51B,2024-11-17 06:59:29.621000,android,0,,0,dff4186e-e829-4eda-8e5a-0f3582635c6d,2,94,a524da17-e548-4375-96fc-56cb2a0a81fc,2024-11-09 00:46:32.202000,v1.10 - Skipits - Existing Users,Control
VN,2024-10-31T13:26:58.000Z,0.003652503107621851,2,12,0,0,com.android.vending,OPPO,CPH2505,2024-11-17 07:00:20.647000,android,0.01506110786035146,0.011408604752729609,2,b5980263-7f3d-4493-b3a5-0720295084e2,619,46,c320dd8b-a480-458d-ac25-a592ab39226c,2024-11-10 16:05:00.927000,v1.10 - Skipits - Existing Users,Control
KR,2024-11-17T02:51:45.000Z,,0,2,0,0,com.android.vending,samsung,SM-S908N,2024-11-17 07:02:30.700000,android,0.1146020324495125,0.1146020324495125,4,5314ee72-5405-4be1-8a10-1c92c99e51bd,361,6,5b1fe368-22bf-4d07-a334-cc3cb08a3f56,2024-11-17 02:51:54.698000,v1.10 - Skipits - New Users,Skipits - Middle Prices
MX,2024-10-12T04:21:24.000Z,0.0016957500000000002,1,4,0,0,com.android.vending,Xiaomi,M2012K11AG,2024-11-17 07:03:49.295000,android,0.0045914682619,0.0028957182619,1,1fbf2743-0433-4472-85e0-f311ac1f4f59,340,122,8d052010-995f-4d19-a7eb-7abeedda6989,2024-11-08 21:28:43.417000,v1.10 - Skipits - Existing Users,Skipits - Middle Prices
JP,2024-09-29T23:25:01.000Z,,0,0,0,0,,Apple,iPhone15ProMax,2024-11-17 07:04:48.903000,ios,0,,0,7a30f3d7-2d84-41ca-9f6e-4d1aec1d6e75,1,338,5e0c7ca3-cc14-4ee0-abd2-1eff9bbef760,2024-11-08 04:06:40.779000,v1.10 - Skipits - Existing Users,Control
JP,2024-11-13T02:51:13.000Z,0.01144370746612549,1,3,0,0,,Apple,iPhone14,2024-11-17 07:06:18.871000,ios,0.02737475490570068,0.01593104743957519,1,412d80b2-1234-46e3-b683-df4a67d01e20,367,18,624219b2-cce8-4f93-9dec-5eb276d0b616,2024-11-13 02:51:21.483000,v1.10 - Skipits - New Users,Skipits - High Prices
IN,2024-11-17T07:06:28.000Z,,0,21,0,0,com.android.vending,Xiaomi,2201116PI,2024-11-17 07:06:37.784000,android,0.002593407392501831,0.002593407392501831,0,0fe280f8-bccf-45aa-9384-dc9c46bd2300,665,1,d70f0615-5fa5-4831-9b88-1ffcddde5d72,2024-11-17 07:06:37.784000,v1.10 - Skipits - New Users,Skipits - High Prices
TR,2024-11-16T17:37:26.000Z,0.013313584640240878,6,29,0,0,com.android.vending,Xiaomi,22101316G,2024-11-17 07:06:44.119000,android,0.013313584640240878,,0,849d23aa-60b8-441a-beac-c3eb2391f7c7,1301,2,1307d0e7-cac1-49e1-9457-5646dfdf3735,2024-11-16 17:37:33.052000,v1.10 - Skipits - New Users,Skipits - High Prices
JP,2024-11-16T00:59:28.000Z,,0,24,0,0,,Apple,iPhone11Pro,2024-11-17 07:09:37.892000,ios,0.005822891476190477,0.005822891476190477,1,baeb075a-398f-4297-883c-dd008be05e08,1082,9,f92245fc-64ae-43eb-bd84-6c5443ff662f,2024-11-16 00:59:36.070000,v1.10 - Skipits - New Users,Control
US,2024-11-13T19:12:06.000Z,,0,1,0,0,,Apple,iPhone15Plus,2024-11-17 07:10:38.102000,ios,0,,0,3baed893-0245-49aa-b14f-dcecc88ec3ec,30,9,3be3345b-c9c8-4f80-b8f9-44fe622a0533,2024-11-13 19:12:13.915000,v1.10 - Skipits - New Users,Skipits - Middle Prices
US,2024-09-25T23:10:19.000Z,,0,1,0,0,,Apple,iPhone13Pro,2024-11-17 07:10:47.898000,ios,0.008653799115759989,0.008653799115759989,0,9ebb4095-5741-4488-ad6e-c7803e1607b3,122,272,d7d60ab5-aada-4816-becf-cb82631194d6,2024-11-10 21:17:16.619000,v1.10 - Skipits - Existing Users,Control
PL,2024-11-11T16:55:12.000Z,0.0019389239999999999,2,11,0,0,com.android.vending,Xiaomi,Redmi Note 8 Pro,2024-11-17 07:14:05.478000,android,0.004002733523809524,0.002063809523809524,1,785a8408-b0cd-4564-9326-c357bcc22a68,487,15,f6dd6e65-60df-4559-bcf0-935e8467029b,2024-11-11 16:55:20.861000,v1.10 - Skipits - New Users,Control
KR,2024-11-17T02:51:45.000Z,0.03000336555644762,5,39,0,0,com.android.vending,samsung,SM-S908N,2024-11-17 07:15:06.816000,android,0.18353079544380885,0.15352742988736123,10,0b50adad-4450-48cf-ae55-02f5146df08e,2407,7,5b1fe368-22bf-4d07-a334-cc3cb08a3f56,2024-11-17 02:51:54.698000,v1.10 - Skipits - New Users,Skipits - Middle Prices
KR,2024-10-23T02:12:54.000Z,,0,0,0,0,com.android.vending,samsung,SM-G981N,2024-11-17 07:17:41.243000,android,0.02088429641723633,0.02088429641723633,2,03756ffb-abe6-4875-8df2-db05e6672d99,107,250,767dbbdc-b648-42cd-a20b-f0d3a8d70e69,2024-11-09 21:31:49.617000,v1.10 - Skipits - Existing Users,Control
AU,2024-11-17T07:20:23.000Z,,0,24,0,0,com.android.vending,samsung,SM-G965F,2024-11-17 07:20:32.970000,android,0.27434320300000004,0.27434320300000004,2,906580d3-bf2c-4775-a02e-0ee0add3c37c,1168,1,27acfd4b-2cbc-48e5-9cdc-4122da1512ca,2024-11-17 07:20:32.970000,v1.10 - Skipits - New Users,Control
NO,2024-10-21T13:40:22.000Z,0.001855272,1,11,0,0,com.android.vending,Google,Pixel 4a,2024-11-17 07:21:17.878000,android,0.01326544063999939,0.01141016863999939,4,9c5bf0cb-972b-4ad0-a7b0-4b2c2bfed98f,639,165,1feed1aa-c38f-443a-886b-d36274fac32d,2024-11-08 22:39:35.013000,v1.10 - Skipits - Existing Users,Skipits - Middle Prices
TW,2024-10-23T05:44:36.000Z,0.3933138860766764,16,42,0,0,,Apple,iPhone14ProMax,2024-11-17 07:25:17.144000,ios,0.3933138860766764,,0,e8c91148-2fa7-48cb-9688-048c3ca867b5,1851,168,1a616591-d14c-4827-927d-5b24581252a8,2024-11-09 03:41:20.046000,v1.10 - Skipits - Existing Users,Skipits - Middle Prices
CY,2024-11-17T07:26:35.000Z,,0,9,0,0,com.android.vending,TECNO,TECNO BG6,2024-11-17 07:26:44.227000,android,0,,0,51b16e15-3003-483d-acd8-a8918f71c105,205,1,f2d86616-6f39-46f6-846b-7933fd3e0f53,2024-11-17 07:26:44.227000,v1.10 - Skipits - New Users,Skipits - Middle Prices
JP,2024-08-13T04:10:26.000Z,0.0206591243476,2,15,0,0,com.android.vending,samsung,SC-51E,2024-11-17 07:27:48.799000,android,0.0823394653347,0.061680340987100006,4,1f379603-c92b-4164-a0ca-5b7ebc72c32a,880,33,8f8f4083-f658-4803-afe2-58f9f4807072,2024-11-16 23:39:43.672000,v1.10 - Skipits - Existing Users,Skipits - Middle Prices
KR,2024-10-29T15:14:42.000Z,0.002958051,1,9,0,0,com.android.vending,samsung,SM-N976N,2024-11-17 07:28:04.943000,android,0.002958051,,0,af7b3299-452b-4088-962d-e8f93d10d55c,376,135,04a693c0-f639-4e18-8511-e6beebb189e8,2024-11-08 06:10:12.482000,v1.10 - Skipits - Existing Users,Skipits - High Prices
IN,2024-11-14T12:49:35.000Z,,0,1,0,0,com.android.vending,OPPO,CPH2603,2024-11-17 07:28:52.369000,android,0,,0,65932913-7a2a-47d9-87cc-2e88843c794f,45,3,d1819b43-0f7d-4237-988c-bedef3b95462,2024-11-14 12:49:43.608000,v1.10 - Skipits - New Users,Skipits - Middle Prices
IN,2024-09-20T18:01:46.000Z,0.0021794407297626296,3,22,0,0,com.android.vending,motorola,motorola edge 40,2024-11-17 07:29:38.312000,android,0.005082542915731029,0.002903102185968399,5,168317fb-610b-4d3e-a4e1-130e396e7030,963,113,3a65f7f7-45f6-4dbc-aeba-9b7e9cec0ec9,2024-11-07 20:58:16.545000,v1.10 - Skipits - Existing Users,Skipits - High Prices
ZZ,2024-09-19T19:19:10.000Z,0.00115,0,3,0,0,com.android.vending,vivo,V2201,2024-11-17 07:31:27.302000,android,0.00115,,0,caa0e480-13cf-49ae-9424-1754ece45eba,187,35,cf3eefa8-187a-404f-9720-288ee9a1462d,2024-11-10 22:37:14.564000,v1.10 - Skipits - Existing Users,Skipits - High Prices
ZA,2024-11-09T05:55:13.000Z,,0,0,0,0,,Apple,iPhone13Pro,2024-11-17 07:32:45.396000,ios,0,,0,8141f3f3-7116-47bd-998e-f4a09e825dd5,31,19,eb9a1aa8-3082-43fb-9487-37dfec820e45,2024-11-19 08:46:18.378000,v1.10 - Skipits - New Users,Skipits - Middle Prices
ZA,2024-11-09T05:55:13.000Z,,0,0,0,0,,Apple,iPhone13Pro,2024-11-17 07:32:45.396000,ios,0,,0,8141f3f3-7116-47bd-998e-f4a09e825dd5,31,19,eb9a1aa8-3082-43fb-9487-37dfec820e45,2024-11-09 05:55:20.580000,v1.10 - Skipits - New Users,Skipits - Middle Prices
HK,2024-11-08T01:39:37.000Z,,0,10,0,0,,Apple,iPhone15ProMax,2024-11-17 07:32:50.579000,ios,0.6410261840820313,0.6410261840820313,2,667a7e82-9f84-4252-a5f3-f5d357fc2a61,521,65,ee12710b-5257-4b29-8934-e0fb2fe41aa9,2024-11-08 10:50:32.878000,v1.10 - Skipits - Existing Users,Control
IN,2024-10-18T14:32:35.000Z,0.001487899,2,16,0,0,com.android.vending,samsung,SM-X210,2024-11-17 07:36:26.921000,android,0.003140019,0.00165212,1,888cd5d1-e09e-4470-a30c-371befd03275,569,11,d8455580-acd3-484e-a6de-7d2d4142c6d1,2024-11-17 05:16:03.166000,v1.10 - Skipits - Existing Users,Skipits - High Prices
US,2024-11-17T07:36:28.000Z,0.09376684570312502,2,44,0,0,,Apple,iPhone14,2024-11-17 07:36:34.416000,ios,0.16310933685302734,0.06934249114990232,1,805080b8-110f-46f4-b0a3-f23b1b9692ab,2002,1,cc0fa67d-4fd1-4b52-a85d-9cf16b1bde40,2024-11-17 07:36:34.416000,v1.10 - Skipits - New Users,Skipits - High Prices
CA,2024-10-27T01:35:37.000Z,0.12785467133613446,8,37,0,0,,Apple,iPhone8,2024-11-17 07:37:09.826000,ios,0.12785467133613446,,0,48b801dc-b912-4d06-ab2d-b11754f134dc,1709,59,4d66379f-7e72-40ea-955c-9c3b1d95fd18,2024-11-09 05:05:29.912000,v1.10 - Skipits - Existing Users,Control
JP,2024-10-18T22:04:28.000Z,0.037596141975096385,9,31,0,0,,Apple,iPhone11,2024-11-17 07:37:32.656000,ios,0.07634140009632692,0.038745258121230544,8,f1b3287c-4d07-4bbd-96dd-e0d6e20414ca,1833,60,1a5ccd20-c435-43b5-abbf-4cdfee5e6a8d,2024-11-09 15:12:40.442000,v1.10 - Skipits - Existing Users,Skipits - Middle Prices
UA,2024-11-12T16:11:50.000Z,0.001072085,1,14,0,0,com.android.vending,Xiaomi,220333QNY,2024-11-17 07:40:14.743000,android,0.0030717599999999998,0.001999675,1,65a5b9cd-491d-4626-9edc-97f99718a20a,662,13,71e8f61e-822f-441f-99e3-171f6843a0a0,2024-11-12 16:11:57.518000,v1.10 - Skipits - Existing Users,Skipits - High Prices
JP,2024-11-16T14:15:55.000Z,0.05133864000990278,9,68,0,0,,Apple,iPhone15,2024-11-17 07:41:21.357000,ios,0.18610782914310475,0.13476918913320196,25,2a579c8c-87cb-4da0-a568-7762d3b69e9c,3916,3,635ee917-1f43-47fb-9d62-decf5e1bbf47,2024-11-16 14:16:02.834000,v1.10 - Skipits - New Users,Control
BR,2024-11-17T07:41:31.000Z,,0,20,0,0,com.android.vending,samsung,SM-S918B,2024-11-17 07:41:39.146000,android,0.008293246,0.008293246,1,a24f74a0-4bf3-4e98-beba-d93aaddfb5f6,757,1,b324987c-efde-46fa-b07e-6a3fab92018b,2024-11-17 07:41:39.146000,v1.10 - Skipits - New Users,Control
US,2024-07-09T22:28:44.000Z,,0,0,0,0,,Apple,iPhone15ProMax,2024-11-17 07:43:05.159000,ios,0,,0,940fec41-41bc-44e8-91e2-86051c78d34e,30,315,92c14e8a-f2f9-4e1e-838e-aeda2c37f732,2024-11-10 19:59:12.422000,v1.10 - Skipits - Existing Users,Control
JP,2024-11-08T02:23:11.000Z,,0,15,0,0,,Apple,iPhone12,2024-11-17 07:47:34.070000,ios,0,,0,820166bd-131c-434a-bd75-f3e3e0f2e824,424,88,3f4bc498-5f1d-4bef-b0ba-d5a83ed0152e,2024-11-08 02:23:19.439000,v1.10 - Skipits - New Users,Control
PL,2024-10-13T12:11:14.000Z,0.007607688723082395,2,16,0,0,com.android.vending,realme,RMX3269,2024-11-17 07:53:14.620000,android,0.06034796556425364,0.052740276841171246,4,31df812d-d60d-4a28-b02c-943411322011,848,90,3524a095-efc7-479f-9493-eb4b4e00ba66,2024-11-11 06:27:21.959000,v1.10 - Skipits - Existing Users,Skipits - High Prices
US,2024-09-06T19:48:40.000Z,0.08187988259530009,8,42,0,0,,Apple,iPhone14,2024-11-17 07:54:37.811000,ios,0.10960575749611796,0.02772587490081788,2,95476020-30aa-457a-8545-ab38c8c86aa7,2036,216,5033db3d-0bda-492b-9c5a-805f360a258e,2024-11-08 16:43:14.399000,v1.10 - Skipits - Existing Users,Control
JP,2024-10-31T05:26:30.000Z,0.046287178032165845,16,98,0,0,,Apple,iPhone13,2024-11-17 07:55:47.071000,ios,0.1330267287595265,0.08673955072736068,26,5273adf4-cda9-43d2-939e-1c2e321bd69a,5224,89,f27d4366-43ba-4982-b73f-e8a919ee3d6c,2024-11-09 22:12:32.153000,v1.10 - Skipits - Existing Users,Control
IN,2024-11-12T08:16:04.000Z,,0,5,0,0,com.android.vending,realme,RMX2001,2024-11-17 07:57:02.310000,android,0.0005095238095238095,0.0005095238095238095,0,ad050dbf-786d-4832-8326-4ff44430656f,189,49,f1655f2e-d0d9-4e4b-bcbf-e48daa57de0a,2024-11-12 08:16:13.563000,v1.10 - Skipits - New Users,Control
US,2024-11-16T20:30:12.000Z,0.06334724261904762,5,11,0,0,com.android.vending,Wingtech,Celero5G,2024-11-17 08:01:07.604000,android,0.12115925148585609,0.05781200886680847,2,58bf571f-d183-4a47-b64d-647cc9334e9c,821,55,6e69911f-ebba-418c-92a5-4738b7921313,2024-11-16 20:30:22.280000,v1.10 - Skipits - New Users,Control
TH,2024-11-10T09:07:33.000Z,,0,9,0,0,com.android.vending,Xiaomi,23078PND5G,2024-11-17 08:01:33.062000,android,0.014060164865379332,0.014060164865379332,3,1062571e-9122-4621-b34b-b5909ad946d6,462,27,99200de6-7e26-4e28-824a-7c6087cf7219,2024-11-13 12:50:15.687000,v1.10 - Skipits - Existing Users,Skipits - High Prices
MX,2024-11-14T11:20:35.000Z,0.0024693055224,1,30,0,0,com.android.vending,motorola,moto g34 5G,2024-11-17 08:07:41.158000,android,0.13230865547495682,0.12983934995255683,23,829d35f4-4f42-4b09-932b-d76bb63eb88d,3562,24,32f73fa8-b132-4bc8-bdb7-2c81a3c83c55,2024-11-14 11:20:44.306000,v1.10 - Skipits - New Users,Skipits - High Prices
TW,2024-11-13T13:55:04.000Z,,0,1,0,0,com.android.vending,samsung,SM-S9280,2024-11-17 08:09:13.722000,android,0,,1,fb9bab58-b61e-41b9-ad8a-ae77fc3191cf,16,18,3f28c3e1-9131-4f2e-9947-3eef5980ec2c,2024-11-13 13:55:11.463000,v1.10 - Skipits - New Users,Skipits - High Prices
JP,2024-09-28T07:11:55.000Z,,0,15,0,0,,Apple,iPhone14,2024-11-17 08:09:28.075000,ios,0.03311925502360107,0.03311925502360107,4,42a938d2-2488-4a10-acb8-119acc8765a8,666,142,628cf474-da39-4b8c-ba9c-53b1c47f95e5,2024-11-10 19:30:49.793000,v1.10 - Skipits - Existing Users,Control
JP,2024-11-06T06:27:39.000Z,,0,0,0,0,com.android.vending,OPPO,CPH2603,2024-11-17 08:11:22.330000,android,0.0029926298591,0.0029926298591,1,732dfc19-4055-4f90-a094-a0c9f0fc8bd4,3,244,9b52eed6-f6c4-40f1-b513-f6d7d1cedb57,2024-11-08 22:45:26.400000,v1.10 - Skipits - Existing Users,Skipits - Middle Prices
TW,2024-11-16T08:12:12.000Z,0.016330772,2,10,0,0,,Apple,iPhone13,2024-11-17 08:12:15.882000,ios,0.04603733213488769,0.02970656013488769,1,42dd2837-a501-446e-9fc3-0d7cd2913ce5,366,6,99f76856-63ba-42c9-a2a1-9782d583bb36,2024-11-16 08:12:20.660000,v1.10 - Skipits - New Users,Control
CA,2024-08-23T03:39:21.000Z,,0,22,0,0,,Apple,iPhone13Pro,2024-11-17 08:13:20.276000,ios,0,,0,aaeaf0c3-2364-409d-9659-457a66d6767c,1162,141,08e7bcb7-21aa-49e9-ac7b-36c92af2c470,2024-11-14 18:27:34.356000,v1.10 - Skipits - Existing Users,Skipits - Middle Prices
DE,2024-10-14T13:37:08.000Z,0.0012839341163635254,1,2,0,0,com.android.vending,samsung,SM-A556B,2024-11-17 08:13:35.075000,android,0.0012839341163635254,,0,3d5be0e3-4696-40da-8ec4-96942b7dc701,82,40,221e9fc3-72f1-48c6-bdd2-27fc881afe5d,2024-11-10 07:55:21.619000,v1.10 - Skipits - Existing Users,Skipits - High Prices
US,2024-09-21T04:50:06.000Z,,0,5,0,0,com.android.vending,samsung,SM-A536U,2024-11-17 08:14:44.951000,android,0.04617530886680847,0.04617530886680847,1,5ca9fccc-a7b6-4af2-8dbb-ba3fd3e94c9e,287,308,4e21dfdc-a7fb-4825-934a-0683b4044b86,2024-11-07 02:05:50.657000,v1.10 - Skipits - Existing Users,Skipits - High Prices
GE,2024-10-18T18:03:14.000Z,0.0036806172051,2,34,0,0,,Apple,iPhone15Plus,2024-11-17 08:17:31.891000,ios,0.04511206133504385,0.041431444129943845,4,d2e036ee-ad21-489b-b7f2-9bec90c6c7aa,1122,64,47f4a842-1e44-4881-8b1a-20a3ebc30d8d,2024-11-12 07:49:10.123000,v1.10 - Skipits - Existing Users,Skipits - High Prices
UA,2024-10-24T11:03:33.000Z,,0,3,0,0,com.android.vending,Xiaomi,M2103K19G,2024-11-17 08:17:53.768000,android,0,,0,2ba0d21b-8833-42c7-a198-fc0754564886,138,112,9c1e8524-6c24-49a9-be84-472461651186,2024-11-10 19:03:42.363000,v1.10 - Skipits - Existing Users,Skipits - High Prices
EG,2024-10-27T06:41:59.000Z,,0,9,0,0,com.android.vending,realme,RMX3269,2024-11-17 08:17:58.492000,android,0,,0,8573079b-0734-4f0b-8140-d9cdadf65462,360,33,18cbaa79-e3a8-4a28-bb9b-402ebfc67d68,2024-11-15 16:44:31.353000,v1.10 - Skipits - Existing Users,Skipits - Middle Prices
EG,2024-10-27T06:41:59.000Z,,0,0,0,0,com.android.vending,realme,RMX3269,2024-11-17 08:17:58.698000,android,0,,0,b48d4d16-61bd-439f-90e1-0f5d7c864783,120,35,18cbaa79-e3a8-4a28-bb9b-402ebfc67d68,2024-11-15 16:44:31.353000,v1.10 - Skipits - Existing Users,Skipits - Middle Prices
EG,2024-10-27T06:41:59.000Z,,0,11,0,0,com.android.vending,realme,RMX3269,2024-11-17 08:17:58.717000,android,0,,0,15e44eba-bece-4d4b-bf6b-ab50b0ce53ad,34,36,18cbaa79-e3a8-4a28-bb9b-402ebfc67d68,2024-11-15 16:44:31.353000,v1.10 - Skipits - Existing Users,Skipits - Middle Prices
DE,2024-10-05T09:18:35.000Z,0.03479338344165802,19,125,0,0,com.android.vending,samsung,SM-A546B,2024-11-17 08:18:21.821000,android,0.03479338344165802,,0,463aac69-9a63-4c84-a783-009bb86dc72e,4703,130,e38203c7-ccb7-4df2-99e6-234f73ef6f65,2024-11-08 08:47:47.677000,v1.10 - Skipits - Existing Users,Skipits - High Prices
NZ,2024-11-10T10:17:14.000Z,,0,1,0,0,com.android.vending,samsung,SM-N975F,2024-11-17 08:18:39.118000,android,0.01010924883229392,0.01010924883229392,1,6a2680f9-fb42-4131-b95e-97082ab8b227,60,30,ab882ef7-d509-4e39-845e-e06abda7fc3c,2024-11-10 10:17:21.653000,v1.10 - Skipits - New Users,Skipits - Middle Prices
DZ,2024-11-02T19:22:50.000Z,0.0008885115221568516,4,37,0,0,com.android.vending,samsung,SM-A307GN,2024-11-17 08:18:52.389000,android,0.0050434870969865335,0.004154975574829681,7,b64903f3-79f2-4cd0-8dec-c118f2e34b56,2004,155,459f9510-1de2-4e8b-8981-a81c5a68aafd,2024-11-15 20:38:15.544000,v1.10 - Skipits - Existing Users,Control
JP,2024-11-17T08:20:27.000Z,,0,24,0,0,,Apple,iPhone13Mini,2024-11-17 08:20:36.240000,ios,0,,0,52615fac-1413-4ae7-a096-3fca27b035d4,742,1,4db34b0b-1044-4646-b305-040f4556d672,2024-11-17 08:20:36.240000,v1.10 - Skipits - New Users,Control
US,2024-11-16T20:30:12.000Z,0.020627371309523808,1,10,0,0,com.android.vending,Wingtech,Celero5G,2024-11-17 08:21:08.570000,android,0.11297798904314076,0.09235061773361694,1,5b16eab8-47e1-4cf6-bd6a-cfd1dbabaa80,658,57,6e69911f-ebba-418c-92a5-4738b7921313,2024-11-16 20:30:22.280000,v1.10 - Skipits - New Users,Control
IT,2024-10-25T06:53:06.000Z,0.023321394999999995,4,44,0,0,,Apple,iPhone15,2024-11-17 08:21:40.577000,ios,0.3154799224788288,0.29215852747882876,13,ac530460-0f79-45f8-8d81-a08c149d33bc,2454,136,1491b477-fafc-4cd1-bf6f-c45e890c799f,2024-11-11 18:02:57.316000,v1.10 - Skipits - Existing Users,Skipits - High Prices
RU,2024-11-13T09:36:00.000Z,0.02815221118927002,1,14,0,0,,Apple,iPhone12,2024-11-17 08:23:58.640000,ios,0.05132309627532959,0.02317088508605957,1,7e3cf8a1-1734-4362-bcb3-3829bce4d31b,702,24,76a577c7-6696-45be-8d9d-0ea711320b73,2024-11-13 09:36:11.248000,v1.10 - Skipits - New Users,Skipits - Middle Prices
ES,2024-10-11T13:34:06.000Z,,0,3,0,0,com.android.vending,DOOGEE,S100Pro,2024-11-17 08:25:16.434000,android,0.03325530990600586,0.03325530990600586,5,63e29978-524d-43ba-86dc-89ca949969ab,807,241,5ad6bd41-b662-4205-a6b7-2de7aaf4e159,2024-11-08 13:50:43.171000,v1.10 - Skipits - Existing Users,Skipits - Middle Prices
KR,2024-11-14T07:32:44.000Z,0.1100471370545,5,55,0,0,com.android.vending,samsung,SM-A536N,2024-11-17 08:26:52.163000,android,0.7913005966162725,0.6812534595617725,16,4701fa72-20bc-4afb-8c67-c91676e77228,3051,7,f6ea6f6e-7a86-4d74-a254-f83ca768cbf7,2024-11-14 07:32:57.727000,v1.10 - Skipits - New Users,Control
US,2024-11-02T13:12:34.000Z,,0,1,0,0,com.android.vending,Google,Pixel 9 Pro XL,2024-11-17 08:29:47.284000,android,0,,0,0c3a997c-623d-4e3e-ae46-813b30e80d80,91,11,e3438600-c023-4638-887a-3b76fb5cd110,2024-11-09 19:29:20.220000,v1.10 - Skipits - Existing Users,Skipits - High Prices
KR,2024-11-09T05:12:04.000Z,0.026668974750867935,4,9,0,0,,Apple,iPhone13Mini,2024-11-17 08:30:13.869000,ios,0.04374190088976978,0.017072926138901847,1,a1678c0e-7f95-4472-b913-4beef52d8ec0,551,67,41ad9470-8586-4eb8-8448-1a076957b28f,2024-11-09 06:33:28.346000,v1.10 - Skipits - New Users,Skipits - High Prices
MX,2024-11-01T10:44:53.000Z,,0,0,0,0,com.android.vending,HONOR,VNE-LX3,2024-11-17 08:31:06.538000,android,0,,0,37be0cfa-db77-4014-a999-233a508c3d4f,13,27,e1de4e70-addc-4e94-9a68-355c00aa2f8f,2024-11-14 14:24:01.496000,v1.10 - Skipits - Existing Users,Control
US,2024-11-16T20:30:12.000Z,0.005108266,0,2,0,0,com.android.vending,Wingtech,Celero5G,2024-11-17 08:32:36.894000,android,0.005108266,,0,abad7896-ed15-4f7d-894e-7cccf52b04ad,191,58,6e69911f-ebba-418c-92a5-4738b7921313,2024-11-16 20:30:22.280000,v1.10 - Skipits - New Users,Control
RU,2024-11-17T08:32:42.000Z,,0,5,0,0,,Apple,iPhone14,2024-11-17 08:32:49.110000,ios,0,,0,7301cf53-d31d-4347-b3bc-d9b9c1182345,123,1,84c74d69-800f-460b-8829-a11953051b83,2024-11-17 08:32:49.110000,v1.10 - Skipits - New Users,Skipits - High Prices
US,2024-09-17T10:17:45.000Z,0.07008,0,6,0,0,com.android.vending,Google,Pixel 8a,2024-11-17 08:33:29.936000,android,0.07008,,0,145a5285-257d-40fe-bb50-b45807f7a410,197,16,18ea5b1e-5844-433f-a6bd-923acd16d193,2024-11-12 11:50:33.713000,v1.10 - Skipits - Existing Users,Skipits - High Prices
VN,2024-10-19T05:35:14.000Z,0.008119898875482692,6,48,0,0,com.android.vending,samsung,SM-F916B,2024-11-17 08:33:57.873000,android,0.029588600625482693,0.02146870175,4,a94e6661-1016-404c-a239-5a30d1000fca,1844,12,67ce9769-ddec-4b8a-9cf7-d2a38f7518f1,2024-11-10 13:44:28.887000,v1.10 - Skipits - Existing Users,Control
SA,2024-11-16T07:42:18.000Z,0.023094569545000002,4,40,0,0,com.android.vending,HUAWEI,VOG-L29,2024-11-17 08:35:15.242000,android,0.398124796854178,0.375030227309178,30,e5e8a0cc-d6f4-4f4a-8aee-58cab94c784d,2950,18,a1a4c4f7-8c9d-4c1d-a39f-656633fcc5c9,2024-11-17 08:35:12.312000,v1.10 - Skipits - Existing Users,Control
DO,2024-11-10T19:37:42.000Z,0.002,1,14,0,0,,Apple,iPhoneXS,2024-11-17 08:36:12.116000,ios,0.01385884651194654,0.01185884651194654,5,eaefba8f-a9d1-487a-9531-7bb7e8769a8d,871,9,4856002e-3479-4afd-b3e6-c2b19a6f1f4f,2024-11-10 19:37:49.101000,v1.10 - Skipits - New Users,Skipits - High Prices
ID,2024-11-17T05:39:30.000Z,0.013548985486295075,13,79,0,0,com.android.vending,Xiaomi,M2102J20SG,2024-11-17 08:36:33.924000,android,0.016406192784573885,0.0028572072982788093,2,08deef18-92e3-4abe-9c20-a5f47ae9c5e3,2636,3,ef9ad03d-59c8-45b1-a130-13a0b626abb9,2024-11-17 05:39:38.297000,v1.10 - Skipits - New Users,Skipits - Middle Prices
US,2024-11-05T02:54:08.000Z,0.01887,0,9,0,0,com.android.vending,samsung,SM-S908U,2024-11-17 08:40:05.219000,android,0.13305741948804248,0.11418741948804248,4,ebb58acc-44e9-4385-b7c1-facd1e7c3af6,525,112,51b9ce85-027f-44fb-8c1c-c4c3a5811bae,2024-11-08 20:49:05.099000,v1.10 - Skipits - Existing Users,Skipits - High Prices
FR,2024-09-15T10:23:19.000Z,,0,30,0,0,com.android.vending,Xiaomi,M2102J20SG,2024-11-17 08:40:12.732000,android,0,,0,8a8a1bf7-f75f-42ad-8688-20ea14d3b4f6,1002,163,723e19b3-79d9-411d-82e6-7badc972deaa,2024-11-10 06:54:48.792000,v1.10 - Skipits - Existing Users,Skipits - High Prices
KR,2024-11-09T07:13:15.000Z,,0,6,0,0,,Apple,iPadPro11Inch2Gen,2024-11-17 08:42:55.054000,ios,0.011018245697021485,0.011018245697021485,3,1a9356f5-a1ee-4b93-b532-466b4b26aa72,305,85,a68e0d18-f878-4380-a98b-ac9704221b2d,2024-11-09 07:13:23.653000,v1.10 - Skipits - New Users,Control
JP,2024-11-01T23:29:59.000Z,,0,0,0,0,,Apple,iPhone14Pro,2024-11-17 08:43:18.623000,ios,0.005574450492858885,0.005574450492858885,1,e2bae52c-909b-4489-b45f-a7c708a976df,1,252,f4aa9374-f94f-4f1b-9672-d7761c61c88e,2024-11-10 22:36:26.380000,v1.10 - Skipits - Existing Users,Skipits - High Prices
IL,2024-10-18T19:42:10.000Z,,0,0,0,0,com.android.vending,samsung,SM-A736B,2024-11-17 08:43:36.492000,android,0,,0,acd96462-bc00-4faa-ada2-b282b1bb243a,60,156,1b14aac0-64f9-4eea-b081-caaf374c1fc4,2024-11-10 07:04:14.672000,v1.10 - Skipits - Existing Users,Skipits - Middle Prices
TH,2024-09-20T12:44:35.000Z,0.016985101846337104,7,0,0,0,com.android.vending,Xiaomi,POCO F2 Pro,2024-11-17 08:44:44.831000,android,0.016985101846337104,,0,a3da184c-6295-4bc6-b9f5-08e12e51f108,109,470,806b68c0-2eb6-499b-acf6-b533f372a6e4,2024-11-13 00:23:30.261000,v1.10 - Skipits - Existing Users,Control
RU,2024-11-16T15:43:19.000Z,,0,5,0,0,,Apple,iPhone11,2024-11-17 08:46:20.648000,ios,0,,0,5ad988f2-705f-4dff-9ad7-efad320338af,130,10,532d4711-45fb-430e-8c2b-10a713d25054,2024-11-16 15:40:45.059000,v1.10 - Skipits - New Users,Skipits - High Prices
JP,2024-09-02T15:22:58.000Z,,0,0,0,0,,Apple,iPhone15,2024-11-17 08:48:08.785000,ios,0,,0,9285f9e8-5055-451f-955e-e67bdaa3de51,90,123,63aa3ed1-9a65-48c3-afd6-765af347bf5f,2024-11-09 10:49:12.074000,v1.10 - Skipits - Existing Users,Skipits - High Prices
HK,2024-11-08T01:39:37.000Z,,0,6,0,0,,Apple,iPhone15ProMax,2024-11-17 08:49:27.952000,ios,0.7978890600585938,0.7978890600585938,2,5fa05528-8180-4317-89b3-c65fd82cb367,288,69,ee12710b-5257-4b29-8934-e0fb2fe41aa9,2024-11-08 10:50:32.878000,v1.10 - Skipits - Existing Users,Control
PK,2024-07-27T10:47:07.000Z,0.00015,1,14,0,0,com.android.vending,samsung,SM-A325F,2024-11-17 08:55:03.480000,android,0.00015,,0,3128fff2-855d-4f16-869d-d34ed7b072e8,780,62,262906a3-9c9e-4b48-9a50-f3d78cf34ce3,2024-11-10 18:47:01.955000,v1.10 - Skipits - Existing Users,Control
JP,2024-11-01T23:29:59.000Z,,0,0,0,0,,Apple,iPhone14Pro,2024-11-17 08:56:59.094000,ios,0.005616826057434082,0.005616826057434082,2,0d9e0642-7aff-4f32-9bdc-1ff7ffb3153a,115,253,f4aa9374-f94f-4f1b-9672-d7761c61c88e,2024-11-10 22:36:26.380000,v1.10 - Skipits - Existing Users,Skipits - High Prices
KR,2024-11-15T08:00:40.000Z,0.008561836,1,10,0,0,com.android.vending,samsung,SM-G991N,2024-11-17 08:57:59.988000,android,0.055812978,0.047251141999999996,3,5999c70c-2c26-46ea-967e-82ec6b0f3fe4,569,12,3442d851-9b77-4213-9558-10e11fb1aeda,2024-11-15 08:00:48.372000,v1.10 - Skipits - New Users,Skipits - Middle Prices
FR,2024-09-24T13:13:10.000Z,,0,15,0,0,com.android.vending,samsung,SM-S928B,2024-11-17 08:58:40.642000,android,0,,0,cd253e85-1978-42ee-8e8d-626ca4aeb046,709,74,a6707fa7-ce51-4f16-b6cc-d728f93a4b62,2024-11-17 07:41:58.519000,v1.10 - Skipits - Existing Users,Control
ID,2024-11-16T21:27:50.000Z,0.0038724142268,1,13,0,0,com.android.vending,Xiaomi,Redmi Note 8 Pro,2024-11-17 08:59:13.352000,android,0.0038724142268,,0,bde0a2bb-055d-4364-8e7b-e11f6019af20,482,7,8e2cc1bb-6dae-4765-9adb-ed31c479946c,2024-11-16 21:27:59.630000,v1.10 - Skipits - New Users,Skipits - High Prices
KR,2024-11-09T05:12:04.000Z,0.014637265541185654,3,24,0,0,,Apple,iPhone13Mini,2024-11-17 08:59:14.824000,ios,0.050959952500502725,0.03632268695931707,6,666dc8a6-c239-40df-88d3-fc3f1f4e9225,1409,69,41ad9470-8586-4eb8-8448-1a076957b28f,2024-11-09 06:33:28.346000,v1.10 - Skipits - New Users,Skipits - High Prices
KR,2024-11-10T06:34:40.000Z,0.003365714285714286,1,3,0,0,,Apple,iPhone15Pro,2024-11-17 08:59:57.772000,ios,0.003365714285714286,,0,0cd88758-7b1b-45a1-8c58-5cfa30d46041,171,80,bbb58afa-bd4b-409b-9457-b423ede65949,2024-11-10 06:34:47.974000,v1.10 - Skipits - New Users,Control
AE,2024-10-20T14:09:10.000Z,,0,6,0,0,com.android.vending,INFINIX,Infinix X6850,2024-11-17 09:00:47.101000,android,0,,0,92b798ba-089c-4172-9f68-c8db99d45ac5,206,57,c3c58ef8-ae1e-43e6-b69b-fec80d65b273,2024-11-09 08:36:38.482000,v1.10 - Skipits - Existing Users,Skipits - High Prices
AE,2024-10-20T14:09:10.000Z,,0,0,0,0,com.android.vending,INFINIX,Infinix X6850,2024-11-17 09:00:53.148000,android,0,,0,6bda1c77-9a7d-45f6-8a00-bf3f3ed79ffd,0,66,c3c58ef8-ae1e-43e6-b69b-fec80d65b273,2024-11-09 08:36:38.482000,v1.10 - Skipits - Existing Users,Skipits - High Prices
AE,2024-10-20T14:09:10.000Z,,0,48,0,0,com.android.vending,INFINIX,Infinix X6850,2024-11-17 09:00:53.617000,android,0,,0,75b698a9-74d6-42fc-935c-f08b97e39de9,1832,69,c3c58ef8-ae1e-43e6-b69b-fec80d65b273,2024-11-09 08:36:38.482000,v1.10 - Skipits - Existing Users,Skipits - High Prices
MX,2024-11-03T20:24:16.000Z,0.008860897,2,14,0,0,com.android.vending,ZTE,NX724J,2024-11-17 09:01:15.233000,android,0.008860897,,0,50141151-0e25-4307-a8ed-eb3ec7f5f460,500,9,bab286ac-c4e7-4ca8-9c93-36196b735c62,2024-11-12 04:33:26.608000,v1.10 - Skipits - Existing Users,Skipits - High Prices
US,2024-03-25T08:29:56.000Z,,0,3,0,0,,Apple,iPhone14ProMax,2024-11-17 09:01:36.299000,ios,0.06557706451416019,0.06557706451416019,1,90358ae0-31ab-415c-a8cf-76c432a5021d,142,196,4dd34238-2cd5-4a47-9e16-7177ba102a73,2024-11-14 11:08:19.414000,v1.10 - Skipits - Existing Users,Skipits - Middle Prices
GB,2024-09-04T14:30:26.000Z,,0,0,0,0,com.android.vending,samsung,SM-G991B,2024-11-17 09:01:55.278000,android,0,,0,1312e7ed-2191-420b-b908-cca52b86300b,0,210,1842a4c4-1ba6-4bf2-b527-5dd515d26472,2024-11-09 12:07:43.473000,v1.10 - Skipits - Existing Users,Skipits - Middle Prices
TH,2024-09-18T08:19:51.000Z,0.06577695989912485,8,25,0,0,,Apple,iPhone12,2024-11-17 09:02:18.372000,ios,0.06577695989912485,,0,fb925725-38cd-4456-a8d1-9bbef40911d6,3309,116,8f75a782-b778-4cc3-bdb2-ec1427946e78,2024-11-08 07:33:38.278000,v1.10 - Skipits - Existing Users,Skipits - Middle Prices
DE,2024-09-27T07:45:31.000Z,,0,0,0,0,com.android.vending,Google,Pixel 7a,2024-11-17 09:02:42.105000,android,0,,0,743efe74-3aa9-4f74-b636-b18616e8f772,81,195,ec152dd9-b702-4fa5-b09f-db6f6d587344,2024-11-09 08:42:36.089000,v1.10 - Skipits - Existing Users,Skipits - High Prices
PH,2024-10-08T19:33:49.000Z,0.0022169584179,1,5,0,0,com.android.vending,realme,RMX3710,2024-11-17 09:03:42.315000,android,0.0022169584179,,0,7b6adb11-4da4-4c5b-915d-b85daee82668,538,31,bbcbd408-f4a4-41bb-b0a2-8430082ae3f5,2024-11-11 09:19:07.508000,v1.10 - Skipits - Existing Users,Skipits - High Prices
IN,2024-11-15T08:28:21.000Z,,0,5,0,0,com.android.vending,samsung,SM-M315F,2024-11-17 09:04:36.482000,android,0,,0,319e9ecb-d81f-4d0d-b451-a0beb9971aea,152,6,03bbf7a6-a995-4c12-ae46-6fae2448c27e,2024-11-15 08:28:31.749000,v1.10 - Skipits - New Users,Skipits - High Prices
NO,2024-10-12T14:54:27.000Z,,0,15,0,0,com.android.vending,Google,Pixel 6a,2024-11-17 09:08:00.649000,android,0,,0,b13d179e-ae8c-4a92-8c04-724d298f7b52,781,99,bbe36909-3a3c-4ff9-a0c4-c23357a495ac,2024-11-08 23:50:06.035000,v1.10 - Skipits - Existing Users,Skipits - Middle Prices
NL,2024-11-03T10:32:23.000Z,,0,25,0,0,com.android.vending,Google,Pixel 8a,2024-11-17 09:08:43.745000,android,0.0043099165288,0.0043099165288,2,7b472d02-7241-4099-bf4a-f5a8daac7df8,1068,76,29b9c5c6-ceb2-4175-b6e1-8f014bad7942,2024-11-10 19:34:17.209000,v1.10 - Skipits - Existing Users,Skipits - Middle Prices
US,2024-11-05T02:54:08.000Z,0.01157301,1,15,0,0,com.android.vending,samsung,SM-S908U,2024-11-17 09:09:00.923000,android,0.23198077952745372,0.22040776952745372,9,c4e44319-53ff-4682-9240-d167ae8f7caf,1213,114,51b9ce85-027f-44fb-8c1c-c4c3a5811bae,2024-11-08 20:49:05.099000,v1.10 - Skipits - Existing Users,Skipits - High Prices
US,2024-11-17T09:11:32.000Z,0.09959420776367188,0,25,0,0,,Apple,iPhone12ProMax,2024-11-17 09:11:39.746000,ios,0.09959420776367188,,0,be48a0e1-6585-4b1b-9ac2-176a33989c4f,716,1,144e862c-27c8-44a5-b271-b08b3eb782e8,2024-11-17 09:11:39.747000,v1.10 - Skipits - New Users,Skipits - Middle Prices
TR,2024-11-02T14:04:41.000Z,0.08468486913817488,7,52,0,0,,Apple,iPhone14ProMax,2024-11-17 09:15:46.110000,ios,0.17421759908812604,0.08953272994995116,4,ea949c5e-2a4d-4a73-af7f-67c1c3515ccd,2297,14,1cd06924-f6e2-4560-bb2d-1b6f158dd90b,2024-11-09 08:00:24.015000,v1.10 - Skipits - Existing Users,Control
GB,2024-10-17T13:41:50.000Z,0.007206666666666666,1,13,0,0,com.android.vending,Google,Pixel 7 Pro,2024-11-17 09:16:29.461000,android,0.039736752714285714,0.03253008604761905,2,05960111-1087-412c-88dc-73aa9b9ef178,541,186,71ee514c-6f8e-476d-86c9-b5a6c74f545c,2024-11-09 10:59:44.139000,v1.10 - Skipits - Existing Users,Control
US,2024-11-14T23:45:25.000Z,0.1219635937017564,13,96,0,0,com.android.vending,samsung,SM-F956U,2024-11-15 20:39:07.346000,android,0.17463810970175642,0.052674516,3,afe1c7b2-8745-4dc3-a3b1-dc5c25fa6e07,3662,3,9a42644d-c868-46db-8b8d-db88f376b2cf,2024-11-14 23:45:32.547000,v1.10 - Skipits - New Users,Control
US,2024-11-13T00:26:06.000Z,0.04328308496384393,2,8,0,0,,Apple,iPhone15Pro,2024-11-15 20:40:23.502000,ios,0.08751497496384393,0.044231889999999996,2,90bc1ea4-3c4c-4610-9c70-ccc484a7a011,330,24,8a108655-a5d5-4744-8fc3-613fe476e2ce,2024-11-13 00:26:12.805000,v1.10 - Skipits - New Users,Skipits - High Prices
KR,2024-11-10T17:04:57.000Z,0.1390628238095238,4,41,0,0,com.android.vending,samsung,SM-M336K,2024-11-15 20:41:17.587000,android,0.2098590142857143,0.07079619047619047,1,0afc3e89-cf83-44f6-9d04-4706661895a2,1477,3,69960b94-b105-4d5d-9453-c3bd37d29b36,2024-11-10 17:05:05.510000,v1.10 - Skipits - New Users,Skipits - Middle Prices
US,2024-10-27T16:46:52.000Z,,0,0,0,0,,Apple,iPhone11,2024-11-15 20:41:19.717000,ios,0,,0,1d656f06-d14e-48aa-a18e-6d9934c373b6,22,55,f9bf587d-d37a-4359-85b1-a295dd677b66,2024-11-09 19:26:11.868000,v1.10 - Skipits - Existing Users,Control
US,2024-11-14T00:31:51.000Z,,1,0,0,0,,Apple,iPhone13,2024-11-15 20:42:52.205000,ios,0,,0,979289cb-bb74-4e3d-8454-9839daf95cf9,85,8,ad85c89d-e599-4245-b381-d653087d48d6,2024-11-14 00:31:57.930000,v1.10 - Skipits - New Users,Control
US,2024-09-19T04:18:06.000Z,,0,0,0,0,com.android.vending,samsung,SM-F936U1,2024-11-15 20:45:11.950000,android,0,,0,f610f80e-d985-4468-ad89-4c258da34e46,541,68,62f9eb9d-a776-4a75-a0a6-160ac480622d,2024-11-08 22:29:47.065000,v1.10 - Skipits - Existing Users,Control
US,2024-10-07T17:34:10.000Z,0.008039999999999997,1,23,0,0,,Apple,iPhone12,2024-11-15 20:46:36.665000,ios,0.008039999999999997,,0,c9d89fb8-e69a-41f8-95ba-a52a5c173392,1493,59,19f814fb-f2f0-4a0f-81c7-c2235db38c0b,2024-11-09 18:41:54.005000,v1.10 - Skipits - Existing Users,Skipits - Middle Prices
HK,2024-11-15T02:29:36.000Z,0.07120188390016557,3,16,0,0,com.android.vending,Google,Pixel 7,2024-11-15 20:50:16.057000,android,0.22904747838258743,0.15784559448242186,2,9d20dedd-91aa-40e2-b958-09c6e74c16eb,1042,10,4e85830c-82b4-4508-8f9e-6d55a35026a6,2024-11-15 02:29:41.323000,v1.10 - Skipits - New Users,Skipits - Middle Prices
DE,2024-11-04T15:58:39.000Z,,0,2,0,0,,Apple,iPhone14Pro,2024-11-15 20:51:33.854000,ios,0,,1,e6f1e5ab-cfb0-488f-9e5b-befdbfe9ab81,18,171,c3b318a5-401e-48a1-be4e-4e66ecd0c99c,2024-11-09 10:09:09.949000,v1.10 - Skipits - Existing Users,Skipits - High Prices
GB,2024-10-07T12:27:10.000Z,0.00809794902801514,0,0,0,0,,Apple,iPhone15ProMax,2024-11-15 20:53:09.283000,ios,0.00809794902801514,,0,5166ba26-21c7-48c8-96ab-b409a34787de,1,118,6cb885b4-ecae-4916-a496-d758bf4bc121,2024-11-11 13:20:50.184000,v1.10 - Skipits - Existing Users,Skipits - Middle Prices
US,2024-10-22T14:06:52.000Z,,0,21,0,0,,Apple,"iPhone17,2",2024-11-15 20:54:16.861000,ios,0.2727223148345947,0.2727223148345947,19,43ac049a-7ce2-434e-b2a1-204fbef23c54,2075,126,30b2188d-b93b-4b4f-b1a1-9a9a2c4904ba,2024-11-08 11:11:50.687000,v1.10 - Skipits - Existing Users,Control
BR,2024-11-15T17:18:46.000Z,,0,0,0,0,com.android.vending,samsung,SM-A315G,2024-11-15 20:57:27.763000,android,0,,0,9336e344-b0d4-4acc-9c7e-6066541ea914,2,12,0628687f-ddac-433a-9927-c3887d587b22,2024-11-15 17:18:56.640000,v1.10 - Skipits - New Users,Skipits - Middle Prices
US,2024-11-03T19:27:12.000Z,,0,6,0,0,,Apple,iPhone14,2024-11-15 20:58:03.892000,ios,0.0316283016204834,0.0316283016204834,1,b93aace3-7527-4017-bc2c-52e156def3f7,312,122,bcb316cd-549a-420c-bd3b-4b6475b26eee,2024-11-08 17:24:39.194000,v1.10 - Skipits - Existing Users,Control
PL,2024-10-06T15:36:53.000Z,,0,6,0,0,,Apple,iPhone15Pro,2024-11-15 20:58:15.225000,ios,0,,0,4740f65e-db01-41c6-9025-7e06beeb55b3,165,64,e09e9925-abf1-429d-a59e-22359bfca4c9,2024-11-15 12:12:38.890000,v1.10 - Skipits - Existing Users,Skipits - Middle Prices
US,2024-11-13T00:26:06.000Z,0.11266702083367049,6,16,0,0,,Apple,iPhone15Pro,2024-11-15 20:59:00.154000,ios,0.34901089435602106,0.2363438735223505,6,61cef53d-2c77-4e31-83ca-391d9f21f8e5,1267,25,8a108655-a5d5-4744-8fc3-613fe476e2ce,2024-11-13 00:26:12.805000,v1.10 - Skipits - New Users,Skipits - High Prices
GB,2024-11-12T20:12:24.000Z,0.12445295958588583,15,81,0,0,com.android.vending,Google,Pixel 8 Pro,2024-11-15 21:03:11.640000,android,0.16448544866073472,0.04003248907484891,1,f8be5f6c-656f-4659-943c-4ade61510e08,3255,20,1dd52474-e200-4727-b7bd-33a46cb1e9b7,2024-11-12 20:12:31.683000,v1.10 - Skipits - New Users,Skipits - Middle Prices
AT,2024-10-28T17:49:11.000Z,,0,3,0,0,com.android.vending,samsung,SM-S928B,2024-11-15 21:04:41.133000,android,0,,0,43051302-2a99-4f49-ac73-78ac06cd96c1,248,7,51c188b3-b2de-425d-bd96-825d7c332fab,2024-11-15 21:04:41.134000,v1.10 - Skipits - Existing Users,Skipits - Middle Prices
RO,2024-10-15T14:39:49.000Z,,0,15,0,0,com.android.vending,Xiaomi,M2101K9G,2024-11-15 21:08:51.944000,android,0.01287749894142151,0.01287749894142151,5,341dc13b-0e2b-4cd7-9ace-5cb4ee1c7c71,955,64,040bc1e5-c12a-4192-bd20-885ea751f412,2024-11-08 17:45:38.775000,v1.10 - Skipits - Existing Users,Control
BR,2024-11-09T17:39:27.000Z,,1,3,0,0,,Apple,iPhone12Mini,2024-11-15 21:10:17.423000,ios,0,,0,104a143f-57c6-429f-b507-c22399cda0da,55,17,0047df7c-0d5f-45e2-852e-c4bba6ecb744,2024-11-09 17:39:34.510000,v1.10 - Skipits - New Users,Skipits - High Prices
GB,2024-10-17T13:17:28.000Z,,0,2,0,0,,Apple,iPhone11ProMax,2024-11-15 21:11:02.118000,ios,0,,0,47dcd301-8406-41ad-8765-b998a3551c81,63,171,ab2a494d-0b14-41c0-8278-5fcf1106f605,2024-11-09 17:44:07.946000,v1.10 - Skipits - Existing Users,Skipits - Middle Prices
US,2024-11-05T05:50:30.000Z,0.04133038090664673,5,36,0,0,com.android.vending,samsung,SM-F946U,2024-11-15 21:12:27.579000,android,0.41218286471145626,0.37085248380480956,24,a9ddc826-f621-4f85-a9d2-1169dd49a3bd,3120,56,02a57d30-36c5-4b4c-8f20-cc34ee92f99a,2024-11-08 18:29:19.783000,v1.10 - Skipits - Existing Users,Control
TR,2024-10-31T11:50:57.000Z,,0,4,0,0,com.android.vending,samsung,SM-G780G,2024-11-15 21:14:19.638000,android,0.01297057124774165,0.01297057124774165,4,f8f4f42d-787b-46f6-af43-40fb821c9cbc,376,93,a0f70924-7395-49bc-a523-e5e11c67370b,2024-11-08 08:15:21.702000,v1.10 - Skipits - Existing Users,Skipits - High Prices
JP,2024-10-29T22:33:40.000Z,0.016332137811921887,3,16,0,0,,Apple,iPhone15ProMax,2024-11-15 21:17:41.711000,ios,0.028595880789472942,0.01226374297755105,2,1c52886a-2cdd-436a-a411-29de1ba428c2,733,27,15c844f1-4494-4083-9d31-bb85002cbe6b,2024-11-11 08:19:16.516000,v1.10 - Skipits - Existing Users,Control
BR,2024-08-27T09:20:24.000Z,0.021814446031200002,3,25,0,0,com.android.vending,samsung,SM-A546E,2024-11-15 21:17:56.085000,android,0.0682373663261751,0.046422920294975106,4,74650db0-e05d-4f08-b2ea-34c988a7723e,1314,6,c8fb5252-264a-4c32-9105-72c75562f53a,2024-11-15 21:17:56.085000,v1.10 - Skipits - Existing Users,Control
US,2024-09-19T16:45:27.000Z,0.041139291904732846,3,12,0,0,,Apple,iPhone15,2024-11-15 21:20:47.282000,ios,0.06655575267347064,0.02541646076873779,2,48ab18e0-0fa7-412a-8584-4b57a6fbbeef,649,121,ad14f5cf-6681-4448-8688-17ce24a348a1,2024-11-09 15:43:24.405000,v1.10 - Skipits - Existing Users,Skipits - High Prices
SA,2024-10-05T18:30:13.000Z,0.003187619047619049,1,17,0,0,,Apple,iPhone15ProMax,2024-11-15 21:21:10.699000,ios,0.007735008078075593,0.004547389030456543,1,a758e2d3-f4f2-4b9b-bfce-1cde7a8645f2,639,168,f5015b37-802f-477c-bba5-08d8a3540020,2024-11-12 12:21:57.738000,v1.10 - Skipits - Existing Users,Skipits - Middle Prices
GB,2024-10-30T23:56:23.000Z,0.0086467,2,14,0,0,com.android.vending,samsung,SM-A236B,2024-11-15 21:21:45.164000,android,0.0086467,,0,e3188b29-6ccd-443a-bc2c-8dbe313a8603,638,55,e1cbb994-4a24-4441-990e-73545a161def,2024-11-11 22:29:17.439000,v1.10 - Skipits - Existing Users,Control
IT,2024-11-15T19:37:38.000Z,,0,5,0,0,com.android.vending,realme,RMX3834,2024-11-15 21:22:39.390000,android,0,,0,1ae63d25-fc82-4d26-91da-7aa24ca3e8af,175,2,9e6127a9-79b0-490d-aee9-eae0f473be87,2024-11-15 19:37:44.541000,v1.10 - Skipits - New Users,Control
NL,2024-09-05T11:41:40.000Z,,0,2,0,0,,Apple,iPhone15ProMax,2024-11-15 21:22:58.389000,ios,0,,0,9e1ddbf9-4a87-4dab-ad00-fba8f556e378,56,140,37c63d20-6567-435e-88bf-ce9b2fe79e12,2024-11-09 13:20:33.815000,v1.10 - Skipits - Existing Users,Skipits - High Prices
GB,2024-10-19T18:25:57.000Z,0.06946090121051027,6,42,0,0,,Apple,iPhone13,2024-11-15 21:23:08.393000,ios,0.13476862902423095,0.0653077278137207,2,1a5f32ba-d577-4c87-9ef5-f8401a756bf9,3355,81,1f662b6c-3f77-411d-ba2e-a0c7a821d9d0,2024-11-10 16:44:08.083000,v1.10 - Skipits - Existing Users,Skipits - High Prices
US,2024-10-27T16:46:52.000Z,0.03241005706787111,2,11,0,0,,Apple,iPhone11,2024-11-15 21:24:08.406000,ios,0.03241005706787111,,0,1d58d0a9-1bbb-4989-92ba-ffd5e924d353,549,56,f9bf587d-d37a-4359-85b1-a295dd677b66,2024-11-09 19:26:11.868000,v1.10 - Skipits - Existing Users,Control
US,2024-11-12T17:16:03.000Z,0.01803,1,16,0,0,,Apple,iPhone13,2024-11-15 21:25:05.163000,ios,0.04708062675476074,0.02905062675476074,1,a9cf7041-b9a5-4736-8d03-68f6052442c4,773,18,78d7923f-29c2-4458-8708-04be3ac9e337,2024-11-12 17:16:11.739000,v1.10 - Skipits - New Users,Control
FR,2024-11-06T13:22:29.000Z,0.005960708,2,15,0,0,com.android.vending,Xiaomi,22101316G,2024-11-15 21:25:21.001000,android,0.005960708,,0,e8a3e436-52ce-457b-8e2f-b6d6d2c044fb,484,33,7383b6d4-930e-41d2-8d15-fd5763540a67,2024-11-09 12:18:29.030000,v1.10 - Skipits - Existing Users,Control
IL,2024-06-18T11:02:01.000Z,,0,6,0,0,com.android.vending,Xiaomi,2201116PG,2024-11-15 21:25:36.015000,android,0.025845758998435057,0.025845758998435057,2,089803be-990d-4cf8-82a4-1b252fa1bbe9,196,46,cb6b90a1-33a1-4c7e-b303-bfc63dcc2acf,2024-11-14 05:56:09.293000,v1.10 - Skipits - Existing Users,Skipits - Middle Prices
DE,2024-11-15T21:29:04.000Z,,0,19,0,0,com.android.vending,Xiaomi,23124RA7EO,2024-11-15 21:29:12.365000,android,0,,0,b727c9ac-77d8-4082-bfd2-12d22e2ef962,453,1,b4ddfbe9-5b53-4517-a783-8f8e39522877,2024-11-15 21:29:12.366000,v1.10 - Skipits - New Users,Control
JP,2024-11-10T00:14:21.000Z,0.0087018326035,5,27,0,0,com.android.vending,Alldocube,iPlay60_mini_Pro,2024-11-15 21:29:33.610000,android,0.030669792260703127,0.021967959657203127,10,f8f6b480-07f6-42ad-a0fc-1d9bed0c0596,1611,15,c277244b-0551-44a5-9c22-1e8819251be7,2024-11-10 00:14:29.772000,v1.10 - Skipits - New Users,Control
PL,2024-11-15T19:33:07.000Z,0.011621472082138061,4,62,0,0,com.android.vending,realme,RMX3710,2024-11-15 21:29:51.390000,android,0.15184963929821213,0.14022816721607406,17,f1609c2a-ce34-4852-916f-b6d1029a6f02,3237,2,87ac5885-43d8-4df1-8cac-2bbb260d02da,2024-11-15 19:33:14.065000,v1.10 - Skipits - New Users,Skipits - High Prices
DE,2024-11-11T21:16:45.000Z,0.006699133396148685,0,0,0,0,,Apple,iPhone13Pro,2024-11-15 21:30:10.796000,ios,0.006699133396148685,,0,d267ec75-fd6d-4e12-ab77-2b2c72191db9,17,22,517c3475-72f8-4445-a86a-92360f81476c,2024-11-11 21:16:51.651000,v1.10 - Skipits - New Users,Skipits - High Prices
DE,2024-11-11T21:16:45.000Z,,0,6,0,0,,Apple,iPhone13Pro,2024-11-15 21:30:13.318000,ios,0,,0,bcf51668-213c-4025-b3ae-93ccda683675,180,27,517c3475-72f8-4445-a86a-92360f81476c,2024-11-11 21:16:51.651000,v1.10 - Skipits - New Users,Skipits - High Prices
DE,2024-11-11T09:31:52.000Z,0.003854799843969799,1,12,0,0,,Apple,iPhone15Pro,2024-11-15 21:30:30.205000,ios,0.00897669915908859,0.005121899315118792,1,b40286ca-3e71-45b3-a696-0aad779f15fd,555,32,c7c73408-588e-4524-8ae8-6c36552e1517,2024-11-11 09:31:58.622000,v1.10 - Skipits - New Users,Control
US,2024-11-11T11:46:37.000Z,0.006556498000000003,1,7,0,0,,Apple,iPhone15,2024-11-15 21:32:50.616000,ios,0.043947516867492674,0.03739101886749267,4,97fe2d53-0845-4c2c-9e36-422efd1571e3,651,33,f58521fb-6266-4dac-9537-53657b810c9a,2024-11-11 11:47:06.718000,v1.10 - Skipits - New Users,Skipits - High Prices
GB,2024-08-13T16:06:42.000Z,0.011825470490834837,5,33,0,0,,Apple,iPhone12,2024-11-15 21:33:07.433000,ios,0.011825470490834837,,0,9bfe751e-86ba-4c50-beda-e596b7c6937c,1225,46,ef73bb05-dec4-4528-ac29-8ab8f479572a,2024-11-09 17:42:58.798000,v1.10 - Skipits - Existing Users,Skipits - Middle Prices
GB,2024-10-30T23:56:23.000Z,0.0169697191996,8,55,0,0,com.android.vending,samsung,SM-A236B,2024-11-15 21:33:12.612000,android,0.02638792350715615,0.009418204307556152,1,836656a3-be30-4f17-a407-10f2cf4bf8f3,2085,56,e1cbb994-4a24-4441-990e-73545a161def,2024-11-11 22:29:17.439000,v1.10 - Skipits - Existing Users,Control
US,2024-11-03T22:15:46.000Z,0.06609519794830324,4,29,0,0,,Apple,iPhone12Pro,2024-11-15 21:34:12.028000,ios,0.06609519794830324,,0,2532dbea-3b35-458a-a668-b1de051c73de,1216,12,8cfd87d6-04bd-45ff-ad56-2c7786ea9781,2024-11-23 05:49:24.590000,v1.10 - Skipits - Existing Users,Skipits - High Prices
GB,2024-11-02T18:38:34.000Z,,0,16,0,0,com.android.vending,samsung,SM-S918B,2024-11-15 21:35:42.210000,android,0,,0,54f7d253-cd62-444e-9e19-f2192f424c62,472,40,57e81897-604d-40d5-a19a-9b62d832107f,2024-11-11 13:13:18.562000,v1.10 - Skipits - Existing Users,Skipits - Middle Prices
GB,2024-10-30T05:44:53.000Z,0.09722448158264159,3,17,0,0,,Apple,iPhone14ProMax,2024-11-15 21:37:22.827000,ios,0.15710168266296387,0.05987720108032228,1,2c078840-c3e8-43ff-ab3c-f22c9cb73c64,731,69,a4263665-9335-40b1-b269-66904c3bb528,2024-11-08 06:46:42.877000,v1.10 - Skipits - Existing Users,Skipits - Middle Prices
MX,2024-11-10T02:49:12.000Z,0.00307554,2,10,0,0,com.android.vending,samsung,SM-A346M,2024-11-15 21:39:51.279000,android,0.005784035999999999,0.002708496,1,21bff61a-ae72-4714-a96f-b5a511aa65fa,641,12,dc137645-362f-4d1e-a805-e0926784f76e,2024-11-10 02:49:19.459000,v1.10 - Skipits - New Users,Skipits - Middle Prices
MX,2024-10-14T16:17:27.000Z,0.08187610199999999,4,40,0,0,com.android.vending,samsung,SM-S928B,2024-11-15 21:39:52.074000,android,0.5527994030668946,0.4709233010668945,12,86acfd4b-a817-4c4c-9892-344793ca4c95,2429,48,09534d97-5af0-4174-b978-4d11ed7004a9,2024-11-14 22:48:09.765000,v1.10 - Skipits - Existing Users,Skipits - Middle Prices
NO,2024-10-07T18:44:09.000Z,,0,1,0,0,com.android.vending,HMD Global,Nokia G42 5G,2024-11-15 21:41:09.258000,android,0,,0,e9ed25ab-8d22-4a40-93bb-192da92e50b1,17,19,45907a85-dbf3-497d-8692-658835768058,2024-11-15 21:35:16.860000,v1.10 - Skipits - Existing Users,Control
US,2024-10-27T17:01:29.000Z,,0,13,0,0,,Apple,iPhone14,2024-11-15 21:42:02.698000,ios,0.1446742935180664,0.1446742935180664,3,b0300c22-7cd0-4af1-9737-fca1bd9634c3,674,66,013842a4-708d-4687-928c-4ad2ac9dde05,2024-11-13 09:40:36.194000,v1.10 - Skipits - Existing Users,Skipits - High Prices
AR,2024-11-06T15:27:49.000Z,,0,0,0,0,com.android.vending,Xiaomi,POCOPHONE F1,2024-11-15 21:43:02.433000,android,0,,0,5f4906c4-e81c-4a05-a11f-85b186323afb,0,33,e169d881-eda4-4f91-827f-01241a0903df,2024-11-11 21:30:37.953000,v1.10 - Skipits - Existing Users,Skipits - Middle Prices
FR,2024-11-02T00:20:55.000Z,0.00673,1,13,0,0,com.android.vending,Xiaomi,23108RN04Y,2024-11-15 21:43:27.097000,android,0.00673,,0,e4c27337-db69-43d2-9d24-e2092cc75fc2,429,38,6277e6d8-15b9-4ae2-b3c0-e88f2fba04bc,2024-11-08 22:46:51.877000,v1.10 - Skipits - Existing Users,Skipits - High Prices
JP,2024-10-11T03:50:45.000Z,0.00435859537124634,1,13,0,0,,Apple,iPhone15,2024-11-15 21:45:21.751000,ios,0.017366275225998106,0.013007679854751767,2,0919386e-0d5b-4ad0-8fd7-b3a34d4abe62,734,153,dc7266c0-d200-46d4-a042-1478341cc83a,2024-11-09 02:03:54.756000,v1.10 - Skipits - Existing Users,Control
FR,2024-11-08T23:53:57.000Z,0.004546666666666666,0,9,0,0,,Apple,iPhone13ProMax,2024-11-15 21:46:55.281000,ios,0.013392676874796549,0.008846010208129883,1,92b0da7a-948e-4029-8d33-6cf377b6aa7d,301,24,8cfe3138-5a22-4be7-be9b-c160a7894003,2024-11-08 23:54:03.371000,v1.10 - Skipits - New Users,Skipits - High Prices
JP,2024-11-15T06:30:08.000Z,0.031285884955749514,5,43,0,0,,Apple,iPhone14,2024-11-15 21:47:46.185000,ios,0.09649160810577392,0.06520572315002442,5,1efe06b2-4db6-4871-a829-f690654babe7,1652,2,cd5cbd50-cc5e-4432-85c0-dc27f26811fe,2024-11-15 06:30:16.927000,v1.10 - Skipits - New Users,Control
AU,2024-10-22T06:00:42.000Z,0.024168015325564576,6,46,0,0,com.android.vending,samsung,SM-S906E,2024-11-15 21:48:16.208000,android,0.08793222160315245,0.06376420627758789,6,2d978033-3f97-44aa-bb72-cc931c5a4f96,1871,63,976f689c-64b2-42fd-b00e-3336e37b055d,2024-11-09 10:19:51.862000,v1.10 - Skipits - Existing Users,Skipits - Middle Prices
BR,2024-09-27T15:25:00.000Z,0.016666683711370263,3,22,0,0,com.android.vending,samsung,SM-A225M,2024-11-15 21:49:18.310000,android,0.02727458347804818,0.010607899766677916,2,a8423860-a5f3-419a-b5b4-96c10513b2ac,920,25,0783c74d-e38a-4a45-84e4-3ae48a31539a,2024-11-10 16:49:48.975000,v1.10 - Skipits - Existing Users,Control
CA,2024-08-28T20:09:24.000Z,0.025003261080776034,5,31,0,0,com.android.vending,samsung,SM-G960W,2024-11-15 21:49:28.244000,android,0.09646454865524093,0.07146128757446488,9,40786ec0-92f2-447e-8f1e-04f61efa2582,2602,306,9f4a213f-b5b5-4cd9-99bd-04b57c11cdc7,2024-11-07 21:56:13.546000,v1.10 - Skipits - Existing Users,Skipits - High Prices
US,2024-11-09T01:03:57.000Z,,0,4,0,0,com.android.vending,samsung,SM-S918U,2024-11-15 21:49:43.441000,android,0.13832270331949498,0.13832270331949498,2,21924ae4-f15b-4103-8297-bd451f58b301,234,53,ef2ea376-8a6e-4188-b8ce-7a5da66810aa,2024-11-09 01:04:05.567000,v1.10 - Skipits - New Users,Skipits - High Prices
SE,2024-10-15T10:27:17.000Z,,0,3,0,0,com.android.vending,OnePlus,CPH2415,2024-11-15 21:50:29.730000,android,0,,0,39f4d63f-3cbd-4e1e-9b0b-d1d9e7db9011,210,149,6092a774-b196-4b21-bbae-e5aea6bcd6b1,2024-11-10 22:11:10.336000,v1.10 - Skipits - Existing Users,Control
ZA,2024-11-09T10:12:12.000Z,0.0037256137791666674,6,59,0,0,com.android.vending,samsung,SM-S711B,2024-11-15 21:50:56.778000,android,0.05764450567671314,0.05391889189754648,20,a968512d-5235-4ae8-b742-a8eecee8ff05,3153,22,b8c95e99-6a95-449b-9649-1bff0f823f91,2024-11-09 10:12:20.606000,v1.10 - Skipits - New Users,Control
US,2024-11-15T14:41:23.000Z,0.0282986315536499,3,21,0,0,,Apple,iPhone14,2024-11-15 21:51:50.758000,ios,0.047428631553649916,0.01913000000000001,0,571b1211-f7ee-42d2-86ef-4cdc7c8e4d1a,686,6,cf818051-e3d2-4f7e-b846-a346b89fdf32,2024-11-15 14:42:02.868000,v1.10 - Skipits - New Users,Skipits - High Prices
QA,2024-11-14T15:01:20.000Z,0.000734982,0,6,0,0,com.android.vending,INFINIX MOBILITY LIMITED,Infinix X682B,2024-11-15 21:53:39.344000,android,0.000734982,,0,a238160d-15a8-4262-b64d-9ca82bee9f1f,199,8,b462a92d-20f7-49cb-b37a-328259748e3b,2024-11-14 15:01:29.243000,v1.10 - Skipits - New Users,Skipits - High Prices
MX,2024-08-26T07:09:54.000Z,0.007359383978266303,3,10,0,0,com.android.vending,motorola,moto e(7) plus,2024-11-15 21:54:25.996000,android,0.007359383978266303,,0,30642ec0-689d-4062-8556-259c183ab60a,759,183,9b86a89e-4d62-44ae-bcec-e3b7f323c5d3,2024-11-11 19:40:49.698000,v1.10 - Skipits - Existing Users,Skipits - Middle Prices
PH,2024-11-12T12:41:00.000Z,0.06720969724182106,4,17,0,0,,Apple,iPhone15ProMax,2024-11-15 22:00:37.026000,ios,0.16914612513387023,0.10193642789204914,3,749dfa6f-8b67-4124-aead-dd99179a4295,1974,11,54b01d6e-10bf-4ef6-8fdf-806bbcc00799,2024-11-12 12:41:09.252000,v1.10 - Skipits - New Users,Skipits - High Prices
JP,2024-11-11T07:09:05.000Z,0.05635771804881578,14,91,0,0,,Apple,iPhoneSE2Gen,2024-11-15 22:01:59.870000,ios,0.12987184324925521,0.07351412520043946,8,64bc0865-baab-4899-a583-40dfdc60de24,4377,45,4e08b4b3-7849-4d25-aa2c-6f8ce3faf13c,2024-11-11 07:09:13.252000,v1.10 - Skipits - New Users,Skipits - Middle Prices
GB,2024-11-15T22:01:58.000Z,,0,0,0,0,,Apple,iPhone14ProMax,2024-11-15 22:02:03.888000,ios,0,,0,141b1c7f-a2f0-49bb-9cad-5caf0925b809,29,1,a8cf28ee-d6e6-40d4-ad66-f2edccceef8d,2024-11-15 22:02:03.888000,v1.10 - Skipits - New Users,Skipits - Middle Prices
FR,2024-11-13T04:22:44.000Z,,0,0,0,0,,Apple,iPhone14ProMax,2024-11-15 22:03:50.484000,ios,0,,0,4d33922e-38b8-447b-9996-ad0d22511c4e,0,32,2b0b7f42-0f94-4000-9db8-8b19557a6ff0,2024-11-13 04:22:50.142000,v1.10 - Skipits - New Users,Control
US,2024-11-03T22:15:46.000Z,0.08779977703094487,8,31,0,0,,Apple,iPhone12Pro,2024-11-15 22:04:40.729000,ios,0.08779977703094487,,0,dd0afc87-8041-4fbb-9145-b3776cc2d4be,1847,13,8cfd87d6-04bd-45ff-ad56-2c7786ea9781,2024-11-23 05:49:24.590000,v1.10 - Skipits - Existing Users,Skipits - High Prices
BE,2024-11-15T12:32:04.000Z,,0,33,0,0,,Apple,iPhone14,2024-11-15 22:06:46.579000,ios,0,,0,0a6b138b-6641-49e0-8d11-64c838a15ef8,927,5,4217a9b3-d8ab-4277-94df-68b3feaaf357,2024-11-15 22:06:46.579000,v1.10 - Skipits - Existing Users,Skipits - High Prices
TW,2024-11-11T14:30:56.000Z,,0,27,0,0,,Apple,iPhone14Pro,2024-11-15 22:08:34.846000,ios,0.1152420917407532,0.1152420917407532,5,52cf41b0-4f34-43aa-bf67-1487b7c05af5,1379,25,0edfa9b2-8ccc-4798-91c7-0270b340fe48,2024-11-11 14:31:03.938000,v1.10 - Skipits - New Users,Skipits - High Prices
MX,2024-11-08T19:07:38.000Z,,0,55,0,0,com.android.vending,samsung,SM-A235M,2024-11-15 22:10:22.243000,android,0,,0,b4a23f35-c36e-4aa6-bae5-0ba1d1b26831,2225,95,86c42cb2-0f6e-411c-9e71-1a1323476f7a,2024-11-09 03:05:27.953000,v1.10 - Skipits - Existing Users,Control
US,2024-10-09T19:39:45.000Z,,0,7,0,0,,Apple,iPhone15,2024-11-15 22:11:11.620000,ios,0.039173863410949694,0.039173863410949694,3,f48fc560-3325-458b-b9a2-471326342078,369,226,6cf3ca53-9ce0-4a97-9cbe-8130c3ee40e7,2024-11-10 23:01:32.353000,v1.10 - Skipits - Existing Users,Skipits - Middle Prices
MX,2024-11-08T20:56:22.000Z,0.643680925,2,17,0,0,com.android.vending,Xiaomi,2311DRK48G,2024-11-15 22:13:42.504000,android,1.265265678518829,0.6215847535188291,14,aa4a58af-2184-462d-b17b-e1d5c58e2d67,1407,32,dfe61b8e-4584-4d86-b715-72270f2cf0fa,2024-11-08 20:56:30.204000,v1.10 - Skipits - New Users,Control
US,2024-11-15T22:13:57.000Z,0.021121332,0,28,0,0,com.android.vending,samsung,SM-G981U,2024-11-15 22:14:04.720000,android,0.3177966026720785,0.2966752706720785,7,72c26395-c6eb-408e-9d13-cd8ed6ad28d9,1178,1,91c18e4e-37a4-44f5-a1c8-bd79f55410cc,2024-11-15 22:14:04.720000,v1.10 - Skipits - New Users,Skipits - Middle Prices
TT,2024-09-03T15:32:42.000Z,,0,0,0,0,,Apple,iPhone13,2024-11-15 22:15:31.181000,ios,0,,0,bfeb0d67-d4a8-4f4e-893d-b9581fdab06e,1,111,e948a2f5-bc55-4c32-bd0f-7fc5ef1674ab,2024-11-15 21:20:36.972000,v1.10 - Skipits - Existing Users,Skipits - Middle Prices
GB,2024-11-06T19:59:55.000Z,0.018802966117858887,2,13,0,0,,Apple,iPhone11,2024-11-15 22:15:39.635000,ios,0.018802966117858887,,0,700a5d6d-3145-40cc-84ea-06963d020b75,403,73,6b74064c-2d5f-456d-a414-3ac0727e4257,2024-11-11 10:26:23.524000,v1.10 - Skipits - Existing Users,Skipits - Middle Prices
DZ,2024-11-11T22:56:08.000Z,0.008607787351578269,7,22,0,0,com.android.vending,OPPO,CPH2437,2024-11-15 22:15:57.009000,android,0.02438770600252806,0.015779918650949794,6,97638989-0eac-4ed1-8932-c9da0ab9cb93,1501,17,00bd7cd4-8a2b-4d28-a89c-d1edc6b8a461,2024-11-11 22:56:17.061000,v1.10 - Skipits - New Users,Control
US,2024-11-09T08:03:30.000Z,0.01218525,0,7,0,0,com.android.vending,samsung,SM-S908U,2024-11-15 22:16:58.325000,android,0.01218525,,0,0c81e41f-e18c-48ee-b63d-af5351150aab,220,9,73c91d20-fcec-44ff-85fa-ad2f075ef5cc,2024-11-09 08:03:37.386000,v1.10 - Skipits - New Users,Skipits - High Prices
US,2024-11-15T18:55:53.000Z,0.03235033353636973,2,12,0,0,,Apple,iPhone13ProMax,2024-11-15 22:17:22.926000,ios,0.03235033353636973,,0,f2d2f81d-ce95-4ba5-bbc7-8dc6fd396daf,522,2,70cd4c58-6546-4428-925f-054e7f51aa94,2024-11-15 18:55:59.891000,v1.10 - Skipits - New Users,Control
CR,2024-11-15T22:17:24.000Z,,0,20,0,0,com.android.vending,motorola,moto g04,2024-11-15 22:17:33.781000,android,0.002656368,0.002656368,0,708614de-b37b-427e-be73-a8efc4c0ec3f,677,1,76b3c046-54c2-4af9-89d3-2edb7ef77e0b,2024-11-15 22:17:33.781000,v1.10 - Skipits - New Users,Control
US,2024-11-10T19:22:55.000Z,,0,6,0,0,,Apple,iPhone15,2024-11-15 22:18:15.760000,ios,0.02702455329895018,0.02702455329895018,0,08fd8872-b069-448b-8c47-be168d7ef3fb,212,18,cfae827f-73a9-411f-9e03-9f46d8bac2d9,2024-11-10 19:23:02.535000,v1.10 - Skipits - New Users,Skipits - High Prices
GB,2024-10-22T16:08:23.000Z,0.01976257228851319,2,10,0,0,,Apple,iPhone13ProMax,2024-11-15 22:19:27.987000,ios,0.04299623394012452,0.02323366165161133,2,45315610-9488-4844-9a1e-e8cd6dafae77,576,41,0ca16429-83bb-47d1-987b-aaacf45a0dab,2024-11-09 20:54:56.186000,v1.10 - Skipits - Existing Users,Skipits - High Prices
PL,2024-11-11T21:41:03.000Z,0.002480219602584839,1,6,0,0,,Apple,iPhone11Pro,2024-11-15 22:21:58.165000,ios,0.002480219602584839,,0,90013cc1-9775-4ead-b5fb-83b6252eb31d,402,12,461d4020-0fa4-4ae3-a35b-1219b73bfd80,2024-11-11 21:41:11.264000,v1.10 - Skipits - New Users,Control
NL,2024-10-13T19:56:38.000Z,0.0020433,2,24,0,0,com.android.vending,motorola,motorola edge 30,2024-11-15 22:25:37.306000,android,0.017030983189312617,0.014987683189312616,5,f036f86a-d9f8-4454-ad3d-8f47868937ab,1382,42,0a1d56db-1a2f-4339-a5fc-ab2b6a952a36,2024-11-11 17:16:32.237000,v1.10 - Skipits - Existing Users,Skipits - High Prices
KR,2024-11-15T21:33:41.000Z,0.1809916937904699,2,9,0,0,com.android.vending,samsung,SM-F741N,2024-11-15 22:26:58.142000,android,0.5166457465248449,0.335654052734375,1,725b21d6-b8bf-45ad-bd85-b7883f164cfe,555,2,930652c6-d9f8-4320-abb6-5243ee488441,2024-11-15 21:33:49.654000,v1.10 - Skipits - New Users,Skipits - High Prices
GB,2024-11-13T18:05:10.000Z,0.01853843618512154,0,5,0,0,,Apple,iPhone15Pro,2024-11-15 22:27:46.497000,ios,0.04735843618512154,0.02882,1,a5b259d2-511e-4d8f-83be-8362f40a755f,346,8,bdf8d22c-b60d-4044-a541-ee1abb855221,2024-11-13 18:05:15.968000,v1.10 - Skipits - New Users,Skipits - Middle Prices
FR,2024-10-31T13:02:20.000Z,,0,57,0,0,,Apple,iPhone12ProMax,2024-11-15 22:28:52.961000,ios,0,,0,24f5431d-6ada-4a64-b9de-69d6926e8868,3282,59,54bcfd64-8259-405c-bb44-39a67cf7c44a,2024-11-09 08:30:22.646000,v1.10 - Skipits - Existing Users,Skipits - High Prices
US,2024-11-14T20:53:55.000Z,0.02529,1,11,0,0,com.android.vending,samsung,SM-G990U,2024-11-15 22:28:53.264000,android,0.02529,,0,f63a4ee5-1c94-49f1-a7d6-8e7c64879942,415,11,70c731c5-6524-4386-b2c2-838135247ad4,2024-11-14 20:54:02.214000,v1.10 - Skipits - New Users,Control
MY,2024-10-29T18:27:58.000Z,0.015239858445014976,9,114,0,0,com.android.vending,vivo,vivo 1920,2024-11-15 22:30:10.785000,android,0.05338039626552779,0.03814053782051281,4,fbcd2e1f-da01-4042-9d0f-f896f9948642,3905,32,18eb67f0-93cd-47f1-b43c-7a05529e7531,2024-11-10 00:40:16.338000,v1.10 - Skipits - Existing Users,Skipits - High Prices
US,2024-11-13T19:00:45.000Z,0.0093956,1,10,0,0,,Apple,iPhone14,2024-11-15 22:30:40.467000,ios,0.0093956,,0,87e1ed9a-ba12-4fe8-9907-6f63a89f4988,511,34,69ff1282-de16-48de-829d-c132df8702d1,2024-11-13 19:00:52.421000,v1.10 - Skipits - New Users,Skipits - High Prices
RU,2024-11-15T22:30:45.000Z,0.8357953079417382,10,90,0,0,com.android.vending,Xiaomi,22111317PG,2024-11-15 22:30:57.869000,android,1.0764693356175195,0.24067402767578125,2,3b3c9a1d-c6c3-4e50-b85b-f644d986a657,3062,1,07a627da-f1e8-4675-b8b5-34201ed4bcc7,2024-11-15 22:30:57.869000,v1.10 - Skipits - New Users,Skipits - High Prices
US,2024-09-21T11:02:42.000Z,,0,0,0,0,,Apple,iPhone11Pro,2024-11-15 22:31:58.852000,ios,0,,0,2f96c66f-5229-4d42-a391-0cdda4e2def0,56,135,62c4aec4-f6fd-4283-898f-ad751d3be986,2024-11-13 22:02:10.437000,v1.10 - Skipits - Existing Users,Skipits - Middle Prices
DE,2024-11-04T15:58:39.000Z,0.002407543420791627,1,0,0,0,,Apple,iPhone14Pro,2024-11-15 22:38:21.287000,ios,0.002407543420791627,,0,b0d209e7-b4ae-4611-94c9-83cbe7470e66,236,174,c3b318a5-401e-48a1-be4e-4e66ecd0c99c,2024-11-09 10:09:09.949000,v1.10 - Skipits - Existing Users,Skipits - High Prices
US,2024-10-22T05:21:14.000Z,,0,10,0,0,,Apple,iPhone15,2024-11-15 22:38:36.266000,ios,0,,0,85a71d49-c4a7-4a7d-a9e0-ef67eac6e571,1007,20,7eb4f984-beb8-46d8-9936-34c5cf926790,2024-11-09 22:53:55.433000,v1.10 - Skipits - Existing Users,Skipits - High Prices
ES,2024-10-04T10:38:42.000Z,0.007935238095238096,4,18,0,0,com.android.vending,Xiaomi,2312DRAABG,2024-11-15 22:39:17.883000,android,0.011935238095238096,0.004,0,90024312-cdc8-4429-b69a-eef70943b994,796,266,b30b49cd-527a-4607-b4da-ac6b43911cda,2024-11-08 10:20:16.421000,v1.10 - Skipits - Existing Users,Control
US,2024-11-09T15:28:15.000Z,0.005306043148040771,1,1,0,0,,Apple,iPhone12ProMax,2024-11-15 22:42:24.813000,ios,0.005306043148040771,,0,974411fd-f919-4149-8123-e00e265b4c12,84,27,21f790e1-77f7-4d01-b149-35f105702cb2,2024-11-09 15:28:23.994000,v1.10 - Skipits - New Users,Skipits - Middle Prices
AR,2024-11-10T17:07:12.000Z,0.00067,0,5,0,0,com.android.vending,samsung,SM-G988B,2024-11-15 22:42:44.076000,android,0.00067,,0,3591e052-dbc1-4ec0-9add-9b45615c5be0,224,13,2bbe1346-f61f-458e-859b-e3e6e27f8535,2024-11-10 17:07:21.230000,v1.10 - Skipits - New Users,Skipits - High Prices
MX,2024-11-10T02:49:12.000Z,0.01456577,2,14,0,0,com.android.vending,samsung,SM-A346M,2024-11-15 22:43:29.853000,android,0.019919700999999998,0.005353930999999999,2,8386fca8-6f89-4336-a3bd-38e3d0cfb913,537,14,dc137645-362f-4d1e-a805-e0926784f76e,2024-11-10 02:49:19.459000,v1.10 - Skipits - New Users,Skipits - Middle Prices
AR,2024-11-10T17:07:12.000Z,0.0027368534400360684,2,16,0,0,com.android.vending,samsung,SM-G988B,2024-11-15 22:46:39.548000,android,0.005134292440036069,0.002397439,1,ffc96046-26ae-442d-85a2-93c9ffe8c633,710,14,2bbe1346-f61f-458e-859b-e3e6e27f8535,2024-11-10 17:07:21.230000,v1.10 - Skipits - New Users,Skipits - High Prices
BO,2024-09-21T18:30:02.000Z,,0,10,0,0,com.android.vending,INFINIX,Infinix X6831,2024-11-15 22:47:28.404000,android,0,,0,a9885060-da8e-4e45-bcc2-6ce265b16c4f,425,73,7fe2bef4-211a-4eaa-b847-7f9c6f14998e,2024-11-09 12:59:35.662000,v1.10 - Skipits - Existing Users,Skipits - Middle Prices
DO,2024-10-30T19:06:00.000Z,0.001500377,1,13,0,0,com.android.vending,Xiaomi,23090RA98G,2024-11-15 22:48:38.325000,android,0.010971474999999998,0.009471097999999999,2,7a320897-f10e-434f-953f-7daeb4b0c673,592,18,5aa7083f-5320-4e12-b75f-6d6f6cc36f68,2024-11-15 22:48:38.325000,v1.10 - Skipits - Existing Users,Skipits - High Prices
US,2024-11-15T11:54:46.000Z,,0,0,0,0,com.android.vending,Xiaomi,2312DRA50G,2024-11-15 22:48:42.109000,android,0,,0,484ee248-3490-4d4f-88bc-0c944d26b15e,38,2,82642fd1-dd15-4073-a42f-6dd3d87518f0,2024-11-15 11:54:55.071000,v1.10 - Skipits - New Users,Skipits - Middle Prices
DE,2024-11-08T08:16:53.000Z,,0,3,0,0,,Apple,iPhone14Pro,2024-11-15 22:49:17.500000,ios,0,,0,7036272c-ff02-4ddc-b08b-d04c4dc8807c,50,84,bc78c0c9-e431-45f7-b88c-7e06bf4ea319,2024-11-08 08:16:59.870000,v1.10 - Skipits - New Users,Control
BR,2024-11-15T22:52:24.000Z,0.006522166949953372,5,75,0,0,com.android.vending,motorola,moto g84 5G,2024-11-15 22:52:32.987000,android,0.013667829019274052,0.007145662069320678,2,1f841ec2-0597-4c09-9a0e-bc591a8efb70,2372,1,c47a73ac-35c1-4a9c-8998-d4da5173c84b,2024-11-15 22:52:32.988000,v1.10 - Skipits - New Users,Control
US,2024-11-03T12:49:32.000Z,,0,0,0,0,com.android.vending,Google,Pixel 7,2024-11-15 22:55:06.625000,android,0,,0,059734a0-2c03-4f3e-85d2-7c5860b2fd09,1,73,4a89149b-9da0-4634-b2c6-2d7abe43c161,2024-11-09 14:13:32.749000,v1.10 - Skipits - Existing Users,Skipits - High Prices
US,2024-11-02T20:04:59.000Z,,0,13,0,0,com.android.vending,samsung,SM-S711U,2024-11-15 22:56:55.126000,android,0.18713454800890197,0.18713454800890197,5,2428caa1-33c2-4aa7-8684-32580e08e511,734,86,3e4d5ee3-f80a-48da-8869-82e28f9c6ec9,2024-11-10 16:34:07.559000,v1.10 - Skipits - Existing Users,Control
ZZ,2024-10-28T11:56:53.000Z,0.0149155883093,7,75,0,0,com.android.vending,samsung,SM-G996B,2024-11-15 22:57:58.597000,android,0.0706209703093,0.05570538199999999,17,81846b16-d952-451f-99bc-0e5d8bb02627,4146,98,d9f705be-4910-44db-89a4-4d1a1a807849,2024-11-08 18:59:07.218000,v1.10 - Skipits - Existing Users,Skipits - High Prices
US,2024-08-23T00:41:32.000Z,,0,0,0,0,,Apple,iPhone15,2024-11-15 22:58:32.354000,ios,0,,0,8e318919-ef7a-49b3-8917-53a399ca1dcb,120,110,1efec145-4625-4cdf-9f02-6e2befbc7d14,2024-11-13 01:08:39.175000,v1.10 - Skipits - Existing Users,Skipits - High Prices
MX,2024-10-22T04:35:01.000Z,0.019904202020966384,13,31,0,0,com.android.vending,Xiaomi,M2101K6G,2024-11-15 22:58:33.195000,android,0.020912192020966384,0.00100799,1,24893f55-9c29-4f50-974d-3a9c19649ba7,1326,80,447c876a-3ed2-4f52-a56f-4bebdb54e85c,2024-11-09 22:29:22.777000,v1.10 - Skipits - Existing Users,Skipits - High Prices
DE,2024-10-26T08:49:18.000Z,,0,0,0,0,com.android.vending,samsung,SM-A515F,2024-11-15 22:58:36.895000,android,0,,0,f19e870b-b8fb-4ba5-80ff-6e64bb6da84d,1,25,d083d4e8-f880-4413-8a3b-a8f4807509b7,2024-11-09 05:38:48.151000,v1.10 - Skipits - Existing Users,Skipits - Middle Prices
US,2024-05-15T13:33:32.000Z,0.018638051395575474,6,12,0,0,,Apple,iPhoneXR,2024-11-15 22:59:23.210000,ios,0.03261230133072563,0.01397424993515015,4,2e8741e9-aa5b-489a-a8d0-b518e5766905,1135,754,93300c81-9184-4411-8ec5-d2cf496557a4,2024-11-08 19:32:49.531000,v1.10 - Skipits - Existing Users,Control
DE,2024-11-04T19:33:09.000Z,,0,0,0,0,,Apple,iPhone15Pro,2024-11-15 23:00:45.327000,ios,0.022966228105142858,0.022966228105142858,4,f4879bf4-ef05-478a-aec3-ee27d5a8ab73,397,110,8d52ba0a-6fc7-47bd-85a4-b7dba507504d,2024-11-08 05:24:40.131000,v1.10 - Skipits - Existing Users,Control
US,2024-11-15T02:40:35.000Z,0.012913808345794678,2,9,0,0,,Apple,iPad8Gen,2024-11-15 23:03:51.149000,ios,0.020421161651611328,0.007507353305816651,2,eeef3300-0f7e-4c25-b28e-836f6158741f,1273,15,a2b55135-3899-4e1f-a939-971d93ccf76d,2024-11-15 02:40:43.683000,v1.10 - Skipits - New Users,Control
HK,2024-10-26T14:48:43.000Z,0.028758078739359264,3,17,0,0,,Apple,iPhone14ProMax,2024-11-15 23:04:51.507000,ios,0.10393848035715714,0.07518040161779788,4,84739437-f227-42ac-b952-bced79868c93,1753,46,273d88d7-9002-46d7-9f3b-1dc2213d09ca,2024-11-10 01:45:11.915000,v1.10 - Skipits - Existing Users,Skipits - High Prices
US,2024-05-05T13:59:49.000Z,,0,1,0,0,,Apple,iPadAir5Gen,2024-11-15 23:05:12.048000,ios,0.020386377096176148,0.020386377096176148,6,e452f0fe-f2c3-4c59-9a9a-b50260b393aa,313,301,484607c4-abcb-465d-907e-01028fb08c5b,2024-11-09 21:25:42.804000,v1.10 - Skipits - Existing Users,Skipits - Middle Prices
EG,2024-10-26T06:59:44.000Z,,0,30,0,0,com.android.vending,samsung,SM-A528B,2024-11-15 23:06:21.092000,android,0,,0,36458ae2-6b98-42e2-bd93-8f34f5fe1294,315,216,d707013f-be49-4069-959a-caf3216d5601,2024-11-09 14:54:57.395000,v1.10 - Skipits - Existing Users,Control
US,2024-10-14T17:46:33.000Z,0.01607093536376953,2,19,0,0,,Apple,iPhone14,2024-11-15 23:06:59.634000,ios,0.01607093536376953,,0,a7f45acb-0464-4b61-b525-13ecdc07a3b0,649,43,0ff512e7-11d2-4e0b-8b0f-ceb123012a0d,2024-11-12 04:24:50.764000,v1.10 - Skipits - Existing Users,Skipits - High Prices
US,2024-10-20T22:54:38.000Z,0.03766911075,10,69,0,0,com.android.vending,samsung,SM-N960U,2024-11-15 23:08:39.299000,android,0.06679304075,0.02912393,3,01daa2a3-bedb-4f8c-bb1b-aa043ec7a464,2673,157,f069a66f-d8c7-4ee0-946b-c810e1de4ee4,2024-11-08 18:50:34.082000,v1.10 - Skipits - Existing Users,Skipits - Middle Prices
BR,2024-11-14T20:40:54.000Z,,1,2,0,0,,Apple,iPhone12,2024-11-15 23:09:04.578000,ios,0,,0,9805b62c-574c-431a-bdcc-3b865159bd1a,507,6,3bc033d3-a703-418b-8984-77158b24ab6a,2024-11-14 20:41:02.352000,v1.10 - Skipits - New Users,Control
VN,2024-11-15T22:26:41.000Z,0.00932064351,1,1,0,0,com.android.vending,Xiaomi,2312DRA50C,2024-11-15 23:10:00.485000,android,0.00932064351,,0,29ebe4d1-4003-4d54-99bc-c444ce8800d3,81,2,e931ad69-29ac-4821-a30b-02c50f0547bc,2024-11-15 22:26:50.085000,v1.10 - Skipits - New Users,Skipits - High Prices
CA,2024-10-22T05:35:31.000Z,,0,0,0,0,,Apple,iPhone13,2024-11-15 23:11:21.118000,ios,0,,0,810ced90-2e70-43b0-b7e9-4b0bceb21257,0,29,394d5c6e-fd59-4ebb-bd1c-e580f58e20c4,2024-11-09 15:34:22.475000,v1.10 - Skipits - Existing Users,Skipits - High Prices
US,2024-11-12T22:41:45.000Z,0.035005922636611946,14,70,0,0,com.android.vending,Google,Pixel 8 Pro,2024-11-15 23:11:59.871000,android,0.035005922636611946,,0,50b9d478-c9f8-4f70-9e48-50b3103226e6,3080,18,0ac115ac-9784-49d8-a79d-4c39511a9b73,2024-11-12 22:41:52.877000,v1.10 - Skipits - New Users,Control
JP,2024-09-21T04:02:03.000Z,0.0072275798084,1,9,0,0,com.android.vending,OPPO,CPH2013,2024-11-15 23:12:04.297000,android,0.06846256788370107,0.061234988075301075,5,509123f5-1042-411f-b6a6-248a4574521c,629,104,24c65764-4659-4f4c-9de8-02166da8b021,2024-11-15 11:46:32.023000,v1.10 - Skipits - Existing Users,Skipits - Middle Prices
TR,2024-11-15T22:19:03.000Z,0.007475559956686838,2,31,0,0,,Apple,iPhone11,2024-11-15 23:14:47.547000,ios,0.042727875167800175,0.03525231521111334,6,9c4b637b-b3e3-4107-9376-ce105ab40ba8,1302,3,78d898d6-f402-40d9-a2df-df820abefdb4,2024-11-15 22:19:09.680000,v1.10 - Skipits - New Users,Skipits - Middle Prices
US,2024-11-12T05:03:35.000Z,0.026770762790629073,3,15,0,0,,Apple,iPhone14,2024-11-15 23:16:34.904000,ios,0.026770762790629073,,0,76ad270f-ba57-407f-8f12-1c175e20ec4b,627,28,c937285c-44d2-4367-9bea-35f152ebbfe7,2024-11-12 05:03:42.032000,v1.10 - Skipits - New Users,Skipits - High Prices
MX,2024-10-19T19:06:02.000Z,0.0025794760000000003,1,15,0,0,com.android.vending,Xiaomi,23100RN82L,2024-11-15 23:17:06.776000,android,0.022159023136258685,0.019579547136258684,3,6938a9dd-6406-4c18-9b13-0364aad4c117,782,75,cfa8ad38-e335-4a38-9809-037dbab1c5d2,2024-11-13 04:05:05.397000,v1.10 - Skipits - Existing Users,Control
IT,2024-11-05T16:26:42.000Z,,0,10,0,0,com.android.vending,Xiaomi,23108RN04Y,2024-11-15 23:18:13.711000,android,0.010531550312042236,0.010531550312042236,3,8aae5495-c3e0-4534-8b3a-040d70c9b34d,666,34,16704d23-a6bf-40b7-bf21-34956c87ac0d,2024-11-12 13:15:48.755000,v1.10 - Skipits - Existing Users,Control
TW,2024-11-15T17:47:07.000Z,0.6841712412380953,15,79,0,0,com.android.vending,Xiaomi,2112123AG,2024-11-15 23:19:12.167000,android,4.296775640744443,3.6126043995063473,16,3dd1cc0e-b093-45e1-b90c-07bda9e6bf35,4703,2,aa2879a9-eba5-4263-93b2-4597446cc52c,2024-11-15 17:47:22.627000,v1.10 - Skipits - New Users,Control
US,2024-10-25T05:34:13.000Z,0.01846012115478516,0,5,0,0,,Apple,iPhone13,2024-11-15 23:20:52.311000,ios,0.01846012115478516,,0,69250dd3-2055-41cc-8d66-26374af25a2a,189,18,7489b7be-7964-41cc-accb-a19430a71dd3,2024-11-11 20:59:16.911000,v1.10 - Skipits - Existing Users,Skipits - High Prices
DE,2024-11-04T19:33:09.000Z,,0,0,0,0,,Apple,iPhone15Pro,2024-11-15 23:21:24.865000,ios,0,,0,16d47f0b-1562-4cad-95e4-4bcf11125495,0,111,8d52ba0a-6fc7-47bd-85a4-b7dba507504d,2024-11-08 05:24:40.131000,v1.10 - Skipits - Existing Users,Control
JP,2024-10-15T11:12:52.000Z,0.05642264416941702,7,48,0,0,com.android.vending,asus,ASUS_AI2302,2024-11-15 23:24:39.616000,android,0.20597117922436206,0.14954853505494503,7,74d715c7-7c88-4ec4-805b-3272e8dc825f,2703,40,5c37badc-ceb4-462f-9b3d-6e337db75fc6,2024-11-10 15:26:41.576000,v1.10 - Skipits - Existing Users,Control
BR,2024-07-02T15:32:35.000Z,,0,13,0,0,com.android.vending,samsung,SM-M236B,2024-11-15 23:25:17.126000,android,0.0030407579391588486,0.0030407579391588486,2,8f861475-21c4-4024-b4db-5e7b000d6172,514,192,c4087c3d-d0ab-43ef-bff2-82e32010c4e6,2024-11-15 00:46:31.557000,v1.10 - Skipits - Existing Users,Skipits - Middle Prices
US,2024-09-26T00:59:23.000Z,0.019289570476190475,2,14,0,0,,Apple,iPhone13ProMax,2024-11-15 23:28:54.711000,ios,0.05213986428571429,0.03285029380952381,2,219d33c9-e010-4c4f-9761-ec9ae32af610,693,155,eb871ea0-345d-4594-9f8e-ed785ebd4677,2024-11-08 20:19:29.336000,v1.10 - Skipits - Existing Users,Skipits - Middle Prices
FR,2024-11-11T15:31:47.000Z,0.004,1,15,0,0,com.android.vending,samsung,SM-G973F,2024-11-15 23:31:25.152000,android,0.05133130430267829,0.04733130430267829,5,5086e3ed-6702-4780-abb1-61575ce97521,1057,23,ff8122e6-0a07-4edb-bd5d-563548052d20,2024-11-11 15:31:52.304000,v1.10 - Skipits - New Users,Control
JP,2024-10-14T10:09:05.000Z,,1,3,0,0,,Apple,iPhone11Pro,2024-11-15 23:32:40.194000,ios,0,,0,0e3e250b-0c78-4012-8015-9c48dc2966a2,139,114,4f6db250-ca1d-4e19-9127-e1f04ddf60ab,2024-11-08 21:55:24.225000,v1.10 - Skipits - Existing Users,Skipits - High Prices
TH,2024-10-19T12:20:19.000Z,0.0062406300000000005,7,36,0,0,com.android.vending,realme,RMX3760,2024-11-15 23:32:55.253000,android,0.0062406300000000005,,0,b6c77ae2-f50f-4658-bf43-351287fc3f58,1479,126,a70bdb86-eaa4-4f60-a462-a4dd83bd687b,2024-11-08 23:33:32.126000,v1.10 - Skipits - Existing Users,Skipits - High Prices
JP,2024-09-07T10:33:35.000Z,,0,0,0,0,com.android.vending,Sony,SO-01K,2024-11-15 23:33:56.743000,android,0,,0,b9e9f2e9-c42f-4693-87d0-e1098f0dc9be,151,310,313e4759-0b52-401c-82b7-4ba89252289f,2024-11-10 22:20:49.377000,v1.10 - Skipits - Existing Users,Skipits - Middle Prices
JP,2024-11-08T13:09:44.000Z,0.9135996495803222,17,148,0,0,,Apple,iPhone15Plus,2024-11-15 23:34:05.125000,ios,4.914584058019707,4.000984408439384,52,f30757ae-2146-4614-8149-706567304713,8322,47,fd3be164-8165-4cf5-a6a9-d1358667bf6e,2024-11-08 13:09:58.360000,v1.10 - Skipits - New Users,Skipits - Middle Prices
BR,2024-11-12T01:27:59.000Z,0.00526,0,6,0,0,com.android.vending,Xiaomi,2311DRK48G,2024-11-15 23:36:11.504000,android,0.00526,,0,2e6e5907-7132-4ebf-9d3f-27071ff8e57b,208,7,34bbc890-8fda-4267-b78b-57bb7f42ab56,2024-11-12 01:28:07.377000,v1.10 - Skipits - New Users,Skipits - High Prices
US,2024-11-11T15:36:07.000Z,,0,0,0,0,com.android.vending,vivo,vivo 1918,2024-11-15 23:36:25.610000,android,0,,0,1c4e434a-0d90-45f5-8fc5-467aae69ebf3,86,12,c9d5f0f7-96be-4740-8a6f-a5794ee1f4bd,2024-11-11 15:34:43.626000,v1.10 - Skipits - New Users,Skipits - Middle Prices
CO,2024-11-08T19:09:35.000Z,,0,75,0,0,com.android.vending,samsung,SM-G610M,2024-11-15 23:37:47.505000,android,0,,0,efd4ffe4-2f18-4636-8a83-4bb412aefdbf,2789,8,63b3f0f5-7e00-4ba1-a637-9a897b4a1775,2024-11-12 14:17:25.921000,v1.10 - Skipits - Existing Users,Skipits - High Prices
TR,2024-08-22T11:52:22.000Z,,0,0,0,0,,Apple,iPhone15,2024-11-15 23:38:09.798000,ios,0,,0,130511e1-98c5-4a2c-bfe3-51060c8cab74,0,234,1a36f458-8819-41ce-9c01-ef833d85c38a,2024-11-09 04:58:30.208000,v1.10 - Skipits - Existing Users,Skipits - Middle Prices
US,2024-09-04T01:12:33.000Z,,0,0,0,0,,Apple,iPhone14,2024-11-15 23:38:43.504000,ios,0,,1,183a85e3-39bb-4cbf-a64c-5b036250f557,106,111,1189ffaf-8385-41a9-8f41-d3b92fa90ea1,2024-11-09 19:40:45.413000,v1.10 - Skipits - Existing Users,Skipits - High Prices
JP,2024-08-09T01:30:47.000Z,0.020933691143401736,16,48,0,0,,Apple,iPhoneXS,2024-11-15 23:39:08.447000,ios,0.053954590880004524,0.033020899736602785,21,027b373a-a778-4aea-8095-c5688c017527,3178,840,6f4da22e-d7ee-4464-a112-e849d148fcfe,2024-11-08 22:35:28.556000,v1.10 - Skipits - Existing Users,Skipits - Middle Prices
US,2024-10-30T02:18:27.000Z,,0,11,0,0,com.android.vending,samsung,SM-S928U,2024-11-15 23:41:29.584000,android,0,,0,98dc9302-3fa3-498a-ba4b-5abf114a7b29,825,115,008bf1bf-4db9-4b48-bcdc-4de907e38470,2024-11-08 12:56:49.130000,v1.10 - Skipits - Existing Users,Skipits - Middle Prices
PL,2024-10-15T10:17:05.000Z,0.00475353967882338,1,30,0,0,,Apple,iPhone13,2024-11-15 23:42:26.432000,ios,0.00475353967882338,,0,f9cbdb3f-cd17-403f-9fe8-9ce639293bba,1015,61,38f5329e-acca-447d-ade9-f3bff9b3b986,2024-11-11 14:02:35.768000,v1.10 - Skipits - Existing Users,Skipits - High Prices
IT,2024-10-22T20:50:31.000Z,0.0032967,2,15,0,0,com.android.vending,samsung,SM-S908B,2024-11-15 23:42:30.055000,android,0.006627616662216187,0.0033309166622161866,2,11d7f3ae-51fa-4780-8e24-0d5b43c29599,760,39,ab205863-2250-4b1c-9059-f2e6eab232c5,2024-11-10 20:05:19.712000,v1.10 - Skipits - Existing Users,Skipits - Middle Prices
TR,2024-11-15T23:42:46.000Z,,0,8,0,0,,Apple,iPhone15Pro,2024-11-15 23:42:52.803000,ios,0,,0,2411163b-5803-49c7-820e-f2c985a686a9,152,1,6a3844ee-d14a-406b-b773-ecbbdeea0128,2024-11-15 23:42:52.803000,v1.10 - Skipits - New Users,Skipits - Middle Prices
US,2024-06-03T12:23:58.000Z,0.06284278070066077,3,17,0,0,com.android.vending,samsung,SM-S901U,2024-11-15 23:43:30.902000,android,0.11994294170066078,0.057100161,3,4c633c89-71ff-4317-a6b7-7855a83cfe69,830,111,8793c1e4-dab0-4c6e-b781-0f61c868da5f,2024-11-15 16:14:38.306000,v1.10 - Skipits - Existing Users,Skipits - High Prices
US,2024-11-09T20:49:02.000Z,0.00659,2,12,0,0,com.android.vending,Google,Pixel 6 Pro,2024-11-15 23:44:15.556000,android,0.021250405,0.014660405,0,70a1d650-7187-48a0-8ea0-1447733bcbdd,531,28,cf47a013-5e67-43fa-b882-6a6cb642b487,2024-11-09 20:49:08.586000,v1.10 - Skipits - New Users,Skipits - Middle Prices
CR,2024-11-15T07:00:17.000Z,,0,7,0,0,com.android.vending,samsung,SM-A225M,2024-11-15 23:44:27.340000,android,0.001723134,0.001723134,2,cecdb1cd-5ed2-491b-b313-4dd32501a025,387,3,4a9ac749-9914-4f77-aca4-3efccb68be97,2024-11-15 07:00:30.994000,v1.10 - Skipits - New Users,Skipits - High Prices
US,2024-08-31T19:57:22.000Z,,0,22,0,0,,Apple,iPhoneSE2Gen,2024-11-15 23:44:33.573000,ios,0,,0,27f31e60-c5da-418b-9605-607233661831,957,362,173c7c3b-75ee-49ce-ad61-f39ff9df3cd8,2024-11-11 09:57:14.787000,v1.10 - Skipits - Existing Users,Skipits - Middle Prices
EG,2024-11-10T03:52:03.000Z,0.0033318193892,1,10,0,0,,Apple,iPhone12ProMax,2024-11-15 23:47:33.695000,ios,0.0033318193892,,0,0efc553b-032a-49ed-b52e-86deaf91d799,383,5,64195b91-5fbe-434d-b9bb-3294bcbe4c9e,2024-11-10 03:52:09.470000,v1.10 - Skipits - New Users,Control
US,2024-07-07T17:46:37.000Z,0.017882141113281246,2,15,0,0,,Apple,iPhone15ProMax,2024-11-15 23:47:52.194000,ios,0.017882141113281246,,0,71f78ef5-cd38-4c46-9e13-2204d17b550e,582,598,119c0215-e017-43f6-b564-c36cb85c4aa1,2024-11-11 04:11:44.076000,v1.10 - Skipits - Existing Users,Control
US,2024-11-14T15:23:47.000Z,,0,1,0,0,com.android.vending,samsung,SM-S918U1,2024-11-15 23:48:10.040000,android,0.31552,0.31552,1,8b833003-c9dd-48b3-aaa9-514a963f9efb,90,14,725f9756-261a-42c5-a8b1-8ea2712df20a,2024-11-14 15:23:57.013000,v1.10 - Skipits - New Users,Control
BR,2024-09-17T14:24:23.000Z,0.0009941195249557498,0,1,0,0,,Apple,iPhone12,2024-11-15 23:49:02.577000,ios,0.0009941195249557498,,0,d16daa10-7be9-45d1-a00a-5ea6b92dd75f,74,180,3e83e10c-4e3e-432d-85b0-dc2640620385,2024-11-08 22:07:22.449000,v1.10 - Skipits - Existing Users,Skipits - High Prices
MX,2024-11-15T23:37:23.000Z,0.002709395,2,39,0,0,com.android.vending,ZTE,ZTE Blade A5 2020,2024-11-15 23:50:19.060000,android,0.002709395,,0,4630d905-92ca-4626-95d7-3522a48694a5,1482,3,5cf4bade-38bf-4840-8e19-b5e6724ffdeb,2024-11-15 23:37:34.083000,v1.10 - Skipits - New Users,Skipits - High Prices
US,2024-10-18T18:42:24.000Z,0.08735123037871956,3,12,0,0,com.android.vending,Google,Pixel 7,2024-11-15 23:50:26.464000,android,0.31158577322539927,0.2242345428466797,2,a7ea74b0-eaa4-4f40-bd89-2ae1e978ac88,1582,20,0f427f3c-85c7-416a-99fa-207a8413ae64,2024-11-15 23:50:26.464000,v1.10 - Skipits - Existing Users,Skipits - High Prices
JP,2024-11-08T23:13:52.000Z,0.005850355413073584,2,7,0,0,,Apple,iPhoneSE2Gen,2024-11-15 23:54:37.074000,ios,0.01768113388106936,0.011830778467995778,4,bae46193-0dbb-4ac0-8944-51bcbfe6546a,709,31,8b00a48e-04f9-48c3-b62b-41e77d68b61f,2024-11-08 23:14:01.163000,v1.10 - Skipits - New Users,Skipits - Middle Prices
US,2024-11-15T23:56:07.000Z,0.04898,0,25,0,0,com.android.vending,asus,ASUS_AI2401_E,2024-11-15 23:56:15.185000,android,0.283867631,0.23488763099999999,2,7a9d74b7-a3d8-4c85-8dd1-7e0c6061d0f5,808,1,13297c6f-66ea-46e1-829d-2e9402c3f6fe,2024-11-15 23:56:15.185000,v1.10 - Skipits - New Users,Control
ID,2024-09-13T10:59:25.000Z,0.004933953,2,33,0,0,com.android.vending,Xiaomi,23053RN02A,2024-11-15 23:56:39.828000,android,0.004933953,,0,7fd4410c-7128-4335-b5b5-8afdb87d1e88,1678,119,295ebde7-028c-4b1a-9118-f6f90072d2cc,2024-11-10 22:14:11.343000,v1.10 - Skipits - Existing Users,Skipits - High Prices
MX,2024-11-11T23:53:30.000Z,0,1,9,0,0,com.android.vending,motorola,moto e32,2024-11-15 23:58:41.288000,android,0.008275770016999999,0.008275770016999999,1,b77ddc08-c1d6-4272-8db5-3678b939dbf0,388,3,1b478477-493c-409a-ac08-e8967db2c288,2024-11-11 23:57:27.620000,v1.10 - Skipits - New Users,Skipits - High Prices
JP,2024-10-23T10:38:40.000Z,,0,15,0,0,,Apple,iPhone12,2024-11-16 00:02:15.277000,ios,0.009676472663879398,0.009676472663879398,1,80c1dfef-deb8-4ee5-8028-24970b9a759b,476,211,fa087c93-6de7-4cbe-9be0-ad12da49518f,2024-11-08 00:59:22.720000,v1.10 - Skipits - Existing Users,Skipits - Middle Prices
RU,2024-11-08T01:13:12.000Z,,0,14,0,0,com.android.vending,Xiaomi,M2103K19Y,2024-11-16 00:02:58.212000,android,0,,0,0ccf956c-8dea-4145-9ecd-a5931ed43292,570,57,37ac0813-7663-4bc2-880c-08d3edcf7ca0,2024-11-08 01:13:23.333000,v1.10 - Skipits - New Users,Control
RU,2024-11-08T01:13:12.000Z,,0,12,0,0,com.android.vending,Xiaomi,M2103K19Y,2024-11-16 00:03:02.189000,android,0,,0,bee0a6fd-4f79-47d2-8c83-8698696e939b,433,65,37ac0813-7663-4bc2-880c-08d3edcf7ca0,2024-11-08 01:13:23.333000,v1.10 - Skipits - New Users,Control
US,2024-05-15T13:33:32.000Z,,1,2,0,0,,Apple,iPhoneXR,2024-11-16 00:03:30.522000,ios,0.0054532868862152105,0.0054532868862152105,1,42cea439-f967-4e7c-9f51-27a70bf76152,230,757,93300c81-9184-4411-8ec5-d2cf496557a4,2024-11-08 19:32:49.531000,v1.10 - Skipits - Existing Users,Control
RU,2024-11-08T01:13:12.000Z,,0,0,0,0,com.android.vending,Xiaomi,M2103K19Y,2024-11-16 00:03:45.760000,android,0,,0,8eaac8ef-78f9-489f-bada-6725a4d682b5,95,67,37ac0813-7663-4bc2-880c-08d3edcf7ca0,2024-11-08 01:13:23.333000,v1.10 - Skipits - New Users,Control
US,2024-11-05T18:33:43.000Z,,0,0,0,0,,Apple,iPhone13,2024-11-16 00:04:06.318000,ios,0,,0,9f2d12c0-c0d6-4e8f-b663-d3c3105a3606,1,39,24caf703-b56a-4dd0-a1d3-9470464a2eef,2024-11-08 13:08:08.167000,v1.10 - Skipits - Existing Users,Skipits - Middle Prices
DE,2024-10-29T10:25:20.000Z,,0,21,0,0,,Apple,iPhone12ProMax,2024-11-16 00:06:22.507000,ios,0,,0,b0392050-0355-4ced-a4c9-6974ae95154a,817,48,b3748b21-e8ec-4fc2-9c25-ea3aec8f2d8f,2024-11-14 10:02:45.878000,v1.10 - Skipits - Existing Users,Skipits - High Prices
LB,2024-11-13T17:46:30.000Z,0.013771068280537924,13,63,0,0,,Apple,iPhone13Pro,2024-11-16 00:09:56.025000,ios,0.04743164712422835,0.03366057884369042,21,91e47216-8df3-496a-9b93-56e2572b803e,4331,24,4aef41fd-c548-4446-b268-8f8cf598b3e8,2024-11-13 17:46:40.328000,v1.10 - Skipits - New Users,Skipits - Middle Prices
JP,2024-11-03T02:33:15.000Z,,0,32,0,0,com.android.vending,Sony,SOG06,2024-11-16 00:10:50.020000,android,0.24700341206182863,0.24700341206182863,17,a5bbcba4-ab25-47b6-9bbf-71ab845f77b4,4241,204,d4088a77-e265-41cc-a866-996defc2e483,2024-11-08 21:23:42.415000,v1.10 - Skipits - Existing Users,Control
US,2024-11-12T00:14:11.000Z,0.04870365323809523,4,26,0,0,com.android.vending,samsung,SM-S721U,2024-11-16 00:12:20.621000,android,0.2649070870605088,0.21620343382241355,5,aecbde1c-4eee-4713-a13a-c5f8f739c545,1587,24,9be9c3a1-f1fd-451a-be8c-f214055c9a0b,2024-11-12 00:14:20.765000,v1.10 - Skipits - New Users,Skipits - High Prices
BE,2024-09-24T15:25:30.000Z,0.00092,2,36,0,0,com.android.vending,samsung,SM-A325F,2024-11-16 00:15:05.710000,android,0.03002605922611266,0.02910605922611266,15,c55a436e-0385-49ee-b2c7-27907d58006b,2585,142,23111b5b-61c2-4cad-bf10-98f18ad59e3d,2024-11-10 22:19:08.085000,v1.10 - Skipits - Existing Users,Control
US,2024-11-09T01:21:32.000Z,0.023615129470825197,4,17,0,0,,Apple,iPhone12,2024-11-16 00:20:40.488000,ios,0.023615129470825197,,0,c1bb7922-8365-4e6e-acdc-bb16ac696acd,737,30,ed851493-5b58-4811-b459-8cbb62c00522,2024-11-09 01:21:39.422000,v1.10 - Skipits - New Users,Skipits - High Prices
US,2024-11-08T05:42:41.000Z,,0,14,0,0,,Apple,iPhone12Mini,2024-11-16 00:20:53.378000,ios,0,,0,23194b01-bba7-43cd-9c45-8d2232ddd251,678,38,1da455c0-1a12-4cb6-a7fb-ca20f451fc77,2024-11-08 05:42:49.131000,v1.10 - Skipits - New Users,Skipits - Middle Prices
JP,2024-11-15T23:36:56.000Z,,0,2,0,0,,Apple,iPhone13,2024-11-16 00:20:54.281000,ios,0,,0,00d69b65-2b70-4137-a7c8-e3d8efecffd8,21,4,81d2b659-6070-4bd2-b7ad-f6f89db48cc3,2024-11-15 23:37:04.269000,v1.10 - Skipits - New Users,Skipits - High Prices
JP,2024-11-16T00:23:01.000Z,,0,22,0,0,,Apple,iPhone12Mini,2024-11-16 00:23:09.202000,ios,0,,0,f3c9e6c4-0579-42f9-86c6-f789ce205d33,838,1,7f3b3749-1637-4676-8477-d9b6bb94823a,2024-11-16 00:23:09.202000,v1.10 - Skipits - New Users,Skipits - Middle Prices
EG,2024-11-14T01:29:16.000Z,0.0013466527526698338,3,90,0,0,com.android.vending,Xiaomi,Redmi Note 9 Pro,2024-11-16 00:23:20.414000,android,0.0013466527526698338,,0,2bbe0038-1a69-4ec2-8849-0d001ed86db1,3478,6,8dd64776-98aa-4528-9697-a140e11423eb,2024-11-14 01:29:24.571000,v1.10 - Skipits - New Users,Skipits - Middle Prices
VN,2024-10-29T01:57:43.000Z,0.00027386417984962463,0,0,0,0,com.android.vending,Xiaomi,M2101K7BG,2024-11-16 00:27:12.435000,android,0.00027386417984962463,,0,558f930d-4946-4922-b905-02524f1e8289,14,136,6dbcc0ab-554d-49a0-8191-9239e5db0fa5,2024-11-09 01:38:54.534000,v1.10 - Skipits - Existing Users,Control
TW,2024-11-13T14:29:38.000Z,0.004816666666666666,2,26,0,0,com.android.vending,samsung,SM-X510,2024-11-16 00:27:37.850000,android,0.2841955778878681,0.2793789112212014,16,4b71a3fa-f6bb-4eca-87b6-af844478ff72,2441,7,2f60e60f-114b-47ab-a71e-890db9e1e5c8,2024-11-13 14:29:43.749000,v1.10 - Skipits - New Users,Skipits - High Prices
ID,2024-11-09T11:31:58.000Z,0.006742570072713644,3,28,0,0,com.android.vending,Xiaomi,2203129G,2024-11-16 00:27:52.625000,android,0.03153728953726826,0.024794719464554617,6,49893798-582a-4821-a44a-bf26ddc511d1,1465,10,1f2eee77-e7a6-42ab-a336-afd69f9cb8e7,2024-11-09 11:32:10.402000,v1.10 - Skipits - New Users,Skipits - High Prices
MX,2024-11-11T23:53:30.000Z,0.0078608932794,1,21,0,0,com.android.vending,motorola,moto e32,2024-11-16 00:28:47.402000,android,0.0315077462794,0.023646853,1,51f7e809-0a16-446a-aa93-3f848d36acdf,928,4,1b478477-493c-409a-ac08-e8967db2c288,2024-11-11 23:57:27.620000,v1.10 - Skipits - New Users,Skipits - High Prices
JP,2024-11-12T13:48:30.000Z,0.023998956736733572,5,16,0,0,,Apple,iPhone14Plus,2024-11-16 00:28:57.398000,ios,0.04402156358231681,0.020022606845583234,3,8f343b80-186e-4ca2-88b7-386bb1b63aad,1081,26,899c1439-3cc7-453f-97aa-b288b5995180,2024-11-12 13:48:40.220000,v1.10 - Skipits - New Users,Skipits - High Prices
BO,2024-11-16T00:29:47.000Z,,0,6,0,0,com.android.vending,samsung,SM-G996B,2024-11-16 00:29:55.833000,android,0,,0,b3682d57-d001-4bfd-990f-1c4724a111c1,156,1,2b748d4c-1f43-46fd-b39f-56af273559d8,2024-11-16 00:29:55.833000,v1.10 - Skipits - New Users,Skipits - High Prices
US,2024-11-11T10:30:55.000Z,,0,10,0,0,,Apple,iPhone13,2024-11-16 00:34:36.182000,ios,0.044226648330688484,0.044226648330688484,3,d1d449cd-8d10-4249-bdc8-8ed498e68f1f,384,14,81cd59de-a2e3-4f20-b250-d7923a2032b8,2024-11-11 10:32:59.895000,v1.10 - Skipits - New Users,Skipits - High Prices
JP,2024-07-30T09:34:58.000Z,0.004353625809523811,3,0,0,0,,Apple,iPhoneSE2Gen,2024-11-16 00:35:04.704000,ios,0.00846987843973487,0.0041162526302110595,2,c0d8af5f-d30f-47ba-b0b9-19c7d5a5537b,369,818,38e52695-99c1-497c-bb6c-7d9fb6750942,2024-11-09 02:45:26.793000,v1.10 - Skipits - Existing Users,Skipits - High Prices
KR,2024-11-16T00:35:26.000Z,,0,5,0,0,com.android.vending,samsung,SM-G981N,2024-11-16 00:35:34.427000,android,0,,0,18974f54-bfa1-4c53-8e8b-2a287f5017ab,98,1,b98e5849-80c3-4ae3-ac6a-c943d61c0d61,2024-11-16 00:35:34.427000,v1.10 - Skipits - New Users,Skipits - Middle Prices
GB,2024-11-11T16:30:24.000Z,0.04680990371899413,4,28,0,0,,Apple,iPhone11,2024-11-16 00:37:28.421000,ios,0.10024492988781736,0.053435026168823244,3,4c8d8a95-8f7d-4301-8b47-ca4f308c9162,1494,28,0242d15f-dc6e-44a3-b1db-3b69877ca552,2024-11-11 16:30:30.630000,v1.10 - Skipits - New Users,Control
US,2024-11-16T00:38:25.000Z,0.2233906707763672,2,45,0,0,,Apple,iPhone13ProMax,2024-11-16 00:38:32.159000,ios,0.3398848419189453,0.1164941711425781,1,a4d94a7b-4f9b-44df-ace2-fee5c7314958,1410,1,e569863b-afca-4298-a94d-fed2238bb174,2024-11-16 00:38:32.159000,v1.10 - Skipits - New Users,Skipits - High Prices
GB,2024-11-06T02:09:38.000Z,0.004189999999999999,0,8,0,0,,Apple,iPhone13,2024-11-16 00:39:41.880000,ios,0.004189999999999999,,0,0f939bfe-2d1c-4021-96ef-d89266cafce9,196,47,f18a56a6-94b5-441a-853e-c5a8032096d1,2024-11-10 01:03:55.267000,v1.10 - Skipits - Existing Users,Skipits - High Prices
BR,2024-11-05T14:30:49.000Z,0.0025647619047619048,1,14,0,0,com.android.vending,motorola,moto g(10),2024-11-16 00:41:45.230000,android,0.033658697204795654,0.03109393530003375,5,f8e80ed7-b108-4c03-b1c3-5f3e0b928e85,707,49,fc9102ba-07ce-4e29-af9d-7b8b9ec6e5b0,2024-11-08 15:12:39.322000,v1.10 - Skipits - Existing Users,Skipits - Middle Prices
MX,2024-10-08T22:23:13.000Z,0.03058467,0,1,0,0,,Apple,iPhone15ProMax,2024-11-16 00:41:46.537000,ios,0.03058467,,0,1f6fd610-d017-4c82-8a1c-480bb05da78e,16,101,3fe61b2e-efd0-4d9d-9a9c-3bdd095a93a9,2024-11-13 01:52:22.457000,v1.10 - Skipits - Existing Users,Skipits - High Prices
TH,2024-10-30T12:49:19.000Z,0.0016024032539,0,2,0,0,com.android.vending,OPPO,CPH2343,2024-11-16 00:43:38.770000,android,0.0016024032539,,0,c574fb7c-e330-4d24-95fe-99e4c31fcb78,167,67,157df6c1-6bde-479b-847a-144e987bf113,2024-11-12 04:44:05.084000,v1.10 - Skipits - Existing Users,Control
MX,2024-11-14T06:47:16.000Z,0.00562,1,15,0,0,com.android.vending,samsung,SM-S711B,2024-11-16 00:43:40.305000,android,0.00562,,0,55639ed4-88e9-41a6-895d-27387b7709c0,499,7,444ad989-26e7-46bd-bfde-5fc2770e037e,2024-11-14 06:47:29.701000,v1.10 - Skipits - New Users,Control
US,2024-11-06T05:04:33.000Z,0.035368830000000004,2,8,0,0,com.android.vending,samsung,SM-G991U1,2024-11-16 00:43:48.492000,android,0.07930528,0.04393645,2,3106a768-457d-44c1-82de-478020db83ba,454,25,14972fbc-8e65-431b-bcdb-2606f8dddcd0,2024-11-09 17:38:33.977000,v1.10 - Skipits - Existing Users,Control
JP,2024-11-15T09:18:11.000Z,0.043884315389171785,8,50,0,0,,Apple,iPhone15,2024-11-16 00:45:25.649000,ios,0.053042299169079016,0.00915798377990723,1,5145973c-7380-4918-af79-28acd4c8316e,2689,4,42abda0c-2e47-4d2b-852b-9674a550a4c3,2024-11-15 09:18:18.750000,v1.10 - Skipits - New Users,Control
US,2024-11-09T22:13:56.000Z,0.00525,0,7,0,0,com.android.vending,samsung,SM-G996U,2024-11-16 00:49:02.628000,android,0.00525,,0,0c72ef2b-367f-4e19-aab4-fed92aff9e89,249,42,45b2510c-9983-4f26-b6f5-5cfc9afd0f28,2024-11-09 22:14:04.094000,v1.10 - Skipits - New Users,Skipits - Middle Prices
US,2024-10-31T18:03:56.000Z,,0,0,0,0,,Apple,iPhone14,2024-11-16 00:49:39.421000,ios,0,,0,f39f9f94-981e-4b7f-a7c7-6e31e8df1f22,2,58,eedd2384-8bc2-4c55-88ba-03796a78092e,2024-11-09 02:52:34.010000,v1.10 - Skipits - Existing Users,Skipits - Middle Prices
US,2024-11-09T04:19:05.000Z,0.01747,2,23,0,0,com.android.vending,samsung,SM-G990U2,2024-11-16 00:50:48.081000,android,0.01747,,0,985c5c22-5cec-4124-acdf-768d43e2af9b,825,3,1fe34d1a-f4de-46d3-8779-ec604c16da66,2024-11-09 04:19:13.916000,v1.10 - Skipits - New Users,Control
CL,2024-11-12T14:31:23.000Z,0.02524266557142857,4,14,0,0,com.android.vending,samsung,SM-G991B,2024-11-16 00:53:51.318000,android,0.02524266557142857,,0,b9dd6796-e09b-478e-9078-27ae4f7621fd,1390,23,698f9eb6-2828-4764-95b6-a13dbe4890b5,2024-11-12 14:31:31.505000,v1.10 - Skipits - New Users,Skipits - Middle Prices
PH,2024-11-12T12:41:00.000Z,0.06833052673116047,4,30,0,0,,Apple,iPhone15ProMax,2024-11-16 00:55:32.182000,ios,0.17505910584833054,0.10672857911717007,4,83053829-cc78-44d3-be05-801cd8227b16,1662,13,54b01d6e-10bf-4ef6-8fdf-806bbcc00799,2024-11-12 12:41:09.252000,v1.10 - Skipits - New Users,Skipits - High Prices
US,2024-10-23T16:26:56.000Z,0.004941361904144287,1,2,0,0,,Apple,iPhone13ProMax,2024-11-16 01:01:53.137000,ios,0.016407664582824708,0.011466302678680419,1,9fc4fcbd-787f-4328-909f-120ac45210db,140,135,9fd6fdb0-befa-4c3c-ab33-2c16d3913fd7,2024-11-09 14:44:25.310000,v1.10 - Skipits - Existing Users,Skipits - Middle Prices
BR,2024-11-11T18:32:35.000Z,,0,0,0,0,,Apple,iPhoneX,2024-11-16 01:03:19.953000,ios,0,,0,bb113aeb-26af-4d42-b539-23232be904ee,0,26,b0b8ec05-941d-474a-8475-1635a78f68bc,2024-11-11 23:01:22.979000,v1.10 - Skipits - Existing Users,Skipits - High Prices
BR,2024-11-11T18:32:35.000Z,0.009729073134328355,2,13,0,0,,Apple,iPhoneX,2024-11-16 01:03:20.299000,ios,0.009729073134328355,,0,578fd15b-e7ae-4262-a92e-25ca669efd04,576,27,b0b8ec05-941d-474a-8475-1635a78f68bc,2024-11-11 23:01:22.979000,v1.10 - Skipits - Existing Users,Skipits - High Prices
US,2024-11-15T10:57:24.000Z,0.005,1,7,0,0,com.android.vending,INFINIX,Infinix X6826C,2024-11-16 01:03:52.095000,android,0.013540225,0.008540225,0,539e7751-bc89-428d-a599-cce8fe0ae79a,325,5,1ee1dd6c-554b-4d29-8ffb-157758dd7be7,2024-11-15 10:57:32.796000,v1.10 - Skipits - New Users,Control
MX,2024-11-01T18:05:52.000Z,0.004416838310000001,2,16,0,0,com.android.vending,samsung,SM-G985F,2024-11-16 01:06:06.417000,android,0.01406879131,0.009651953,1,952486e0-b1fc-4b4f-9b8a-7eebe1ee674f,974,81,8c00f29c-de11-4c81-bfa2-ea8986bee22c,2024-11-09 02:24:34.238000,v1.10 - Skipits - Existing Users,Control
US,2024-10-10T17:47:56.000Z,,0,8,0,0,,Apple,iPhone14,2024-11-16 01:07:07.847000,ios,0.08511716651916504,0.08511716651916504,3,91dc2d17-f5e5-4644-95cb-f4b937084113,551,224,36f03d8c-0f98-4106-994e-49f030e43234,2024-11-11 20:29:23.730000,v1.10 - Skipits - Existing Users,Skipits - Middle Prices
AU,2024-10-05T04:26:34.000Z,0.01786,1,5,0,0,com.android.vending,samsung,SM-G955F,2024-11-16 01:08:04.425000,android,0.01786,,0,ee0a9265-54a1-4ee9-a113-304fe8b51cd2,220,4,43ece1f0-ec17-4b4b-8ab8-8618cab32bab,2024-11-16 01:08:04.426000,v1.10 - Skipits - Existing Users,Skipits - Middle Prices
PH,2024-09-21T15:35:10.000Z,0.001996679930914015,1,12,0,0,,Apple,iPhone7Plus,2024-11-16 01:08:29.890000,ios,0.011385235930914017,0.009388556000000001,1,bcfda7d6-f914-427f-9520-c7d6227e09c5,604,112,bc272b05-8db4-47de-bf3e-9c1414a009dd,2024-11-11 11:47:45.394000,v1.10 - Skipits - Existing Users,Skipits - High Prices
JP,2024-11-13T09:07:25.000Z,0.004072718719471069,2,11,0,0,,Apple,iPhone13,2024-11-16 01:08:48.269000,ios,0.045920158017795656,0.04184743929832459,11,923b99ad-e0d7-4782-b707-89ea5e91d828,1260,9,f5a4c871-3af5-42cd-bbe0-fa1bb8f73ca6,2024-11-13 09:07:33.172000,v1.10 - Skipits - New Users,Skipits - High Prices
JP,2024-07-01T07:40:08.000Z,,0,62,0,0,com.android.vending,Xiaomi,A101XM,2024-11-16 01:11:10.697000,android,0.04553979835164835,0.04553979835164835,2,7ef59ac7-d440-4ac2-8d91-35835583b401,3077,470,7827902a-c948-43c6-87b4-11018d17bc44,2024-11-07 22:20:40.239000,v1.10 - Skipits - Existing Users,Skipits - Middle Prices
JP,2024-11-11T02:08:47.000Z,,0,8,0,0,,Apple,iPhone14Pro,2024-11-16 01:12:01.429000,ios,0.10022409397241208,0.10022409397241208,3,e6e3b2ed-5e1b-4af8-b18c-9936cf5c3111,377,39,4d1b5123-dd64-4144-9bef-d66a95200b4a,2024-11-11 02:08:55.507000,v1.10 - Skipits - New Users,Control
MX,2024-11-12T04:54:54.000Z,,0,23,0,0,com.android.vending,motorola,moto g84 5G,2024-11-16 01:15:04.017000,android,0,,0,72e9e077-0b22-4d40-bb6c-769966c67e1d,847,15,bd77dcf2-5afa-4c14-8897-d04a7fce32e2,2024-11-12 04:55:00.175000,v1.10 - Skipits - New Users,Skipits - High Prices
HR,2024-09-15T11:40:22.000Z,,0,21,0,0,,Apple,iPhoneSE2Gen,2024-11-16 01:15:11.237000,ios,0,,0,92f9fb43-7faf-4bc3-b198-27ee570a33a4,609,79,b99190f3-a8a0-4a7f-b81d-a892c28a8b43,2024-11-27 08:53:49.928000,v1.10 - Skipits - Existing Users,Control
US,2024-10-12T00:11:01.000Z,0.00976519,1,17,0,0,com.android.vending,samsung,SM-S908U,2024-11-16 01:16:10.067000,android,0.00976519,,0,9824d3d7-de04-4a94-a600-887e9c5b433a,1007,126,7a4ccb67-76ce-42f9-877f-d4698e02ea96,2024-11-08 16:20:56.235000,v1.10 - Skipits - Existing Users,Skipits - High Prices
ZZ,2024-10-27T19:47:21.000Z,0.004759703636169434,0,0,0,0,,Apple,iPhone11,2024-11-16 01:19:10.185000,ios,0.004759703636169434,,0,0c5317da-e4e0-48f2-a974-de5bc5cec2c4,1,34,9a481b44-2b88-4d2d-a529-833770bedfec,2024-11-26 22:36:14.160000,v1.10 - Skipits - Existing Users,Skipits - High Prices
US,2024-11-06T03:04:39.000Z,0.012257763,1,6,0,0,com.android.vending,samsung,SM-S901U,2024-11-16 01:20:13.921000,android,0.012257763,,0,38457f2b-4716-4e49-895a-fe11ba188497,265,20,64f48b52-38cb-4fe0-8392-1563e9784f1a,2024-11-12 00:17:55.820000,v1.10 - Skipits - Existing Users,Skipits - Middle Prices
VN,2024-10-17T03:27:00.000Z,0.0021076190476190474,2,14,0,0,com.android.vending,samsung,SM-A236E,2024-11-16 01:20:27.200000,android,0.016894037310049768,0.014786418262430719,2,fabca6e5-c044-421f-aba1-5cc518831a5a,733,40,a40bf5c3-78d0-4583-ae1e-8eed421f8cdb,2024-11-09 08:35:57.482000,v1.10 - Skipits - Existing Users,Skipits - Middle Prices
JP,2024-11-10T07:32:59.000Z,0.03327991641122873,7,25,0,0,,Apple,iPhoneSE2Gen,2024-11-16 01:21:08.123000,ios,0.055292398100681865,0.022012481689453127,3,db97682e-a676-4caa-9d21-b5eab90fb59f,1907,33,e93d0ccb-a807-4536-9550-e3f230c9eb38,2024-11-10 07:33:07.821000,v1.10 - Skipits - New Users,Skipits - Middle Prices
KR,2024-11-03T05:49:27.000Z,0.10296863550000002,13,90,0,0,com.android.vending,samsung,SM-S918N,2024-11-16 01:22:09.424000,android,2.0885776256762076,1.9856089901762073,51,114fda46-8ba8-4d4d-a66f-eceaede7329f,6877,63,6d8041a1-2d68-4fba-8958-f80ab9183ca4,2024-11-09 00:57:31.122000,v1.10 - Skipits - Existing Users,Skipits - Middle Prices
NL,2024-07-23T17:48:18.000Z,,0,66,0,0,com.android.vending,samsung,SM-S911B,2024-11-16 01:22:43.093000,android,0.09837168324084472,0.09837168324084472,4,eeb9e4eb-aae9-4a85-bee2-4a2c96208626,3161,181,95096a60-ae77-4a39-a962-a0bb595587b6,2024-11-10 22:35:27.439000,v1.10 - Skipits - Existing Users,Skipits - High Prices
US,2024-09-15T01:34:24.000Z,,0,18,0,0,com.android.vending,samsung,SM-G975U1,2024-11-16 01:23:15.209000,android,0.3766571789790464,0.3766571789790464,10,fb242edc-e3c6-4516-9589-0d9f1f99c1b8,1304,77,6528bc41-d7ba-49bc-8d8c-25a48af49cc5,2024-11-08 15:17:57.424000,v1.10 - Skipits - Existing Users,Skipits - Middle Prices
JP,2024-11-08T14:18:43.000Z,0.00248,1,16,0,0,com.android.vending,Google,Pixel 6a,2024-11-16 01:23:46.137000,android,0.011022271137237548,0.008542271137237548,2,1530f864-40a5-4fd6-906a-fc65adba1000,911,30,7c488d2d-647e-41d6-9c77-b9728d055a94,2024-11-08 14:18:51.567000,v1.10 - Skipits - New Users,Skipits - High Prices
BR,2024-11-16T01:09:42.000Z,0.030635660590699998,8,83,0,0,com.android.vending,motorola,moto g(20),2024-11-16 01:25:42.277000,android,0.12648936280431095,0.09585370221361096,14,6f8df8b9-5c3e-4867-beb2-8d0c309cb8c9,4363,2,c7269e08-e83e-411c-8f4e-4425c7e741d9,2024-11-16 01:09:52.613000,v1.10 - Skipits - New Users,Skipits - High Prices
US,2024-11-12T02:56:42.000Z,0.04357026908149992,5,20,0,0,,Apple,iPhone14Plus,2024-11-16 01:26:02.204000,ios,0.10134695565230066,0.05777668657080076,5,60b3190c-195e-405a-9483-14699d396409,2306,12,1ac1dc8c-17b9-413e-8851-ed7b888becfa,2024-11-12 02:56:48.783000,v1.10 - Skipits - New Users,Skipits - High Prices
BR,2024-11-16T01:26:18.000Z,,0,26,0,0,com.android.vending,samsung,SM-S928B,2024-11-16 01:26:26.981000,android,0.055422451000000005,0.055422451000000005,2,68a96f3f-6744-4adb-8df5-930c9bb4b957,952,1,d1d7821d-84bd-4063-a576-07780a4bd246,2024-11-16 01:26:26.981000,v1.10 - Skipits - New Users,Skipits - Middle Prices
US,2024-11-09T03:56:21.000Z,,0,23,0,0,com.android.vending,realme,RMX1971,2024-11-16 01:27:03.538000,android,0,,0,6e4bc9a6-e10c-43e6-8ad4-50785f16317b,324,16,368627da-904a-4e7c-ade7-2ea74a2dbba8,2024-11-09 07:59:56.896000,v1.10 - Skipits - Existing Users,Skipits - Middle Prices
MX,2024-09-30T22:52:06.000Z,0.005443981428571428,2,0,0,0,,Apple,iPhone11,2024-11-16 01:27:14.890000,ios,0.013006813799504779,0.007562832370933353,3,4a656bdf-0e47-4a29-bb97-e548cbfe7001,349,276,13b5d386-a569-4669-aba7-4ae9c72515c6,2024-11-10 03:45:24.891000,v1.10 - Skipits - Existing Users,Skipits - Middle Prices
JP,2024-11-14T15:26:01.000Z,0.18266906526835705,10,59,0,0,,Apple,"iPhone17,2",2024-11-16 01:27:39.880000,ios,0.8889035291606378,0.7062344638922804,28,a7d350ae-04ad-4815-ad34-7012491e0538,6154,23,f3a1d0fa-1f49-4880-adea-d79c07e9b6bd,2024-11-14 15:26:08.817000,v1.10 - Skipits - New Users,Control
MX,2024-09-25T14:27:40.000Z,,0,0,0,0,com.android.vending,ZTE,ZTE A7050,2024-11-16 01:30:38.882000,android,0,,0,ccc2f9a3-f75e-4212-84ab-73ae69204808,33,306,16ec90a1-fec8-4ace-8379-2ea4002a589e,2024-11-11 01:28:57.267000,v1.10 - Skipits - Existing Users,Control
CA,2024-10-14T22:53:01.000Z,0.018217804908752445,2,12,0,0,,Apple,iPhone15,2024-11-16 01:34:27.978000,ios,0.018217804908752445,,0,3d174a6e-5f23-4abb-9665-2f5abd9b7e3e,517,59,4fb7dd9a-114c-4647-92c9-ababb5767b39,2024-11-08 22:05:04.099000,v1.10 - Skipits - Existing Users,Skipits - Middle Prices
GB,2024-10-06T13:17:47.000Z,0.011440232276916505,2,11,0,0,,Apple,iPhone11,2024-11-16 01:35:16.298000,ios,0.011440232276916505,,0,10dc7607-fe23-4c12-a827-2c54e1319fd1,538,70,d80a21db-7a9f-4652-9c6c-dbcb87cf999e,2024-11-10 10:29:30.595000,v1.10 - Skipits - Existing Users,Skipits - High Prices
TW,2024-11-03T03:21:20.000Z,0.023360783828638095,4,29,0,0,com.android.vending,vivo,V2202,2024-11-16 01:37:55.020000,android,0.10671612044205661,0.08335533661341851,3,ecd021e8-ba7c-4f65-b07f-a672c4c072c2,1475,56,f7040ff8-0468-4031-a378-08a79c0d0c6d,2024-11-12 23:29:25.763000,v1.10 - Skipits - Existing Users,Control
PR,2024-11-08T16:02:12.000Z,,0,0,0,0,,Apple,iPhone13,2024-11-16 01:40:46.697000,ios,0,,0,bb40b1c3-0bfc-474f-b06c-41bb2608bdf1,7,43,9d108c05-41a1-4e0e-b08e-d1e0514b0ee0,2024-11-08 16:02:20.944000,v1.10 - Skipits - New Users,Skipits - Middle Prices
IT,2024-11-16T00:41:35.000Z,,0,2,0,0,com.android.vending,samsung,SM-A715F,2024-11-16 01:44:12.275000,android,0,,0,ae697093-3d0c-4553-846b-638dac41979b,68,4,3831debe-138a-4bb8-8731-a36e8e536a16,2024-11-16 00:41:42.000000,v1.10 - Skipits - New Users,Skipits - Middle Prices
US,2024-11-11T21:13:32.000Z,,0,125,0,0,com.android.vending,samsung,SM-S926U,2024-11-16 01:46:28.687000,android,5.005912294124073,5.005912294124073,37,4f78c5a6-e7a4-4db1-8b3a-233f022433f9,9739,14,e569bfc8-230e-450d-80f2-13e2e44482ff,2024-11-11 21:13:40.817000,v1.10 - Skipits - New Users,Skipits - Middle Prices
US,2024-10-25T16:06:53.000Z,0.004377853748,0,3,0,0,com.android.vending,samsung,SM-G950U,2024-11-16 01:49:50.489000,android,0.004377853748,,0,a65ed250-fb59-4631-8b52-094af4d4d0c1,202,172,4d922faa-e493-4f36-b811-e01ccc70a4b8,2024-11-07 21:10:13.764000,v1.10 - Skipits - Existing Users,Skipits - Middle Prices
CA,2024-11-05T00:13:38.000Z,,0,3,0,0,com.android.vending,samsung,SM-S908W,2024-11-16 01:50:45.507000,android,0,,0,81c179d9-08bd-4788-860f-75b3e52cb2fd,144,26,f7f31c20-bdbb-47d2-84b7-1a2c95a1b3ef,2024-11-10 23:56:10.920000,v1.10 - Skipits - Existing Users,Skipits - High Prices
US,2024-10-29T18:36:31.000Z,0.00643360760870434,2,15,0,0,com.android.vending,Google,Pixel 5a,2024-11-16 01:51:09.315000,android,0.04774995155596997,0.04131634394726563,10,1bb5a731-2932-4b09-a23b-484fd04eb8ec,1105,181,71fea88a-ccca-4100-a0fc-61a75da35816,2024-11-08 05:40:53.969000,v1.10 - Skipits - Existing Users,Skipits - Middle Prices
US,2024-11-11T11:46:37.000Z,0.06040354383407594,10,43,0,0,,Apple,iPhone15,2024-11-16 01:51:17.922000,ios,0.13851842801986694,0.07811488418579102,13,5601e201-5754-43e4-9bd7-e184a171196a,3080,37,f58521fb-6266-4dac-9537-53657b810c9a,2024-11-11 11:47:06.718000,v1.10 - Skipits - New Users,Skipits - High Prices
IT,2024-11-03T16:31:00.000Z,0.012075889,2,54,0,0,com.android.vending,HONOR,ALI-NX1,2024-11-16 01:51:51.710000,android,0.028633310999999998,0.016557422,1,a4498dc0-d327-41de-922d-34673cef8e54,1874,28,1a86f0fa-de11-4491-80d0-2380a31799db,2024-11-09 20:13:58.178000,v1.10 - Skipits - Existing Users,Control
SE,2024-11-15T08:29:56.000Z,,0,1,0,0,,Apple,iPhone12Pro,2024-11-16 01:54:16.373000,ios,0,,0,94ab944b-01b9-4d8d-85d6-e2aa942af2c7,94,8,11a66a93-e4ab-4510-bdca-76d07ed6c603,2024-11-15 08:30:02.022000,v1.10 - Skipits - New Users,Skipits - Middle Prices
EC,2024-11-08T01:34:08.000Z,,0,43,0,0,com.android.vending,INFINIX,Infinix X669,2024-11-16 01:55:46.355000,android,0,,0,31d81da0-47f6-4c8c-b16b-f0873bfe2ac8,1317,33,911939d3-090c-4167-ab81-e25a9d08239f,2024-11-08 11:43:41.731000,v1.10 - Skipits - Existing Users,Skipits - Middle Prices
US,2024-10-27T23:37:56.000Z,0.028175404023442957,2,18,0,0,,Apple,iPhone12Mini,2024-11-16 01:56:11.894000,ios,0.028175404023442957,,0,f81158fb-94c5-4c9f-afa0-29be4a649de9,681,39,b2d01065-aba5-44c9-811f-1734b7f83605,2024-11-15 14:25:35.488000,v1.10 - Skipits - Existing Users,Control
JP,2024-10-04T08:31:25.000Z,0.00561887788772583,0,1,0,0,,Apple,iPhone12,2024-11-16 01:57:49.950000,ios,0.00561887788772583,,0,fb7b8184-eb4c-4a30-89bc-79b91f169abb,26,124,523e7781-b4e1-4be5-ae31-d60918192053,2024-11-12 08:41:12.351000,v1.10 - Skipits - Existing Users,Skipits - Middle Prices
US,2024-11-15T03:31:58.000Z,0.02054517745971679,0,8,0,0,,Apple,iPad10Gen,2024-11-16 01:58:19.919000,ios,0.04884484481811523,0.02829966735839844,1,fa1dc452-d0b1-488e-8b3a-deb7f88f7a73,411,4,1adb65f3-f596-45c1-947d-2505db6e63ff,2024-11-15 03:32:05.266000,v1.10 - Skipits - New Users,Skipits - High Prices
US,2024-10-18T21:02:41.000Z,0.12514143639124117,6,56,0,0,,Apple,iPhone15Pro,2024-11-16 01:59:16.271000,ios,0.31598427898375303,0.19084284259251183,7,db5dc99d-7a94-49f0-a7ca-8e911fee82eb,2546,33,7925c324-7148-4173-8d4b-0069138e8cab,2024-11-14 17:44:58.113000,v1.10 - Skipits - Existing Users,Skipits - Middle Prices
US,2024-10-05T20:23:02.000Z,0.01063272762298584,1,9,0,0,,Apple,iPhone15Pro,2024-11-16 01:59:57.967000,ios,0.01063272762298584,,0,213351d3-7c11-45cc-8ddf-4309bfefe239,264,98,a276a8f6-870c-4e5e-8b83-eae2c9f02cab,2024-11-08 17:36:57.105000,v1.10 - Skipits - Existing Users,Skipits - High Prices
TH,2024-09-02T09:21:06.000Z,0.002832199054909701,1,22,0,0,com.android.vending,samsung,SM-A715F,2024-11-16 02:04:30.130000,android,0.06485607310587006,0.06202387405096036,10,835ab6e1-854f-4cb9-8cf2-f847be8ca0d4,1153,110,2cc61205-b2c3-446c-a16b-3fb569e3cee8,2024-11-15 07:57:10.999000,v1.10 - Skipits - Existing Users,Control
US,2024-09-08T02:35:15.000Z,0.04453880310058594,1,7,0,0,,Apple,iPhone15ProMax,2024-11-16 02:06:00.662000,ios,0.04453880310058594,,0,3be867b8-ae30-4105-930e-d8a16d912986,383,88,889170f7-7834-4cab-bebe-0d837fa46cda,2024-11-08 23:43:52.630000,v1.10 - Skipits - Existing Users,Skipits - Middle Prices
ID,2024-11-15T00:25:29.000Z,0.001774995647632312,1,5,0,0,com.android.vending,vivo,V2131,2024-11-16 02:06:59.403000,android,0.001774995647632312,,0,6133bc3f-b4b1-44f1-9195-00d48c0fb29c,169,9,28bfb0ea-69dd-4ade-a463-b1e4e2a71a03,2024-11-15 00:25:38.131000,v1.10 - Skipits - New Users,Control
US,2024-10-30T15:43:48.000Z,,0,59,0,0,com.android.vending,samsung,SM-G998U,2024-11-16 02:08:01.447000,android,1.4284148477124654,1.4284148477124654,15,2fde9004-65ec-44cc-afd3-3c02b8269b6d,3434,107,018676dd-40bd-4399-b9e7-00261845feea,2024-11-09 14:03:16.920000,v1.10 - Skipits - Existing Users,Skipits - High Prices
JP,2024-10-15T14:02:21.000Z,0.0175046119818,5,28,0,0,com.android.vending,Sony,SOG09,2024-11-16 02:08:18.642000,android,0.0175046119818,,0,f2b37251-70aa-4412-aeae-4b52616513a0,1165,141,3eae67bf-1b85-40a9-bb1a-26bdcd3b6d14,2024-11-09 13:53:59.590000,v1.10 - Skipits - Existing Users,Skipits - Middle Prices
JP,2024-10-02T01:48:02.000Z,,0,2,0,0,,Apple,iPhoneXS,2024-11-16 02:09:02.232000,ios,0,,0,6ca22433-b851-4f0f-be42-bf11836cbaaa,91,98,14437202-84bf-4291-b06c-4553263afe7e,2024-11-11 06:06:40.063000,v1.10 - Skipits - Existing Users,Control
US,2024-11-10T18:39:23.000Z,0.06275147698023079,9,43,0,0,,Apple,iPhone14Plus,2024-11-16 02:10:26.649000,ios,0.1418107463509441,0.07905926937071331,4,0254e482-6ca0-4404-b7f4-7fe824b51d8b,2888,9,fd3e1738-1768-4929-9b49-a19ba7995968,2024-11-10 18:39:31.976000,v1.10 - Skipits - New Users,Skipits - High Prices
US,2024-11-05T04:38:35.000Z,0.0124769,1,9,0,0,,Apple,iPhone14,2024-11-16 02:10:35.599000,ios,0.05358698071899414,0.04111008071899414,2,7f9d181b-3f44-4997-b0e8-e0b9f70eb609,523,18,3ae64e08-6750-441b-837f-a94fad0fbe29,2024-11-10 18:12:55.946000,v1.10 - Skipits - Existing Users,Skipits - Middle Prices
ID,2024-10-26T16:05:58.000Z,0.001059224,1,10,0,0,com.android.vending,INFINIX,Infinix X6525,2024-11-16 02:11:08.318000,android,0.001059224,,0,78c9f6e9-75f2-4288-bd42-b9cfbebbc5b3,693,96,dce7e30e-1ed0-4212-89a0-5e5888452aee,2024-11-13 09:32:18.800000,v1.10 - Skipits - Existing Users,Skipits - High Prices
US,2024-11-13T21:47:01.000Z,0.020182370378719568,1,16,0,0,com.android.vending,samsung,SM-S721U,2024-11-16 02:15:20.997000,android,0.32512593443286286,0.30494356405414325,7,fa75e40e-2fea-4b48-9b07-67aefd4b5d92,1173,7,781f0a3d-cd3b-459b-89a6-436b155444ee,2024-11-13 21:47:07.382000,v1.10 - Skipits - New Users,Skipits - High Prices
JP,2024-09-19T12:09:54.000Z,,0,42,0,0,,Apple,iPhone15,2024-11-16 02:16:13.893000,ios,0,,0,76ba7970-040e-4a5d-82fb-4fed48b2dd8b,1533,355,fd55cf5a-6779-413f-af79-183595dd653f,2024-11-11 10:26:36.868000,v1.10 - Skipits - Existing Users,Control
US,2024-11-03T01:26:42.000Z,,0,9,0,0,com.android.vending,samsung,SM-G991U,2024-11-16 02:26:50.124000,android,0.10519080249012523,0.10519080249012523,4,e426e3b7-a435-4761-9fd7-f0b577806be0,379,20,38f0519c-e054-4a04-8631-3be266488702,2024-11-12 01:49:43.031000,v1.10 - Skipits - Existing Users,Control
BR,2024-11-16T01:50:46.000Z,0.023922013169429296,7,59,0,0,com.android.vending,LENOVO,TB310FU,2024-11-16 02:28:42.036000,android,0.0634954582714699,0.03957344510204061,8,a93f44cb-fe92-4109-be4c-79f54c15f2d3,3031,2,2c012f38-6e2d-44f9-8ef6-5fb65e7dc052,2024-11-16 01:50:55.019000,v1.10 - Skipits - New Users,Skipits - High Prices
US,2024-09-17T14:40:27.000Z,,0,2,0,0,,Apple,iPhone14ProMax,2024-11-16 02:31:23.205000,ios,0,,0,82c03d2b-deaf-4ec1-b705-c184720a4f87,62,53,10407adc-7b4f-4148-acf8-41c28f82ecc7,2024-11-21 19:41:03.280000,v1.10 - Skipits - Existing Users,Skipits - High Prices
BR,2024-09-16T17:45:14.000Z,,0,11,0,0,com.android.vending,motorola,motorola edge 30 neo,2024-11-16 02:32:28.991000,android,0,,0,bdc42eed-24d1-4c98-8906-c669397ace73,423,77,d447a614-9ca3-4f33-b850-d6a9fd5a230b,2024-11-09 22:23:15.451000,v1.10 - Skipits - Existing Users,Skipits - Middle Prices
US,2024-10-30T20:32:43.000Z,,0,0,0,0,,Apple,iPhone13,2024-11-16 02:32:34.749000,ios,0,,0,9b4cca1c-c170-4174-93c5-a269d36b49a1,2,70,edb15ddb-4f11-40fe-aa47-ff4d0a5fa338,2024-11-09 19:51:18.808000,v1.10 - Skipits - Existing Users,Control
US,2024-10-30T20:32:43.000Z,,0,17,0,0,,Apple,iPhone13,2024-11-16 02:32:38.835000,ios,0,,0,88e284cf-e780-43ba-a958-b8bab2736075,515,77,edb15ddb-4f11-40fe-aa47-ff4d0a5fa338,2024-11-09 19:51:18.808000,v1.10 - Skipits - Existing Users,Control
US,2024-10-30T20:32:43.000Z,,0,24,0,0,,Apple,iPhone13,2024-11-16 02:32:41.408000,ios,0,,0,49b4c49d-8b30-478c-a04a-aae4a6a015a1,754,81,edb15ddb-4f11-40fe-aa47-ff4d0a5fa338,2024-11-09 19:51:18.808000,v1.10 - Skipits - Existing Users,Control
VN,2024-11-11T06:26:09.000Z,,0,12,0,0,com.android.vending,samsung,SM-A336E,2024-11-16 02:34:13.966000,android,0.005206123809523809,0.005206123809523809,1,3d492e57-f967-4820-be97-f4c7199fff9e,559,37,8f15164f-511f-4447-8aad-092c1b58056f,2024-11-11 06:26:17.844000,v1.10 - Skipits - New Users,Skipits - Middle Prices
IN,2024-11-14T09:31:10.000Z,0.0006662475,1,8,0,0,com.android.vending,realme,RMX3686,2024-11-16 02:35:36.502000,android,0.0006662475,,0,aa17e945-247c-43d4-b40b-b52aadd73f1d,394,17,d58524a6-0fcc-4ff5-b2a2-635fb2c4f12f,2024-11-14 09:31:19.218000,v1.10 - Skipits - New Users,Skipits - Middle Prices
US,2024-11-16T02:36:07.000Z,,0,9,0,0,,Apple,iPhone14,2024-11-16 02:36:14.568000,ios,0,,0,2eb398d1-305e-43f5-8f51-ccc19cbc9dce,296,1,fb4cd085-8220-4557-9ad1-dd8db99b3deb,2024-11-16 02:36:14.568000,v1.10 - Skipits - New Users,Skipits - High Prices
US,2024-11-09T04:00:15.000Z,0.0077227487101,1,10,0,0,com.android.vending,Google,Pixel 7 Pro,2024-11-16 02:36:57.282000,android,0.17188359374341405,0.16416084503331407,5,d6893e98-b82a-4677-9926-f45fe8b75a3b,705,26,6e62f61c-a62a-4b30-8a87-17573834d5d6,2024-11-09 04:00:21.483000,v1.10 - Skipits - New Users,Skipits - Middle Prices
BN,2024-11-16T02:37:15.000Z,,0,17,0,0,com.android.vending,vivo,V2202,2024-11-16 02:37:23.151000,android,0.048164929,0.048164929,1,210bc87c-c12c-41df-a92f-43b1c416f85f,1365,1,a3914bd5-ad91-4ee4-9c1a-4c1d372ce28e,2024-11-16 02:37:23.151000,v1.10 - Skipits - New Users,Control
CA,2024-10-13T02:48:40.000Z,0.019538915041274293,3,28,0,0,,Apple,iPhone12,2024-11-16 02:41:20.756000,ios,0.019538915041274293,,0,3632b8ee-43c3-4bdc-bd73-999eca015bbf,1150,151,725e1a3f-b60c-431d-9394-10bbbb90c3b7,2024-11-09 16:19:03.510000,v1.10 - Skipits - Existing Users,Control
US,2024-11-16T02:41:23.000Z,,0,14,0,0,,Apple,iPad9Gen,2024-11-16 02:41:30.577000,ios,0,,0,7c135e9f-5faa-4c2a-bda3-7643ab990c84,349,1,5a512b8c-9cb2-4efa-bf8b-271e96c7e298,2024-11-16 02:41:30.577000,v1.10 - Skipits - New Users,Skipits - Middle Prices
US,2024-07-31T04:03:35.000Z,,0,15,0,0,com.android.vending,Google,Pixel 8 Pro,2024-11-16 02:42:55.810000,android,0,,0,d5829edc-7def-48c6-a825-2a993d43355c,511,193,d16b3e60-3a22-488f-a89f-31995918642f,2024-11-08 17:38:01.666000,v1.10 - Skipits - Existing Users,Skipits - Middle Prices
BR,2024-10-31T06:12:13.000Z,0.0048838818246172,5,22,0,0,,Apple,iPhone12,2024-11-16 02:43:09.339000,ios,0.011734989595664089,0.006851107771046888,5,fe05c8c8-2c1c-478d-8cbb-7d60792fb620,1797,34,5eeffaf2-9c45-4950-a010-e3833740fad2,2024-11-09 02:33:53.274000,v1.10 - Skipits - Existing Users,Skipits - High Prices
TR,2024-11-07T07:08:59.000Z,0.06094546535584914,4,33,0,0,com.android.vending,samsung,SM-M526BR,2024-11-16 02:45:23.533000,android,0.23217037246360236,0.1712249071077532,26,060f6bc5-de7f-4af4-9743-f4cb112f2592,3893,46,65ed055c-fa1b-4015-97bd-71f1b86867ea,2024-11-09 23:30:15.414000,v1.10 - Skipits - Existing Users,Skipits - Middle Prices
TW,2024-11-11T06:26:20.000Z,0.028345813343434653,10,117,0,0,,Apple,iPhone14,2024-11-16 02:46:24.924000,ios,0.19576554372616578,0.1674197303827311,57,dfe2e299-cffd-4bc8-bbab-965d91c4a23e,7339,49,2511c82b-688a-42bc-9aaa-ca8e36005338,2024-11-11 06:26:28.616000,v1.10 - Skipits - New Users,Skipits - High Prices
US,2024-11-06T02:13:22.000Z,0.005210823000000001,1,18,0,0,com.android.vending,samsung,SM-S711U,2024-11-16 02:46:59.283000,android,0.09436130763339233,0.08915048463339233,7,c402e7e6-c312-4baf-89f5-0a596f02dcd4,881,46,6d746aea-b650-4c9e-8341-fe82dd0f6a86,2024-11-09 20:54:13.658000,v1.10 - Skipits - Existing Users,Skipits - High Prices
US,2024-10-20T12:32:57.000Z,,0,2,0,0,,Apple,iPhoneSE2Gen,2024-11-16 02:47:30.128000,ios,0,,0,343aa8ec-e12a-4727-a5c7-d7a046da05c4,61,23,25552fa2-56f8-4562-a7af-cad67af6473b,2024-11-10 19:05:29.758000,v1.10 - Skipits - Existing Users,Control
AU,2024-03-29T03:17:33.000Z,0.13556070899963377,6,18,0,0,,Apple,iPhone12ProMax,2024-11-16 02:49:29.153000,ios,0.1771612377166748,0.04160052871704101,1,9decce99-32e5-4d52-a7dc-cccda0537e32,3423,39,a52de4b7-9848-493e-908b-1f86a209acd4,2024-11-12 00:32:17.178000,v1.10 - Skipits - Existing Users,Skipits - Middle Prices
BR,2024-09-10T00:14:04.000Z,0.03211162182838803,14,49,0,0,,Apple,iPhone13,2024-11-16 02:50:06.456000,ios,0.05624361411262903,0.024131992284240997,10,a5130f88-c5b0-42af-b70e-2a2f25d4c6fa,2810,20,2b1aba05-edb6-40e6-b1e9-587d3f372f59,2024-11-14 00:25:41.164000,v1.10 - Skipits - Existing Users,Skipits - High Prices
HK,2024-08-18T17:34:33.000Z,0.0310508491361425,3,15,0,0,,Apple,iPhone14,2024-11-16 02:50:58.831000,ios,0.06582502558293796,0.03477417644679545,1,57a2c9cf-2ab6-4b43-96a6-3849f72ff8d1,854,327,d96f5595-f6cd-442e-af50-c695b7534648,2024-11-09 04:10:47.979000,v1.10 - Skipits - Existing Users,Control
MY,2024-11-08T02:25:10.000Z,,0,3,0,0,com.android.vending,Xiaomi,M2101K6G,2024-11-16 02:57:18.869000,android,0,,0,4b7e21b9-bedc-40d7-85b8-7576cb67f16e,116,30,e8a2e041-3f9e-450a-8b70-ea621696eeb9,2024-11-13 03:53:23.347000,v1.10 - Skipits - Existing Users,Control
US,2024-09-02T16:03:53.000Z,0.0113033,1,6,0,0,,Apple,iPhone14ProMax,2024-11-16 02:57:46.569000,ios,0.024107324696350102,0.0128040246963501,0,4b12533c-8d36-49a1-b3b9-b99cef311a39,257,162,ca7acfb1-9fb7-4045-a35a-3d1532bec35f,2024-11-09 16:21:59.233000,v1.10 - Skipits - Existing Users,Skipits - High Prices
TR,2024-10-18T09:37:47.000Z,,0,12,0,0,com.android.vending,Xiaomi,2312DRA50G,2024-11-16 02:58:03.481000,android,0.0357786215,0.0357786215,4,fa7ff944-1648-4697-8833-980da262cff0,630,153,4909fdd7-b823-4a89-89d8-618a42d6b95a,2024-11-09 08:27:16.402000,v1.10 - Skipits - Existing Users,Skipits - High Prices
BZ,2024-11-12T17:50:22.000Z,,0,25,0,0,,Apple,iPhone11,2024-11-16 03:00:09.041000,ios,0,,0,8ec5cc2f-46b7-4461-ba60-9224a01510f8,956,24,10fb765e-83be-4ddf-800e-4806fba500a4,2024-11-12 17:50:30.394000,v1.10 - Skipits - New Users,Control
KZ,2024-11-11T04:36:49.000Z,,0,6,0,0,,Apple,iPhone15Pro,2024-11-16 03:00:26.731000,ios,0,,0,97d47e53-413e-49e4-a8d6-bcee69738fdb,186,24,986379ce-5706-4d44-9ec3-597791132dad,2024-11-11 04:36:55.933000,v1.10 - Skipits - New Users,Control
AL,2024-10-10T01:25:46.000Z,,0,3,0,0,,Apple,iPhone14Pro,2024-11-16 03:00:43.093000,ios,0,,0,74e96c24-6197-4bba-81e9-4ec65f59bf8d,98,22,b2c0d781-b2d3-441c-892d-e6bdb01876e8,2024-11-12 19:49:00.970000,v1.10 - Skipits - Existing Users,Control
SG,2024-11-15T10:03:39.000Z,,0,7,0,0,,Apple,iPhone15ProMax,2024-11-16 03:01:33.701000,ios,0,,0,6273ccfe-f83f-4a04-a67c-39fad05d47ca,302,2,e3543a37-e489-4ddd-8993-dece380ec0f8,2024-11-15 10:03:46.166000,v1.10 - Skipits - New Users,Skipits - High Prices
US,2024-11-15T14:24:09.000Z,,0,5,0,0,,Apple,iPhone13,2024-11-16 03:02:04.089000,ios,0,,0,6c0d1c6b-4609-4c64-b582-45ed731a52b2,77,3,ddeb8ce8-4897-4a51-86da-e237d688239a,2024-11-15 14:24:16.659000,v1.10 - Skipits - New Users,Control
US,2024-10-25T06:08:20.000Z,0.05239172780656191,10,66,0,0,com.android.vending,samsung,SM-S926U,2024-11-16 03:03:00.249000,android,0.2900316534115681,0.23763992560500627,21,9deac4d4-d4b0-4f38-b73c-de28ec271dc1,5771,48,8264b972-3599-41cb-8630-524640859124,2024-11-08 21:05:38.741000,v1.10 - Skipits - Existing Users,Skipits - High Prices
US,2024-11-14T05:51:13.000Z,,0,6,0,0,,Apple,"iPhone17,2",2024-11-16 03:03:39.945000,ios,0,,0,36eee671-a95c-406d-87b7-4772c45347f3,180,13,bcbe0dec-20b0-40c6-b75d-5cb2ea0aef27,2024-11-14 05:51:21.013000,v1.10 - Skipits - New Users,Skipits - Middle Prices
IN,2024-09-08T04:51:19.000Z,0.0018190975000000002,2,14,0,0,com.android.vending,Nothing,AIN065,2024-11-16 03:05:20.783000,android,0.0018190975000000002,,0,dae48c2d-05a7-4405-9669-1ed59a4eecdf,522,44,c88aafe7-9f02-45b0-a7a8-dc5d3e64b03b,2024-11-13 02:36:29.969000,v1.10 - Skipits - Existing Users,Control
KW,2024-10-28T11:50:50.000Z,,0,3,0,0,,Apple,iPhone14ProMax,2024-11-16 03:08:30.264000,ios,0,,0,682059f5-847d-42a3-8884-3c4de1264d88,77,91,186636a0-cfe4-48bd-9a8b-5f43a36da472,2024-11-08 09:25:33.831000,v1.10 - Skipits - Existing Users,Skipits - High Prices
JO,2024-10-24T11:25:07.000Z,,0,0,0,0,com.android.vending,TECNO,TECNO LI9,2024-11-16 03:10:30.498000,android,0,,0,264ea23f-c07c-4fb1-b00e-d49fd4de1e84,151,120,36a4f2c6-cf22-4af7-9f35-99afb7fb8bf1,2024-11-08 07:06:30.178000,v1.10 - Skipits - Existing Users,Skipits - High Prices
PH,2024-11-15T01:14:13.000Z,0.0057045169833816545,1,4,0,0,com.android.vending,samsung,SM-A546E,2024-11-16 03:14:36.452000,android,0.0057045169833816545,,0,12302ddc-f9b0-482b-957f-3a61053b066d,217,15,ba755175-d527-4143-a615-bab027c7abc9,2024-11-15 01:14:21.823000,v1.10 - Skipits - New Users,Skipits - High Prices
TW,2024-10-19T00:07:27.000Z,,0,14,0,0,,Apple,iPhone13Pro,2024-11-16 03:17:57.306000,ios,0.07546827951732137,0.07546827951732137,10,5cb74428-f951-461d-9b8b-fcf4dbe0283e,1159,252,8f23bcf8-de7b-4bf2-b04e-b2e4bee10e43,2024-11-08 14:04:51.820000,v1.10 - Skipits - Existing Users,Control
US,2024-11-15T12:14:35.000Z,0.0856203256635742,6,26,0,0,,Apple,iPhone14,2024-11-16 03:18:44.181000,ios,0.10413197574902341,0.01851165008544921,1,6da8539b-4d3b-4267-93be-40b6aeb342f7,1381,4,e251e0fd-8124-46d5-b4a8-6565f18d8f66,2024-11-15 12:14:42.760000,v1.10 - Skipits - New Users,Control
US,2024-10-19T17:21:37.000Z,,0,147,0,0,,Apple,iPhone15Pro,2024-11-16 03:18:50.953000,ios,0.0440909538269043,0.0440909538269043,1,174d4d42-a0e2-4f08-8c39-72b4f262b129,4865,147,16a3f900-2701-498f-9475-89b7d623f9e7,2024-11-08 16:30:45.216000,v1.10 - Skipits - Existing Users,Skipits - High Prices
IQ,2024-11-16T03:20:17.000Z,,0,5,0,0,com.android.vending,Xiaomi,M2007J3SY,2024-11-16 03:20:24.743000,android,0,,0,e6f44704-cf7e-49c7-bb4c-b851ad136c89,122,1,5aca7709-7de4-4ceb-9a8b-e8b8a3fcd114,2024-11-16 03:20:24.744000,v1.10 - Skipits - New Users,Skipits - Middle Prices
US,2024-08-21T18:55:22.000Z,0.00928,1,10,0,0,,Apple,iPhone14Pro,2024-11-16 03:21:36.876000,ios,0.06175224143890381,0.05247224143890381,3,f55b3bbd-9584-4465-ba6a-9ef234ba2c78,797,69,c53aa2fc-70ea-47f3-8000-bb0e6f56a302,2024-11-12 17:18:14.535000,v1.10 - Skipits - Existing Users,Skipits - High Prices
US,2024-11-16T02:27:09.000Z,0.11055441421873517,7,53,0,0,,Apple,iPhone11ProMax,2024-11-16 03:22:29.519000,ios,0.20388788742430156,0.09333347320556641,5,ef7b0ff5-229e-4fc0-b825-04e677162c36,2304,2,de2a5d92-ba18-4070-8c21-b0528b9db591,2024-11-16 02:27:16.547000,v1.10 - Skipits - New Users,Skipits - High Prices
MX,2024-11-16T03:21:33.000Z,,0,2,0,0,com.android.vending,motorola,moto e20,2024-11-16 03:22:30.041000,android,0,,0,66a5100f-9c15-44a2-8890-643b52b46976,157,2,14798b8a-4821-4c06-8700-8a63fd5e157d,2024-11-16 03:21:44.883000,v1.10 - Skipits - New Users,Skipits - Middle Prices
US,2024-10-23T02:38:16.000Z,0.04218760249814151,16,50,0,0,,Apple,iPhoneSE3Gen,2024-11-16 03:23:25.885000,ios,0.114899293808662,0.0727116913105205,36,c3c39f96-b590-40e9-b050-9fc89ceef2eb,4528,101,0f511d16-4f3e-47c1-81f0-8fdd258bc2fe,2024-11-15 03:44:11.460000,v1.10 - Skipits - Existing Users,Control
JP,2024-11-13T21:37:03.000Z,,0,3,0,0,,Apple,iPhone13ProMax,2024-11-16 03:24:12.674000,ios,0.06907675170898438,0.06907675170898438,1,d33fb01a-0899-41e5-ba37-b4e06865343e,131,24,7e8a5460-adca-41f8-969b-e6f0e28d64e7,2024-11-13 21:37:11.025000,v1.10 - Skipits - New Users,Skipits - Middle Prices
US,2024-10-06T08:12:41.000Z,,0,12,0,0,,Apple,iPhone14Pro,2024-11-16 03:25:07.443000,ios,0.05775262069702151,0.05775262069702151,0,a6850245-60be-48e8-b9a4-730eb3b6328c,614,128,1b4b97e0-9ecf-4b5f-aa6c-6f58868e5a7c,2024-11-10 01:17:38.817000,v1.10 - Skipits - Existing Users,Skipits - Middle Prices
BR,2024-11-06T16:19:13.000Z,0.0010359842069149017,3,19,0,0,com.android.vending,motorola,moto g(20),2024-11-16 03:25:32.280000,android,0.004637251940905049,0.0036012677339901478,4,5a6b2ca4-0516-4cf6-a6f4-701cdbc8e334,1488,8,f2e2ff46-4358-41b4-9f0f-f05b574e60de,2024-11-13 04:08:44.486000,v1.10 - Skipits - Existing Users,Control
DO,2024-11-02T11:25:06.000Z,0.00033142857142857144,0,1,0,0,com.android.vending,samsung,SM-A315G,2024-11-16 03:29:17.576000,android,0.00033142857142857144,,0,223dff84-c872-46d2-9d4e-ec7da3d54455,185,20,27b30ef6-3dd9-4588-b7b8-d090ff755bb5,2024-11-09 02:31:48.779000,v1.10 - Skipits - Existing Users,Control
US,2024-11-16T03:29:23.000Z,,0,18,0,0,,Apple,iPhone13Pro,2024-11-16 03:30:00.482000,ios,0,,0,aee8618c-8280-4b16-98b9-7b4c1b8a7659,641,1,9c8cbcd6-0b4a-48ff-b42a-1168e2d468c6,2024-11-16 03:30:00.482000,v1.10 - Skipits - New Users,Skipits - High Prices
US,2024-10-28T23:30:14.000Z,,0,33,0,0,,Apple,iPhone12Pro,2024-11-16 03:30:06.051000,ios,0.6400566864013674,0.6400566864013674,5,e6f80550-4585-4946-911a-8107ba9e048e,24798,50,9ecbfda8-c856-4d23-a09e-11ebe9490416,2024-11-09 07:26:30.470000,v1.10 - Skipits - Existing Users,Skipits - Middle Prices
JP,2024-10-15T08:42:47.000Z,,0,63,0,0,,Apple,iPhone13,2024-11-16 03:30:06.129000,ios,0.043954085731240725,0.043954085731240725,3,0a98f499-32a8-40ac-8e94-d992a9c9c173,2394,89,083b57c2-1bb7-4584-96ab-a4a31cccf378,2024-11-10 23:48:46.144000,v1.10 - Skipits - Existing Users,Skipits - High Prices
JP,2024-09-29T05:25:40.000Z,,0,0,0,0,com.android.vending,OPPO,A301OP,2024-11-16 03:30:27.162000,android,0,,0,96108d10-0ef9-481a-ad83-1bf4d03f9451,0,145,260ba582-f170-4e32-bf04-1273f4cf2e61,2024-11-09 00:06:32.310000,v1.10 - Skipits - Existing Users,Skipits - Middle Prices
JP,2024-09-29T06:44:15.000Z,0.003385714285714285,1,1,0,0,,Apple,iPhoneXSMax,2024-11-16 03:30:34.192000,ios,0.003385714285714285,,0,b4276dff-f944-43b5-b1ae-6ca26ba9ee97,26,73,66a90c4d-9d04-476a-94dd-8a5c6d1191a4,2024-11-12 03:34:06.891000,v1.10 - Skipits - Existing Users,Skipits - Middle Prices
CL,2024-10-31T22:16:49.000Z,,0,2,0,0,com.android.vending,samsung,SM-S928B,2024-11-16 03:30:51.981000,android,0,,0,6fd3d79b-db60-4b29-911b-f5299f47ca62,128,11,ff0875e9-5271-4d41-9aff-11ff1091cd57,2024-11-13 22:39:33.176000,v1.10 - Skipits - Existing Users,Skipits - Middle Prices
ZZ,2024-10-09T00:07:10.000Z,0.006526809853591919,2,14,0,0,,Apple,iPhoneX,2024-11-16 03:32:23.123000,ios,0.010466299853591918,0.003939489999999999,2,62e888d2-8ff3-44ad-b1d3-c5a6e6f7d6ae,734,40,de67bf2d-f8e1-451f-a541-20e3087fd133,2024-11-09 06:27:31.844000,v1.10 - Skipits - Existing Users,Skipits - Middle Prices
MX,2024-11-02T21:16:42.000Z,,0,6,0,0,com.android.vending,OPPO,CPH2363,2024-11-16 03:33:38.601000,android,0,,1,6beefdc1-6588-4636-9020-d89ff8507489,289,62,0073fedd-e8bc-4858-87d4-55683f2fc10c,2024-11-09 03:28:21.087000,v1.10 - Skipits - Existing Users,Skipits - High Prices
JP,2024-11-07T19:09:01.000Z,0.026762129430719657,2,23,0,0,com.android.vending,SHARP,A202SH,2024-11-16 03:33:46.651000,android,0.3833841685329364,0.35662203910221674,15,57ab2e1c-9955-4bf2-b952-7b6d5bdc3498,6690,17,a8e9ee58-3073-487e-8bdd-4b7945e2ec91,2024-11-10 14:02:26.716000,v1.10 - Skipits - Existing Users,Skipits - Middle Prices
US,2024-02-21T18:01:07.000Z,0.045530497917958664,1,11,0,0,com.android.vending,Google,Pixel 7,2024-11-16 03:36:05.256000,android,0.5378398849614541,0.4923093870434955,7,7fb4cd04-b911-484c-8d74-399e6b7cd608,1018,153,893095ec-1f64-4e60-a8c2-020d82958270,2024-11-08 20:35:25.926000,v1.10 - Skipits - Existing Users,Skipits - Middle Prices
NZ,2024-10-25T23:02:19.000Z,,0,2,0,0,,Apple,iPhone15ProMax,2024-11-16 03:36:11.977000,ios,0,,0,1572fb61-ee4b-4b24-b8d5-49a6a42cc59c,748,30,a6242eff-94a6-4a8e-9b8d-b51eb7152cb9,2024-11-08 21:06:29.945000,v1.10 - Skipits - Existing Users,Skipits - High Prices
US,2024-08-26T14:14:15.000Z,,0,0,0,0,,Apple,iPhone12Pro,2024-11-16 03:36:13.719000,ios,0,,0,367e21a3-d751-47ce-84d5-c1c90c59dd72,62,61,1ad2b6e2-50ed-4676-8a82-a50055f07ec4,2024-11-11 20:52:32.635000,v1.10 - Skipits - Existing Users,Skipits - High Prices
RU,2024-11-09T05:14:49.000Z,0.0027042349057,0,6,0,0,com.android.vending,Xiaomi,Redmi Note 8 Pro,2024-11-16 03:36:35.375000,android,0.0027042349057,,0,c47e186a-12c5-4196-8a0b-0b80c1230ea9,187,46,5c811481-7782-4d74-b30b-d77fc1d83af4,2024-11-09 05:14:56.786000,v1.10 - Skipits - New Users,Skipits - Middle Prices
TR,2024-11-16T02:28:21.000Z,,0,0,0,0,com.android.vending,Xiaomi,23090RA98I,2024-11-16 03:37:07.788000,android,0,,0,e4830282-2b53-4815-aa84-2c20eb728fdd,0,2,fd95a2ff-cd46-4e9f-a1e2-8169c39e896a,2024-11-16 02:28:27.775000,v1.10 - Skipits - New Users,Skipits - Middle Prices
US,2024-11-09T22:51:01.000Z,0.029420411109924313,3,14,0,0,,Apple,iPhone15Pro,2024-11-16 03:37:57.249000,ios,0.029420411109924313,,0,8b332dac-6f46-49c7-97c1-6cab6f4e48f0,742,22,ee89510b-152c-4dc6-a57b-41007c497aa6,2024-11-09 22:51:08.402000,v1.10 - Skipits - New Users,Control
JP,2024-09-29T06:44:15.000Z,0.002817340000000001,2,2,0,0,,Apple,iPhoneXSMax,2024-11-16 03:38:59.358000,ios,0.008471240000000001,0.0056539,2,0805c8c6-90b8-487e-b924-15b247d39940,275,74,66a90c4d-9d04-476a-94dd-8a5c6d1191a4,2024-11-12 03:34:06.891000,v1.10 - Skipits - Existing Users,Skipits - Middle Prices
IN,2024-10-03T05:56:16.000Z,0.006559384,4,33,0,0,com.android.vending,vivo,V2036,2024-11-16 03:40:29.002000,android,0.02507976924299566,0.01852038524299566,13,da002376-c780-4b99-a28c-9fb44ca8920e,2047,76,5fa6143f-119e-457a-a4f7-1e16deab7a93,2024-11-11 05:23:43.728000,v1.10 - Skipits - Existing Users,Skipits - Middle Prices
US,2024-10-29T19:36:34.000Z,0.024725040225982667,5,30,0,0,,Apple,iPhone14,2024-11-16 03:41:08.634000,ios,0.032054164199829094,0.007329123973846432,1,a754824d-797b-4370-aac7-92afeb5dbf6d,1433,60,0a96b320-6f59-4d70-bf97-a77fc88b8941,2024-11-10 21:13:32.361000,v1.10 - Skipits - Existing Users,Control
GB,2024-10-28T17:26:51.000Z,0.02604060111318316,8,35,0,0,,Apple,iPad10Gen,2024-11-16 03:41:20.749000,ios,0.052162221529824394,0.026121620416641234,7,ff9b58f6-1af0-420f-b2d9-7fb0cec43378,2108,80,fcda9729-14a4-438e-98e0-0ecf67083f0f,2024-11-09 09:30:11.925000,v1.10 - Skipits - Existing Users,Control
VN,2024-08-14T16:31:20.000Z,0.01306285714285715,0,7,0,0,,Apple,iPhone13ProMax,2024-11-16 03:44:41.968000,ios,0.01306285714285715,,0,2d3be715-7e4f-4e71-bd47-115d147e824d,180,36,0c9585c4-e88d-4a81-9226-70f84d28ce9c,2024-11-16 03:44:41.927000,v1.10 - Skipits - Existing Users,Control
US,2024-09-07T19:58:29.000Z,0.5848805084228514,3,16,0,0,,Apple,iPhone15ProMax,2024-11-16 03:47:14.320000,ios,0.5848805084228514,,0,ea90adf2-6a08-4110-9ec4-d0991ad50638,714,46,5484f2da-d131-49ba-835b-743cf74b5dbf,2024-11-14 17:29:41.704000,v1.10 - Skipits - Existing Users,Control
MX,2024-11-10T18:54:18.000Z,0.028756596452774313,12,123,0,0,com.android.vending,samsung,SM-N986U,2024-11-16 03:47:15.203000,android,0.15258540957710062,0.12382881312432632,31,7effb514-0a6c-404f-82f4-769db8cae055,5478,25,d3ed8282-9fac-4f57-a007-04f203ef1472,2024-11-10 18:54:25.964000,v1.10 - Skipits - New Users,Skipits - Middle Prices
US,2024-10-20T18:54:46.000Z,,0,0,0,0,com.android.vending,samsung,SM-A156U,2024-11-16 03:48:20.013000,android,0,,0,641f7b6a-74b2-4387-9d12-930118b65d72,1,22,150720fb-d90c-46fb-a30c-b7e62d45baea,2024-11-13 04:47:08.103000,v1.10 - Skipits - Existing Users,Skipits - High Prices
BR,2024-11-15T17:18:46.000Z,,0,0,0,0,com.android.vending,samsung,SM-A315G,2024-11-16 03:48:42.559000,android,0,,0,762d4685-e076-4eed-b901-f12034edf0f7,2,16,0628687f-ddac-433a-9927-c3887d587b22,2024-11-15 17:18:56.640000,v1.10 - Skipits - New Users,Skipits - Middle Prices
US,2024-11-01T19:13:06.000Z,0.050445240867932645,3,19,0,0,,Apple,"iPhone17,1",2024-11-16 03:48:53.033000,ios,0.10984601855194118,0.05940077768400853,3,f15ad524-ef37-41b4-8da2-1b041f4b8456,1079,2,021060d8-7964-4703-8af3-78f6a060f12f,2024-11-16 03:48:53.033000,v1.10 - Skipits - Existing Users,Skipits - High Prices
PH,2024-11-15T16:31:50.000Z,0.004000643177450352,2,13,0,0,com.android.vending,samsung,SM-A047F,2024-11-16 03:48:56.725000,android,0.004000643177450352,,0,d236a281-0db5-47b7-b8b6-bbb136c39fe0,498,11,a12f5a3e-7b93-407b-a6cb-39cd8bd2365c,2024-11-15 16:48:16.185000,v1.10 - Skipits - Existing Users,Skipits - Middle Prices
US,2024-11-14T23:24:09.000Z,0.016396568,1,1,0,0,,Apple,"iPhone17,1",2024-11-16 03:49:18.181000,ios,0.016396568,,0,cde95c5b-773d-4975-bd1b-fa5552ae81e4,79,42,f8586c8c-6df1-4c92-99c3-b9f9cdad234f,2024-11-14 23:24:16.126000,v1.10 - Skipits - New Users,Skipits - Middle Prices
US,2024-11-11T23:32:40.000Z,,0,2,0,0,com.android.vending,samsung,SM-S916U1,2024-11-16 03:50:24.432000,android,0.03169,0.03169,1,fd3fa456-a406-451f-b7ed-3b2e04e02521,97,35,31f2b8b9-5aff-4f00-8fb5-d14b7920055a,2024-11-11 23:32:48.482000,v1.10 - Skipits - New Users,Skipits - High Prices
US,2024-11-07T03:14:46.000Z,0.042996814538764784,10,40,0,0,com.android.vending,samsung,SM-S928U,2024-11-16 03:50:33.639000,android,0.1816057076628646,0.13860889312409977,28,847ffba8-dada-476f-9562-dbd4fd92a074,7319,161,a0fc97f7-6e69-44c8-88cb-ec1084cabe79,2024-11-09 12:01:43.235000,v1.10 - Skipits - Existing Users,Skipits - Middle Prices
ZZ,2024-10-09T00:07:10.000Z,0.002716727733612061,1,7,0,0,,Apple,iPhoneX,2024-11-16 03:50:42.607000,ios,0.006301417350769045,0.003584689617156984,1,411ac22b-2bd7-4f9f-89fe-2ce3ddd8fb13,350,41,de67bf2d-f8e1-451f-a541-20e3087fd133,2024-11-09 06:27:31.844000,v1.10 - Skipits - Existing Users,Skipits - Middle Prices
TR,2024-11-15T18:02:46.000Z,0.0066655058694,3,39,0,0,com.android.vending,Xiaomi,M2007J3SY,2024-11-16 03:51:08.662000,android,0.0066655058694,,0,84c94a99-8d4f-4316-8871-4e640f7b3344,1732,2,bed6a85b-b21a-4d0c-8bd4-83d6dad6c508,2024-11-15 18:02:53.272000,v1.10 - Skipits - New Users,Skipits - High Prices
SA,2024-09-13T10:37:36.000Z,,0,34,0,0,,Apple,iPhone11,2024-11-16 03:52:02.742000,ios,0,,0,6aa076fa-55d2-4adb-811e-f9791b00a56e,1332,280,b9067c24-d96a-49db-9998-73ccab7a4321,2024-11-16 03:52:02.742000,v1.10 - Skipits - Existing Users,Skipits - High Prices
PL,2024-10-28T05:30:33.000Z,0.030729828872453596,2,20,0,0,com.android.vending,OPPO,CPH2557,2024-11-16 03:52:59.903000,android,0.11532969988459632,0.08459987101214272,3,07442286-97f7-4a51-8643-2e5f4eacf173,1023,21,939b9df3-3b4a-46e1-ab8e-2512d3093888,2024-11-13 15:37:15.678000,v1.10 - Skipits - Existing Users,Control
US,2024-11-09T04:55:16.000Z,0.012054397333333333,4,60,0,0,,Apple,iPadMini5Gen,2024-11-16 03:53:19.860000,ios,0.05936131262022071,0.04730691528688736,27,29644c64-a79d-4e9e-9ed1-d3caab140af4,3240,48,d700ddc2-3e61-4d7e-be98-57011ecb1deb,2024-11-09 04:55:23.329000,v1.10 - Skipits - New Users,Control
VN,2024-11-14T14:19:28.000Z,,0,9,0,0,com.android.vending,realme,RMX3461,2024-11-16 03:53:38.854000,android,0,,0,0471f19e-9922-4469-8e60-605af560bc33,350,26,f54dfc05-1a86-4858-9116-69df1ae8e18b,2024-11-14 14:19:36.628000,v1.10 - Skipits - New Users,Control
JP,2024-11-14T07:19:52.000Z,,0,129,0,0,,Apple,iPhone15Pro,2024-11-16 03:55:22.046000,ios,0.4773959926619663,0.4773959926619663,49,3ee015ea-c124-420b-ac80-fb603cb44c03,6415,8,35a58315-6f48-43f8-8175-602eb75f32f8,2024-11-14 07:19:59.895000,v1.10 - Skipits - New Users,Control
US,2024-10-23T05:21:18.000Z,0.009554199461142224,1,0,0,0,,Apple,iPhone13Pro,2024-11-16 03:56:37.855000,ios,0.009554199461142224,,1,950be6b9-a6a8-421d-88ca-baf95911d0cf,72,64,ee92511d-2e5d-478f-a896-594a739e8482,2024-11-09 05:26:13.698000,v1.10 - Skipits - Existing Users,Skipits - Middle Prices
PE,2024-11-15T06:07:31.000Z,0.002843897424866765,7,27,0,0,com.android.vending,samsung,SM-A235M,2024-11-16 03:57:24.269000,android,0.05197165250664542,0.04912775508177866,15,9411ba29-0bd2-403a-843d-8a089756a908,5009,4,5cfc23b5-036c-4018-9b8f-3fd826bb23a2,2024-11-15 06:07:48.245000,v1.10 - Skipits - New Users,Skipits - High Prices
US,2024-09-12T09:33:06.000Z,,0,2,0,0,com.android.vending,Google,Pixel 6a,2024-11-16 03:57:40.277000,android,0.04475834324295756,0.04475834324295756,1,5ffe3040-0bed-4361-abf8-147268609acd,225,135,4f15efed-8165-4f03-9728-08ba66c36d98,2024-11-10 20:18:46.446000,v1.10 - Skipits - Existing Users,Skipits - Middle Prices
TW,2024-10-20T08:35:46.000Z,0.0712869527959332,6,36,0,0,com.android.vending,OPPO,CPH2629,2024-11-16 03:57:55.872000,android,0.1754243769174614,0.10413742412152818,5,979b58d4-eb1c-4e6b-8482-4d3fb3b555f6,1776,146,d389c1bf-235e-4703-a352-92b9a8f615b8,2024-11-10 23:46:53.388000,v1.10 - Skipits - Existing Users,Skipits - Middle Prices
US,2024-11-13T15:44:17.000Z,,0,27,0,0,,Apple,iPhone15ProMax,2024-11-16 04:00:07.855000,ios,0,,0,5b6e0e61-8a21-4bd2-a451-809afd2e14ca,1272,34,e3b3277c-cc63-497a-ae68-7fbf1741c683,2024-11-13 15:44:24.116000,v1.10 - Skipits - New Users,Control
AU,2024-09-14T19:57:36.000Z,,0,4,0,0,,Apple,iPhone12,2024-11-16 04:01:51.947000,ios,0,,0,05eae1aa-5277-4076-803b-f22bd43f4778,147,85,fb65dacf-10ce-4257-b7e9-18474fb43285,2024-11-09 10:21:08.437000,v1.10 - Skipits - Existing Users,Skipits - High Prices
MX,2024-11-13T00:05:31.000Z,0.00795703931784327,8,73,0,0,com.android.vending,samsung,SM-N960F,2024-11-16 04:03:30.611000,android,0.03269423656448228,0.024737197246639007,16,6fb96145-c22b-4bd0-8ab9-a89ec4e372f8,3326,3,92ac1ec8-fad1-43b7-a3b6-f4d3a194c05a,2024-11-13 00:05:42.904000,v1.10 - Skipits - New Users,Control
US,2024-11-16T04:04:31.000Z,,0,2,0,0,,Apple,iPhone13Pro,2024-11-16 04:04:40.988000,ios,0,,0,d9f27fa8-a559-4eef-8aed-12331676d832,38,1,5cc9c142-b4fa-4887-9c02-86f6a65b5ec9,2024-11-16 04:04:40.989000,v1.10 - Skipits - New Users,Skipits - High Prices
CA,2024-10-29T03:26:13.000Z,0.023860702323913578,4,20,0,0,,Apple,iPhoneXR,2024-11-16 04:05:32.114000,ios,0.03166209869384766,0.007801396369934085,1,432cfd30-321b-41aa-91bd-bec61607fa04,1858,39,bf416a62-579c-4dcc-bafe-6cbdaa316e4a,2024-11-09 00:39:43.466000,v1.10 - Skipits - Existing Users,Control
US,2024-11-16T04:05:39.000Z,,0,9,0,0,,Apple,iPhone12ProMax,2024-11-16 04:05:47.196000,ios,0,,0,4a1c5e1f-de2f-4481-a0e7-d65aab768882,175,1,56546429-1fe1-49cf-82b3-12e2dd4fe6d3,2024-11-16 04:05:47.196000,v1.10 - Skipits - New Users,Control
US,2024-09-12T20:13:42.000Z,,1,3,0,0,com.android.vending,samsung,SM-S928U,2024-11-16 04:06:47.436000,android,0.08951668648591513,0.08951668648591513,2,f34ea3f1-85ff-44b9-aa96-6ca241ae28c3,498,368,ddf57263-34f5-4445-93eb-7a63c59e708c,2024-11-07 18:36:01.418000,v1.10 - Skipits - Existing Users,Control
US,2024-10-02T20:54:41.000Z,,0,0,0,0,,Apple,iPhone14Plus,2024-11-16 04:08:26.198000,ios,0,,0,70efff2d-e848-4e8d-bdd1-2688457d76fb,30,130,280ede49-7495-4f97-bc94-9848ff505f29,2024-11-08 15:33:53.307000,v1.10 - Skipits - Existing Users,Skipits - High Prices
US,2024-02-29T00:49:13.000Z,0.02021431624750601,2,11,0,0,com.android.vending,samsung,SM-S908U,2024-11-16 04:09:05.744000,android,0.03324745308601025,0.013033136838504246,1,09e33da5-111e-4950-812c-d77a464d4b96,465,110,a2171ad7-c3dc-4d4f-9775-d7ca65a16e71,2024-11-08 19:46:50.023000,v1.10 - Skipits - Existing Users,Skipits - Middle Prices
ID,2024-11-10T11:00:56.000Z,0.008471656927070617,6,39,0,0,com.android.vending,samsung,SM-A3460,2024-11-16 04:09:12.738000,android,0.0317686870719046,0.023297030144833974,6,f62b064a-b32b-45c8-a2c3-04f95bfce3b3,1955,34,20d0c3a0-142d-4548-9cb8-be4a3e586071,2024-11-10 11:01:04.243000,v1.10 - Skipits - New Users,Skipits - High Prices
JP,2024-07-06T01:44:16.000Z,0.029622786768407912,6,20,0,0,,Apple,iPhoneXS,2024-11-16 04:09:45.414000,ios,0.029622786768407912,,0,81ceecea-50dc-4572-ade4-5317e4d55e3a,1468,476,e98edd42-620e-47d3-952d-5f5d875338f2,2024-11-09 07:55:07.725000,v1.10 - Skipits - Existing Users,Skipits - Middle Prices
DE,2024-10-31T22:52:12.000Z,,0,0,0,0,com.android.vending,samsung,SM-G965F,2024-11-16 04:09:49.222000,android,0,,0,935f7f30-7b1c-4f02-a02c-f3e75919e39e,0,22,ac67b373-2655-4743-bb15-0fedd71ee87b,2024-11-13 01:20:19.253000,v1.10 - Skipits - Existing Users,Skipits - High Prices
AR,2024-10-30T17:21:31.000Z,0.0038775072569,2,13,0,0,com.android.vending,Xiaomi,M2012K11AG,2024-11-16 04:10:16.171000,android,0.030109549694539307,0.026232042437639307,11,d986f39d-a610-40f0-ba77-34fea80a04b8,1300,51,a7b5420f-b617-4d3f-ae85-2ad25edc4d54,2024-11-11 00:39:49.045000,v1.10 - Skipits - Existing Users,Skipits - Middle Prices
US,2024-11-10T15:25:36.000Z,0.025010812834100005,7,52,0,0,,Apple,iPhone15,2024-11-16 04:14:48.726000,ios,0.12395351275707281,0.09894269992297283,18,181d1707-ad63-439b-8b2e-4b60b34a2c8e,3601,21,63cf7a91-07bb-4419-94c5-e796deb78509,2024-11-10 15:25:42.861000,v1.10 - Skipits - New Users,Skipits - Middle Prices
PH,2024-09-26T03:57:24.000Z,,0,1,0,0,com.android.vending,vivo,V2201,2024-11-16 04:15:26.142000,android,0.00456686,0.00456686,2,a7e3ea17-d1c8-4fdf-aedc-3240a337eb74,109,64,5fa7ac52-382e-4679-bc25-e42bd66f04ed,2024-11-09 01:29:14.768000,v1.10 - Skipits - Existing Users,Skipits - Middle Prices
TH,2024-11-02T16:17:44.000Z,0.0031501097178683385,0,8,0,0,com.android.vending,vivo,vivo 1910,2024-11-16 04:15:27.209000,android,0.011439667139932625,0.008289557422064288,1,693cca79-c87b-446b-a69e-d6032fcba412,351,17,826bdc26-a829-4879-b5c1-0426663276c0,2024-11-15 11:35:00.405000,v1.10 - Skipits - Existing Users,Skipits - Middle Prices
AE,2024-11-12T06:52:43.000Z,0.021354116835309474,4,25,0,0,com.android.vending,Xiaomi,23106RN0DA,2024-11-16 04:15:49.450000,android,0.021354116835309474,,0,42622fb7-f344-4b3f-9a7f-efde17e74690,1562,6,e0ff80c8-1005-4014-9547-841fc3f19889,2024-11-12 06:52:52.748000,v1.10 - Skipits - New Users,Skipits - Middle Prices
US,2024-10-17T16:17:50.000Z,,0,5,0,0,com.android.vending,Google,Pixel 7,2024-11-16 04:16:40.702000,android,0.06824039040295757,0.06824039040295757,2,7740b15b-6181-4389-94c8-bf5254fab4a3,227,200,3e1a124f-1616-4350-9324-848a987252b8,2024-11-10 01:13:45.104000,v1.10 - Skipits - Existing Users,Skipits - Middle Prices
US,2024-11-08T23:00:48.000Z,,1,0,0,0,,Apple,iPhone14,2024-11-16 04:17:14.601000,ios,0,,0,c0e7af08-6fc7-4b3f-b04a-eeb6caad49ea,0,8,51675c7f-3b9d-4afd-9387-e95270c8233a,2024-11-08 23:01:01.748000,v1.10 - Skipits - New Users,Skipits - High Prices
CA,2024-11-07T20:57:34.000Z,0.02564201068878175,2,16,0,0,,Apple,iPhone11,2024-11-16 04:20:09.692000,ios,0.0590885934829712,0.03344658279418945,2,08d6d22c-2b64-4fb9-88e3-8ccd32274ff5,918,21,5ccb4404-2296-4634-b10b-e988f2457e18,2024-11-08 17:46:45.920000,v1.10 - Skipits - Existing Users,Control
US,2024-11-16T04:22:20.000Z,,0,17,0,0,,Apple,iPhone14,2024-11-16 04:22:26.892000,ios,0,,0,6e7efa5b-f9a7-48d6-b15c-fd810c2f1aab,406,1,e85003b1-7d6c-430c-8c6b-f8ef09b78853,2024-11-16 04:22:26.892000,v1.10 - Skipits - New Users,Control
US,2024-11-10T04:45:54.000Z,0.05572726357414609,4,24,0,0,,Apple,iPhoneSE2Gen,2024-11-16 04:23:32.507000,ios,0.05572726357414609,,0,da4d384d-b370-4fe0-a168-08628eb71545,1016,14,d23ce3ed-83e9-41be-a7eb-fb9013fb3e20,2024-11-10 04:46:01.649000,v1.10 - Skipits - New Users,Skipits - High Prices
US,2024-11-11T00:19:37.000Z,0.01188319683074951,1,15,0,0,,Apple,iPhone15,2024-11-16 04:23:37.527000,ios,0.13641070938201905,0.12452751255126955,5,f3b41cb3-23d5-4d89-b1d7-48aaa7c244f3,1013,24,67b1a93f-86ff-464f-8347-5734da60bda5,2024-11-11 00:35:04.434000,v1.10 - Skipits - New Users,Skipits - High Prices
MX,2024-09-07T06:23:12.000Z,,0,0,0,0,com.android.vending,Xiaomi,21061110AG,2024-11-16 04:26:00.547000,android,0,,0,3871c6c9-05d1-45ca-ace0-c3ce885c5e7d,20,315,e16b7b56-ca9d-47f1-ab89-f2c1f03803ee,2024-11-08 21:43:22.559000,v1.10 - Skipits - Existing Users,Control
MY,2024-07-06T06:22:27.000Z,,0,18,0,0,,Apple,iPhoneXS,2024-11-16 04:27:07.809000,ios,0.09124645996093747,0.09124645996093747,5,36f22cf3-d946-4afe-bb56-4aeaf8636b36,727,110,32b79907-1031-4c14-a500-ef9b946a4e85,2024-11-10 06:47:39.661000,v1.10 - Skipits - Existing Users,Skipits - Middle Prices
TW,2024-11-08T06:52:49.000Z,,0,13,0,0,,Apple,"iPhone17,2",2024-11-16 04:28:44.464000,ios,0.24539626907348638,0.24539626907348638,5,0b7dc736-bd50-411a-b371-48dd08b021fd,671,40,cb6dd94e-0bda-47dd-a4b3-cf5030d797c3,2024-11-10 11:53:29.377000,v1.10 - Skipits - Existing Users,Control
US,2024-11-11T18:50:47.000Z,,0,0,0,0,,Apple,iPhone14,2024-11-16 04:29:13.455000,ios,0,,0,90784153-bd25-45fc-bf17-0d48ce616ca1,1,6,764ae782-e323-4142-a942-5c99aef5b70b,2024-11-11 18:50:53.928000,v1.10 - Skipits - New Users,Skipits - High Prices
US,2024-11-10T16:04:35.000Z,0.022533974000000002,2,11,0,0,com.android.vending,samsung,SM-G781V,2024-11-16 04:31:17.478000,android,0.06729231724295756,0.04475834324295756,1,cc427e49-0932-496f-b862-e43bf2feddc1,639,6,e2461327-28f9-4c9c-82dc-d8e644fbeb5c,2024-11-13 04:04:12.272000,v1.10 - Skipits - Existing Users,Control
PH,2024-09-27T14:12:28.000Z,0.0058955781661,3,12,0,0,com.android.vending,samsung,SM-A556E,2024-11-16 04:35:23.448000,android,0.0081787485886,0.0022831704225,1,094dd80d-bb1e-4656-955c-3d67f2508577,712,35,8110b70d-883a-4d4d-8f9f-8fccc053284a,2024-11-09 09:46:52.323000,v1.10 - Skipits - Existing Users,Control
US,2024-10-25T14:36:58.000Z,0.007092072312057496,2,10,0,0,com.android.vending,samsung,SM-G996U,2024-11-16 04:36:02.502000,android,0.030518580454195296,0.0234265081421378,4,e1c4270d-1ccd-4ea6-89e4-eefa35a13bc9,975,131,456405a4-4572-41fc-8946-997430f08820,2024-11-09 23:23:10.895000,v1.10 - Skipits - Existing Users,Skipits - Middle Prices
GB,2024-11-16T04:37:21.000Z,,0,22,0,0,,Apple,iPhone13,2024-11-16 04:37:27.649000,ios,0,,0,c9518ee3-c884-483b-9726-8370ee96c8ea,702,1,3305da56-f06d-48fb-b8d9-efba7f9df105,2024-11-16 04:37:27.650000,v1.10 - Skipits - New Users,Control
US,2024-09-02T16:03:53.000Z,0.0263515565436227,2,36,0,0,,Apple,iPhone14ProMax,2024-11-16 04:38:15.870000,ios,0.10339195039707728,0.0770403938534546,7,168e2376-48a3-4738-becf-6da20d025356,1323,165,ca7acfb1-9fb7-4045-a35a-3d1532bec35f,2024-11-09 16:21:59.233000,v1.10 - Skipits - Existing Users,Skipits - High Prices
US,2024-11-16T04:38:31.000Z,,0,12,0,0,,Apple,iPhone15,2024-11-16 04:38:38.455000,ios,0,,0,5a77eb92-f0b9-4902-927c-01bf0fa9da41,543,1,bcecef39-d2fc-44cb-85aa-3a1dc6e0efd8,2024-11-16 04:38:38.455000,v1.10 - Skipits - New Users,Control
MX,2024-11-16T04:39:22.000Z,,0,18,0,0,com.android.vending,samsung,SM-A546E,2024-11-16 04:39:29.608000,android,0,,0,2742765f-1bed-4118-bb13-545c8a27b637,521,1,d03cf427-0684-40cb-b9de-b6d77f3c9e3a,2024-11-16 04:39:29.608000,v1.10 - Skipits - New Users,Control
IN,2024-11-16T04:44:05.000Z,,0,4,0,0,com.android.vending,Nothing,A142,2024-11-16 04:44:19.739000,android,0,,0,3348e8a1-33f2-4490-a1c4-50e582132277,91,1,8dd6cd77-b623-4f8d-86dc-0694a6bc2ee5,2024-11-16 04:44:20.633000,v1.10 - Skipits - New Users,Control
JP,2024-10-03T08:55:32.000Z,0.012250532484405514,3,22,0,0,,Apple,iPhoneSE3Gen,2024-11-16 04:45:21.181000,ios,0.03885331187283325,0.026602779388427734,4,a73000fd-3b60-48c1-9728-9aa9449aba5e,1083,79,6d3425a9-6d9b-48b6-ad47-c1d755158a22,2024-11-11 12:40:52.341000,v1.10 - Skipits - Existing Users,Control
CA,2024-11-09T02:53:20.000Z,0.002905389070510864,0,10,0,0,,Apple,iPhone15ProMax,2024-11-16 04:46:02.869000,ios,0.024412293070510863,0.021506903999999997,3,96d81453-7bbe-4e52-ac33-d936ad8a46b3,380,37,a3753b54-eb73-451e-8342-10c36191ae85,2024-11-09 02:53:26.721000,v1.10 - Skipits - New Users,Skipits - Middle Prices
KE,2024-11-09T16:31:40.000Z,0.004498161904761905,3,17,0,0,com.android.vending,HUAWEI,STK-L21,2024-11-16 04:46:23.361000,android,0.004498161904761905,,0,3a7f9d04-27aa-4bac-bfbe-6d0b75eb0768,908,6,e068e195-45b8-44d4-b0c1-061e6a33b1e8,2024-11-09 16:31:51.300000,v1.10 - Skipits - New Users,Skipits - Middle Prices
ID,2024-10-29T10:17:18.000Z,,0,0,0,0,com.android.vending,ITEL,itel S681LN,2024-11-16 04:46:53.377000,android,0,,0,83031e4b-fce3-484b-967b-100d108aacee,33,20,7a435b2b-cf24-4555-945e-80f681234f9b,2024-11-16 04:32:39.670000,v1.10 - Skipits - Existing Users,Skipits - High Prices
ID,2024-09-13T10:59:25.000Z,,0,4,0,0,com.android.vending,Xiaomi,23053RN02A,2024-11-16 04:47:55.504000,android,0,,0,e916d93e-0723-4aa7-b2a0-7cbc975130f6,140,120,295ebde7-028c-4b1a-9118-f6f90072d2cc,2024-11-10 22:14:11.343000,v1.10 - Skipits - Existing Users,Skipits - High Prices
UA,2024-11-11T08:22:07.000Z,0.001674083,1,8,0,0,com.android.vending,Xiaomi,24040RN64Y,2024-11-16 04:49:14.182000,android,0.001674083,,0,5d9e7c91-aa4b-416a-977e-c5dcbc8adc73,304,16,1899fd8f-78b6-42a8-bbdb-2a0ee364328c,2024-11-11 08:22:14.336000,v1.10 - Skipits - New Users,Skipits - Middle Prices
KR,2024-11-16T04:49:38.000Z,,0,9,0,0,,Apple,iPhone13Pro,2024-11-16 04:49:46.176000,ios,0,,0,8545106a-6b54-4247-9fb4-c28be29d56cb,217,1,0e9e4db0-7e78-41ed-817e-c0ebea2a53b7,2024-11-16 04:49:46.176000,v1.10 - Skipits - New Users,Control
US,2024-10-13T03:30:44.000Z,0.16051282296820846,8,31,0,0,com.android.vending,samsung,SM-N975U1,2024-11-16 04:50:04.379000,android,0.5213641290274384,0.36085130605922994,6,ea746039-0606-4b88-a077-3e1be23edf61,1820,42,9e4b11c6-0aa2-4ef4-a7fa-8d88ec57368c,2024-11-08 02:05:24.474000,v1.10 - Skipits - Existing Users,Control
US,2024-10-23T02:38:16.000Z,0.022027335004433046,10,45,0,0,,Apple,iPhoneSE3Gen,2024-11-16 04:51:22.670000,ios,0.12256495018275343,0.10053761517832038,43,393a7b08-8121-411a-92fd-ace916e8d15f,4240,102,0f511d16-4f3e-47c1-81f0-8fdd258bc2fe,2024-11-15 03:44:11.460000,v1.10 - Skipits - Existing Users,Control
IN,2024-10-13T07:46:32.000Z,0.006911137381442934,3,17,0,0,,Apple,iPhone12Pro,2024-11-16 04:55:40.672000,ios,0.025268039381442935,0.018356902,2,f79cecf4-bd15-4457-bba8-8aaceb8c8008,930,38,40bef6a9-5872-4c6a-8e16-615a3a558a17,2024-11-11 13:09:16.286000,v1.10 - Skipits - Existing Users,Skipits - Middle Prices
US,2024-06-30T16:00:21.000Z,,0,2,0,0,,Apple,iPhone13ProMax,2024-11-16 04:56:10.654000,ios,0,,0,57a1a533-9868-4be5-baaa-36d4948d88fb,180,620,89f8896b-45fd-45e1-b5fe-ae067c4eb4d0,2024-11-09 20:18:53.645000,v1.10 - Skipits - Existing Users,Skipits - Middle Prices
CA,2024-10-14T18:29:06.000Z,0.010458157,2,17,0,0,,Apple,iPhoneXR,2024-11-16 04:56:17.546000,ios,0.010458157,,0,d5225684-f0de-4e5a-937e-8a5c3f491598,619,84,9685a623-b425-449e-8c85-7c95a5da44ed,2024-11-11 19:00:51.322000,v1.10 - Skipits - Existing Users,Skipits - Middle Prices
JP,2024-11-01T16:34:41.000Z,,0,1,0,0,,Apple,iPhone15ProMax,2024-11-16 04:56:36.644000,ios,0,,0,12fc6e97-85c9-4989-be8a-aa57c995364d,92,74,c1c70117-7ca7-414b-acde-b2e2401a6546,2024-11-09 00:02:53.287000,v1.10 - Skipits - Existing Users,Skipits - High Prices
JP,2024-10-28T09:37:24.000Z,0.009832398891448973,2,22,0,0,,Apple,iPhone13,2024-11-16 05:00:24.073000,ios,0.042983050823211674,0.0331506519317627,5,4fbb95c0-02b0-48ca-b425-4d1ade3b6dfb,1827,80,a35ba5a5-cb7e-46f9-ba98-da45c8c33a0c,2024-11-13 13:10:01.335000,v1.10 - Skipits - Existing Users,Skipits - High Prices
CA,2024-11-13T17:29:15.000Z,0.2880107304094239,7,35,0,0,,Apple,iPhone14Pro,2024-11-16 05:01:37.197000,ios,0.6981854963568117,0.41017476594738767,8,414fc8ba-a34e-436a-8be9-cf146eaf2371,2535,5,44f1ebb6-7572-45e0-a062-db663b5c1882,2024-11-13 17:29:22.377000,v1.10 - Skipits - New Users,Skipits - High Prices
US,2024-11-16T00:38:30.000Z,0.032058331512899996,3,60,0,0,com.android.vending,Google,Pixel 8 Pro,2024-11-16 05:06:08.227000,android,0.3165647699987581,0.2845064384858581,18,091570c3-d33a-4c5a-be78-551b4c0390d4,2873,8,d8d9e5cf-b7dc-458a-8006-adc974caad28,2024-11-16 05:05:55.250000,v1.10 - Skipits - New Users,Skipits - Middle Prices
JP,2024-10-03T23:35:42.000Z,0.01752224655775797,3,22,0,0,,Apple,iPhone7,2024-11-16 05:07:05.455000,ios,0.046664844040820705,0.029142597483062735,3,41531530-44b5-4e61-9a66-ce193069799b,881,112,e21e09eb-008e-41d0-b35c-95356a8aeeb7,2024-11-10 17:17:58.798000,v1.10 - Skipits - Existing Users,Skipits - Middle Prices
HK,2024-11-15T02:29:36.000Z,,0,0,0,0,com.android.vending,Google,Pixel 7,2024-11-16 05:08:07.949000,android,0,,0,83028225-c08b-43f0-8f07-d9194a27a537,0,15,4e85830c-82b4-4508-8f9e-6d55a35026a6,2024-11-15 02:29:41.323000,v1.10 - Skipits - New Users,Skipits - Middle Prices
TW,2024-10-25T10:35:49.000Z,,0,33,0,0,com.android.vending,samsung,SM-S9080,2024-11-16 05:09:57.443000,android,0.05407004927304005,0.05407004927304005,18,cd2a13f1-2438-4c5d-a97d-a5cab2168b2c,3842,284,c401908b-300e-492e-bfe1-4d80db0e8067,2024-11-11 08:53:04.973000,v1.10 - Skipits - Existing Users,Control
JP,2024-11-07T01:30:27.000Z,0.008404446,4,25,0,0,,Apple,iPhone14ProMax,2024-11-16 05:10:04.393000,ios,0.059480458506414674,0.05107601250641467,24,304cf623-a158-4129-9031-8d38efa30155,2587,51,9e80ce10-49ab-431c-93c1-51da489d2760,2024-11-09 13:17:19.033000,v1.10 - Skipits - Existing Users,Skipits - Middle Prices
US,2024-11-11T21:21:25.000Z,,0,5,0,0,,Apple,iPhone12Pro,2024-11-16 05:11:41.023000,ios,0,,0,a5926276-50b0-4e0f-89ae-4a7f0fe271c6,164,18,6a418677-edfc-45d8-b0de-16bbc0638a67,2024-11-11 21:21:33.103000,v1.10 - Skipits - New Users,Skipits - High Prices
JP,2024-11-16T05:14:14.000Z,0.04049619047619048,1,24,0,0,,Apple,iPhone13Mini,2024-11-16 05:14:22.086000,ios,0.04049619047619048,,0,be22a587-d703-47a2-9de4-c16a6dada24e,786,1,cf496ee4-67a5-4bcb-a425-371b99adf0ab,2024-11-16 05:14:22.086000,v1.10 - Skipits - New Users,Skipits - Middle Prices
MX,2024-11-01T04:29:48.000Z,0.0089525678452,5,33,0,0,com.android.vending,samsung,SM-S908U,2024-11-16 05:18:33.832000,android,0.04447016396045519,0.035517596115255186,14,7f31bcb6-f42b-406f-99f9-53403929236e,2557,28,51e072e0-3845-4497-87af-38b0b8270ee0,2024-11-11 17:37:32.943000,v1.10 - Skipits - Existing Users,Skipits - High Prices
US,2024-11-15T19:41:56.000Z,0.13168148422241213,4,13,0,0,,Apple,"iPhone17,2",2024-11-16 05:20:08.813000,ios,0.40496791358374024,0.27328642936132813,6,c13d0878-cab0-4958-a3fa-d060a47f6acd,1625,3,7f5267db-d2d0-43c6-a7ec-534f75912531,2024-11-15 19:42:04.902000,v1.10 - Skipits - New Users,Control
US,2024-11-10T04:20:20.000Z,,0,7,0,0,,Apple,iPhone14,2024-11-16 05:22:08.475000,ios,0,,0,40cd1444-44b0-487b-9dc4-6aeb13d6f500,214,22,25190e2c-3b56-4920-8e3b-8df9872d5717,2024-11-10 04:20:28.063000,v1.10 - Skipits - New Users,Control
US,2024-11-10T04:20:20.000Z,,0,24,0,0,,Apple,iPhone14,2024-11-16 05:22:16.879000,ios,0,,0,2c0332ff-63df-4adf-8455-afd9acc6f8f1,711,35,25190e2c-3b56-4920-8e3b-8df9872d5717,2024-11-10 04:20:28.063000,v1.10 - Skipits - New Users,Control
US,2024-11-10T04:20:20.000Z,,0,5,0,0,,Apple,iPhone14,2024-11-16 05:22:19.695000,ios,0,,0,023a7314-e3a4-4fff-8af6-7b62e36e7b08,238,38,25190e2c-3b56-4920-8e3b-8df9872d5717,2024-11-10 04:20:28.063000,v1.10 - Skipits - New Users,Control
US,2024-11-10T04:20:20.000Z,,0,27,0,0,,Apple,iPhone14,2024-11-16 05:22:19.898000,ios,0,,0,e1a3cfcf-2659-471d-bf45-85302cace3e5,857,39,25190e2c-3b56-4920-8e3b-8df9872d5717,2024-11-10 04:20:28.063000,v1.10 - Skipits - New Users,Control
LV,2024-11-15T13:03:06.000Z,0.010609172244703204,13,129,0,0,com.android.vending,Xiaomi,23090RA98G,2024-11-16 05:25:10.653000,android,0.09476425502363388,0.08415508277893069,38,427bb9c9-deb5-40e5-8986-fae96b1325fd,7644,6,bda9b74b-2354-4a02-9cc9-91c986de2bd1,2024-11-15 13:03:13.093000,v1.10 - Skipits - New Users,Skipits - Middle Prices
KR,2024-11-12T13:14:20.000Z,,0,16,0,0,com.android.vending,samsung,SM-N981N,2024-11-16 05:27:53.553000,android,0.12739768673,0.12739768673,6,890ee961-b1e0-4b0d-ae60-b1d4273d11c4,1012,10,269baab0-da7e-4c61-8781-92b1d07d18ba,2024-11-12 13:14:28.341000,v1.10 - Skipits - New Users,Skipits - Middle Prices
TW,2024-11-14T06:07:50.000Z,,0,14,0,0,,Apple,iPhone13Pro,2024-11-16 05:31:29.117000,ios,0.217637607170161,0.217637607170161,6,d9be2031-c5b1-4455-88e7-b45df2def0e9,745,21,45e3c7ce-2ff0-4f4e-b0f1-9e90c2fe5c74,2024-11-14 06:07:57.677000,v1.10 - Skipits - New Users,Skipits - High Prices
IN,2024-11-11T06:07:32.000Z,0.00172584122,1,11,0,0,com.android.vending,samsung,SM-S908E,2024-11-16 05:32:12.131000,android,0.00172584122,,0,deccbb2e-9cf3-4f48-96a9-0292b660c0df,434,29,e3904212-73e2-42f5-8aec-5016a7433aea,2024-11-11 06:07:39.762000,v1.10 - Skipits - New Users,Skipits - High Prices
MX,2024-11-15T19:16:58.000Z,0.0008610114838,1,8,0,0,com.android.vending,HUAWEI,JKM-LX3,2024-11-16 05:34:32.961000,android,0.0008610114838,,0,6f16706a-b241-471a-ac41-2b29a17aa295,692,6,1b670271-31f8-4a1d-b91e-75f4405a0ce8,2024-11-15 19:17:14.055000,v1.10 - Skipits - New Users,Control
GB,2024-09-27T05:07:35.000Z,0.005566956996917725,0,0,0,0,,Apple,iPhone14ProMax,2024-11-16 05:34:49.707000,ios,0.005566956996917725,,0,6ce96a62-eefb-4267-886e-da07d24f3bb4,0,209,2feb4f7b-affa-42a7-a801-8e16a09d0498,2024-11-10 03:35:23.571000,v1.10 - Skipits - Existing Users,Skipits - Middle Prices
US,2024-09-19T04:18:06.000Z,0.00578297,1,9,0,0,com.android.vending,samsung,SM-F936U1,2024-11-16 05:35:40.080000,android,0.021119287,0.015336317,1,ed977c27-9960-47b6-b83f-b610d6aed46d,388,70,62f9eb9d-a776-4a75-a0a6-160ac480622d,2024-11-08 22:29:47.065000,v1.10 - Skipits - Existing Users,Control
JP,2024-11-12T06:01:14.000Z,,0,62,0,0,,Apple,iPhone15ProMax,2024-11-16 05:37:09.048000,ios,0.1940894012451172,0.1940894012451172,1,fe030b46-e61f-4113-944c-53168a816320,1869,19,e665ad56-e6e3-4cd5-912d-5e3263f82816,2024-11-12 06:01:23.142000,v1.10 - Skipits - New Users,Skipits - High Prices
BR,2024-08-30T15:24:36.000Z,,0,10,0,0,com.android.vending,Xiaomi,M2102J20SG,2024-11-16 05:43:36.280000,android,0.011659927381391797,0.011659927381391797,2,d916e645-0f27-461c-beda-d2cccfd18c16,376,329,ed1a8e0a-34dc-4c26-88c1-1a4971b9c4ce,2024-11-09 14:08:17.730000,v1.10 - Skipits - Existing Users,Skipits - High Prices
JP,2024-09-27T00:19:07.000Z,0.005871059613738743,1,15,0,0,,Apple,iPhone13,2024-11-16 05:44:11.517000,ios,0.06027307306897845,0.054402013455239706,7,2b8b3812-49b0-47a0-8b02-6a5192787f27,1744,193,767beb2a-028f-4244-9b94-227264e59ad9,2024-11-16 04:06:08.652000,v1.10 - Skipits - Existing Users,Skipits - High Prices
US,2024-11-04T02:28:48.000Z,,0,8,0,0,,Apple,iPhone14ProMax,2024-11-16 05:47:27.096000,ios,0.08472905731201173,0.08472905731201173,4,cf071b67-4f6d-4886-a5c2-98e5e3684ddb,1387,158,d005ac76-d5e5-4343-8a37-cdff7dcfac42,2024-11-08 13:57:58.759000,v1.10 - Skipits - Existing Users,Skipits - Middle Prices
JP,2024-11-09T08:39:26.000Z,,0,0,0,0,,Apple,iPhone15ProMax,2024-11-16 05:48:43.540000,ios,0,,0,69b5df96-f154-4705-9462-751d419949ad,90,29,d8a7bdc2-90df-4666-a1a2-891a83afec65,2024-11-09 08:39:34.552000,v1.10 - Skipits - New Users,Skipits - Middle Prices
TW,2024-10-27T01:06:28.000Z,0.07653479560597612,4,34,0,0,com.android.vending,samsung,SM-A5260,2024-11-16 05:52:54.217000,android,0.10327736597981885,0.026742570373842728,2,85c7dbfa-c59f-4351-a5d9-d40d8683429f,1515,33,f24cf9a4-85d2-4da7-8107-8f71b1e2af3a,2024-11-08 09:37:33.104000,v1.10 - Skipits - Existing Users,Control
US,2024-09-27T12:58:28.000Z,0.03828496170043946,2,37,0,0,,Apple,iPhone14Pro,2024-11-16 05:55:50.770000,ios,0.42525255364190967,0.3869675919414702,17,4f3221f8-a118-413d-8789-b4b2c75c45a3,2250,24,afd68b53-73b6-416f-bb87-86876369ca2d,2024-11-08 21:40:20.691000,v1.10 - Skipits - Existing Users,Skipits - Middle Prices
TW,2024-10-21T11:06:26.000Z,,0,0,0,0,,Apple,iPhone15,2024-11-16 05:58:26.037000,ios,0,,0,4677c2d0-b441-402a-9abc-86c3bf964fee,1,93,51f9d8a9-d115-4b55-a0f9-1061bbdb86cd,2024-11-09 04:24:05.524000,v1.10 - Skipits - Existing Users,Skipits - High Prices
US,2024-10-17T16:17:50.000Z,,0,1,0,0,com.android.vending,Google,Pixel 7,2024-11-16 05:59:31.881000,android,0.022321754455566407,0.022321754455566407,1,1ca699bd-202a-4f1d-aabb-8c680c1cff8d,138,202,3e1a124f-1616-4350-9324-848a987252b8,2024-11-10 01:13:45.104000,v1.10 - Skipits - Existing Users,Skipits - Middle Prices
TH,2024-09-27T22:06:36.000Z,0.04071186511688312,5,23,0,0,,Apple,iPhone12ProMax,2024-11-16 06:00:43.186000,ios,0.07780746857349419,0.03709560345661107,5,62959cc5-f217-4ce4-8143-83c7dcbe5d62,1475,408,220d61d8-50d2-40df-ac4d-08fef0550ffe,2024-11-09 05:28:34.931000,v1.10 - Skipits - Existing Users,Skipits - Middle Prices
US,2024-11-12T02:56:42.000Z,,0,0,0,0,,Apple,iPhone14Plus,2024-11-16 06:00:53.634000,ios,0,,0,3a7dec69-2e9b-4ab4-900a-9d6844896e81,94,14,1ac1dc8c-17b9-413e-8851-ed7b888becfa,2024-11-12 02:56:48.783000,v1.10 - Skipits - New Users,Skipits - High Prices
KR,2024-10-20T14:22:35.000Z,,0,30,0,0,com.android.vending,samsung,SM-G988N,2024-11-16 06:00:58.733000,android,0.04627628805768364,0.04627628805768364,1,b4ecf442-f497-4289-bf94-1aee13a61de6,6839,108,d6fc0512-d12a-4da3-95b5-a30e5f440359,2024-11-09 15:52:35.570000,v1.10 - Skipits - Existing Users,Control
KR,2024-10-10T07:44:24.000Z,,0,0,0,0,,Apple,iPhone14ProMax,2024-11-16 06:01:20.060000,ios,0,,0,aeba9ab7-007d-4738-8518-364f54315c67,90,160,99ffcad6-2bbd-40ca-835b-3fdcd2b50a05,2024-11-26 06:06:30.835000,v1.10 - Skipits - Existing Users,Skipits - Middle Prices
JP,2024-11-01T08:05:25.000Z,,0,1,0,0,com.android.vending,Google,Pixel 8a,2024-11-16 06:01:20.489000,android,0.00951313018798828,0.00951313018798828,1,12cb7b60-dbc8-4f5d-b47f-0053c8332197,52,68,754f2a02-0d5f-4f2d-96d0-2f2ed58c906d,2024-11-08 23:45:11.106000,v1.10 - Skipits - Existing Users,Skipits - Middle Prices
MX,2024-11-04T23:47:39.000Z,,0,18,0,0,com.android.vending,HONOR,REA-NX9,2024-11-16 06:01:36.483000,android,0,,0,446b4ec1-72bc-43e7-886d-54c7dc3edfa4,810,11,db29da51-b277-4102-a12c-09578a429af5,2024-11-08 19:15:07.806000,v1.10 - Skipits - Existing Users,Skipits - High Prices
AT,2024-10-20T19:28:17.000Z,,0,83,0,0,,Apple,iPhone12,2024-11-16 06:04:27.553000,ios,0.0078,0.0078,1,18fb7071-abd8-4a03-b539-8100edead8b6,2436,731,5ae8bd3a-8a8e-43cd-99d9-e55ef8491541,2024-11-09 07:26:19.119000,v1.10 - Skipits - Existing Users,Control
IN,2024-11-13T03:59:25.000Z,0.002214285714285715,1,7,0,0,,Apple,iPhoneX,2024-11-16 06:05:43.004000,ios,0.002214285714285715,,0,707b0816-4d09-4e00-ab27-7d1161931bd6,267,19,821da67d-5401-41cb-b064-4c993f52ed68,2024-11-13 03:59:32.854000,v1.10 - Skipits - New Users,Control
JP,2024-10-22T22:03:00.000Z,0.02699108314514161,1,13,0,0,,Apple,iPhone14Pro,2024-11-16 06:06:12.294000,ios,0.11167080415165256,0.08467972100651096,3,83da38f7-2465-498a-80ba-eddc772970f2,679,93,7efc5269-2048-4685-8569-d9afcc4f157a,2024-11-09 16:09:50.987000,v1.10 - Skipits - Existing Users,Control
US,2024-10-20T06:05:30.000Z,,0,15,0,0,,Apple,iPhone14Pro,2024-11-16 06:07:07.961000,ios,0,,0,00bc2ba0-f268-40ad-9f62-5a1e93ea787d,719,114,cfc9229d-6ae9-469e-baa0-026ef1cddd31,2024-11-09 18:31:56.751000,v1.10 - Skipits - Existing Users,Skipits - High Prices
ID,2024-11-13T08:27:42.000Z,,0,39,0,0,com.android.vending,vivo,vivo 1920,2024-11-16 06:07:08.933000,android,0,,0,e7405298-9bdd-46af-b80e-8783d233167e,1327,4,ef074331-d073-44d9-9046-11f1aca094bf,2024-11-13 08:21:30.549000,v1.10 - Skipits - New Users,Control
US,2024-11-01T15:35:45.000Z,0.08915271714285714,6,36,0,0,,Apple,iPhone14Pro,2024-11-16 06:10:44.770000,ios,0.1406837263503883,0.051531009207531155,3,bd520708-1f97-4be9-b76b-9b5007a49dcf,2434,70,3e924d52-b705-4c07-a5c7-772f9df9c84d,2024-11-14 02:42:10.583000,v1.10 - Skipits - Existing Users,Control
HK,2024-10-01T04:42:17.000Z,,0,0,0,0,,Apple,iPhone13Pro,2024-11-16 06:14:54.455000,ios,0,,0,7ad1f831-8e09-4b81-a795-531656e8410b,0,132,5c54c272-06be-479d-b806-df1d700820c8,2024-11-16 02:47:25.599000,v1.10 - Skipits - Existing Users,Skipits - High Prices
JP,2024-10-04T02:04:59.000Z,,0,9,0,0,,Apple,iPhone13ProMax,2024-11-16 06:17:31.493000,ios,0,,0,8993e51c-dcf3-43cd-a86e-31a12689552c,136,157,dc945e46-3569-401f-afe4-a395c42c88e8,2024-11-10 10:19:20.248000,v1.10 - Skipits - Existing Users,Skipits - High Prices
US,2024-10-26T06:25:04.000Z,0.10584334685382389,11,51,0,0,,Apple,iPhone15ProMax,2024-11-16 06:18:18.513000,ios,0.2865253193101016,0.1806819724562778,15,69483d3d-4b80-4acc-8212-75a0f3816ee3,4511,60,ca0de0d4-3c59-4fc8-8a5b-926da00daf1d,2024-11-11 00:21:21.721000,v1.10 - Skipits - Existing Users,Skipits - Middle Prices
HK,2024-11-15T02:29:36.000Z,,0,15,0,0,com.android.vending,Google,Pixel 7,2024-11-16 06:18:24.201000,android,0.08675204467773438,0.08675204467773438,1,8c28cec0-cc93-4fa7-8674-82eb61227605,651,18,4e85830c-82b4-4508-8f9e-6d55a35026a6,2024-11-15 02:29:41.323000,v1.10 - Skipits - New Users,Skipits - Middle Prices
JP,2024-11-12T22:15:01.000Z,0.012719831466674807,2,9,0,0,,Apple,iPhone14,2024-11-16 06:19:35.204000,ios,0.022263707160949713,0.009543875694274903,2,0d116659-abe3-4fae-a3a6-e7c1399ff4ed,527,20,3419816d-bb69-4cc7-9e98-dd8eca9c2b7d,2024-11-12 22:15:08.685000,v1.10 - Skipits - New Users,Control
PL,2024-11-10T13:43:24.000Z,0.060073084390638194,11,57,0,0,,Apple,"iPhone17,3",2024-11-16 06:19:50.547000,ios,0.06836210206794532,0.008289017677307133,1,689f24be-a95d-497b-a1cd-441c0ceda274,2384,27,7ecd3f81-0a6c-4f5a-84e8-c53e4fd0c70a,2024-11-10 13:43:31.099000,v1.10 - Skipits - New Users,Skipits - Middle Prices
US,2024-10-08T18:19:35.000Z,0.006017857473828573,1,3,0,0,,Apple,iPhoneSE3Gen,2024-11-16 06:21:34.295000,ios,0.006017857473828573,,0,aef59a6a-a085-4580-8f53-7d126dcd7f84,517,278,36d5a8d1-3f1e-495c-ab00-a49ddd7f4e4f,2024-11-10 15:11:07.152000,v1.10 - Skipits - Existing Users,Skipits - High Prices
AU,2024-10-22T05:37:21.000Z,0.02832200585714285,3,11,0,0,,Apple,iPhone15ProMax,2024-11-16 06:28:31.915000,ios,0.05295402376583426,0.02463201790869141,2,f8ad3e91-e4d1-4b20-989b-f180c4010b65,811,112,31dbb07e-6598-41e5-8103-45a102d76b49,2024-11-10 05:09:14.712000,v1.10 - Skipits - Existing Users,Skipits - High Prices
ZZ,2024-09-29T14:17:53.000Z,0.01325781360307494,12,29,0,0,com.android.vending,OPPO,CPH2203,2024-11-16 06:28:38.392000,android,0.024265023285535217,0.011007209682460274,6,e30de8ad-eeaf-45f0-9cff-0b1f835fd6c0,2189,19,050490fe-1ff5-450c-8805-972c03090d59,2024-11-09 07:13:40.019000,v1.10 - Skipits - Existing Users,Skipits - Middle Prices
TH,2024-08-21T12:41:43.000Z,0.009543582565799999,2,15,0,0,com.android.vending,samsung,SM-S908E,2024-11-16 06:29:51.110000,android,0.009543582565799999,,0,5656a5d9-d386-4671-886b-a39b1c4e3e3f,606,133,7c0be893-d129-4553-a107-0bb8cc52f77a,2024-11-11 09:56:49.504000,v1.10 - Skipits - Existing Users,Skipits - Middle Prices
CO,2024-10-23T02:47:52.000Z,,0,0,0,0,,Apple,iPhone12Pro,2024-11-16 06:31:23.090000,ios,0,,1,a3db5e24-9b01-41a3-bbcc-dc9abb8ef888,19,123,6bdc0776-a3e2-4989-bb63-3e40818a1fb3,2024-11-10 03:38:10.730000,v1.10 - Skipits - Existing Users,Skipits - Middle Prices
TR,2024-11-01T13:21:42.000Z,,0,4,0,0,com.android.vending,samsung,SM-A546E,2024-11-16 06:31:43.110000,android,0,,0,fc07c346-ee2d-4ed0-bf5d-d495aa4f3b8c,151,76,e348ef07-f2c4-4be1-b4b7-3a07a5b3adc2,2024-11-11 20:10:50.413000,v1.10 - Skipits - Existing Users,Skipits - High Prices
ID,2024-11-11T13:47:03.000Z,0.004211485980632782,7,41,0,0,com.android.vending,Xiaomi,M2003J15SC,2024-11-16 06:31:44.558000,android,0.025189070832393645,0.020977584851760864,5,479f93cf-7f4d-4b91-801d-f79ab998d5d1,2419,9,74468041-2713-407b-a3e1-9b07f773ee05,2024-11-15 23:11:34.216000,v1.10 - Skipits - Existing Users,Skipits - Middle Prices
JP,2024-11-11T09:08:18.000Z,0.005533111968403408,4,16,0,0,,Apple,iPhoneSE2Gen,2024-11-16 06:32:42.030000,ios,0.03482687678085763,0.029293764812454222,16,f1566014-945b-45a4-a8d3-af58d1672498,1605,21,18a24e34-c301-4909-8da2-8cd2b851e216,2024-11-11 09:08:26.719000,v1.10 - Skipits - New Users,Control
US,2024-11-14T02:23:10.000Z,,0,23,0,0,,Apple,iPhoneSE2Gen,2024-11-16 06:33:17.635000,ios,0.38122773946399585,0.38122773946399585,10,84365a2c-3798-4c8b-822d-b52dc3314fb6,1747,11,4d17d7b9-09dc-40e2-a332-41ea8af310a3,2024-11-14 02:23:16.411000,v1.10 - Skipits - New Users,Skipits - Middle Prices
US,2024-06-19T01:28:41.000Z,,0,2,0,0,,Apple,iPhone14ProMax,2024-11-16 06:37:07.961000,ios,0,,0,b1841b1d-2795-4f4b-bcc6-9d460277259c,124,124,04817042-bf99-456d-8188-db54367c5001,2024-11-16 05:24:14.059000,v1.10 - Skipits - Existing Users,Skipits - High Prices
MX,2024-10-25T03:30:05.000Z,0.0009446949424,0,1,0,0,com.android.vending,motorola,moto g(60),2024-11-16 06:37:33.002000,android,0.0009446949424,,0,2804b788-5c30-43ef-886a-97a4076ff007,107,248,d92115b3-27c7-4f56-8e6c-0920d85b77f4,2024-11-10 03:10:14.289000,v1.10 - Skipits - Existing Users,Skipits - High Prices
JP,2024-10-10T13:03:40.000Z,,0,21,0,0,,Apple,iPhone13,2024-11-16 06:41:25.633000,ios,0.03199796808958054,0.03199796808958054,2,bcf3942b-ba85-4eea-9c9f-bd9faef860a8,947,283,176f5716-0d8b-494e-87ec-988b6502bdc8,2024-11-08 18:55:08.290000,v1.10 - Skipits - Existing Users,Skipits - High Prices
IN,2024-11-06T16:49:24.000Z,,0,10,0,0,com.android.vending,Google,Pixel 6a,2024-11-16 06:42:36.792000,android,0.008102495508962908,0.008102495508962908,3,1c396408-a5b6-4a7d-b353-c4def232eeb1,402,57,9414b176-ca6b-4dbe-84bc-d2d5dd9f71e1,2024-11-08 10:35:16.551000,v1.10 - Skipits - Existing Users,Control
JP,2024-10-06T11:08:40.000Z,0.003525868415832519,1,9,0,0,,Apple,iPhoneSE2Gen,2024-11-16 06:42:45.159000,ios,0.003525868415832519,,0,04d7531b-8f4a-411e-834b-1253ee9e7205,344,67,23d8d30e-2739-4888-a615-d9a3b15d9d1c,2024-11-09 06:08:33.253000,v1.10 - Skipits - Existing Users,Skipits - Middle Prices
NL,2024-11-15T14:42:21.000Z,0.03226688874413425,6,23,0,0,,Apple,iPhone11,2024-11-16 06:43:24.508000,ios,0.03226688874413425,,0,a7779e60-8bf5-4e66-8e2b-53dcfa0052e1,1543,3,1cafdfc6-586a-4b37-a1c0-adcb19a5f7de,2024-11-15 14:42:27.721000,v1.10 - Skipits - New Users,Skipits - High Prices
US,2024-10-31T10:23:13.000Z,0.0009986339397676416,6,59,0,0,com.android.vending,realme,RMX3710,2024-11-16 06:50:03.472000,android,0.0032120000922525355,0.002213366152484894,4,3277bb10-3882-4a35-b0ff-7e45b3cdb707,2304,67,0889ada9-f89b-45e1-b71c-9532e9b81460,2024-11-11 08:31:57.565000,v1.10 - Skipits - Existing Users,Skipits - High Prices
JP,2024-10-28T22:55:34.000Z,,0,2,0,0,com.android.vending,Google,Pixel 7a,2024-11-16 06:52:08.205000,android,0.03924900817871094,0.03924900817871094,0,9954ba93-3846-4c06-9251-f8c03342e10c,65,62,65d8804e-faaa-4e01-b930-8473c3f54403,2024-11-09 07:48:04.460000,v1.10 - Skipits - Existing Users,Control
GB,2024-11-08T10:37:04.000Z,,0,29,0,0,,Apple,iPhone8,2024-11-16 06:52:35.810000,ios,0,,0,2ea826e3-e65a-4806-b477-26954feb8a80,1085,89,b9c656d7-5b85-4c99-b6aa-25db8e140363,2024-11-09 15:29:07.965000,v1.10 - Skipits - Existing Users,Skipits - Middle Prices
HK,2024-11-09T17:14:38.000Z,0.005384761904761903,1,12,0,0,,Apple,iPhone11,2024-11-16 06:53:46.328000,ios,0.052613498623495,0.0472287367187331,7,0a1714cb-2de4-4d8d-8bc6-5bac22295190,1876,21,ed1328cd-61e1-4dd7-b1bc-16470629c034,2024-11-09 17:14:46.821000,v1.10 - Skipits - New Users,Skipits - Middle Prices
ES,2024-11-06T07:01:41.000Z,0.0059418461801497464,4,29,0,0,com.android.vending,OPPO,CPH2687,2024-11-16 06:54:57.886000,android,0.0059418461801497464,,0,5eeaa895-2933-436c-9ab3-20eece943149,1193,32,678448b4-2435-43c5-bcf9-5a84e74d4763,2024-11-09 12:42:58.269000,v1.10 - Skipits - Existing Users,Skipits - Middle Prices
JP,2024-10-14T10:09:05.000Z,0.052402366672843294,15,41,0,0,,Apple,iPhone11Pro,2024-11-16 06:57:44.791000,ios,0.06832822152998616,0.015925854857142856,4,4d258b22-26a2-4e77-8760-9ac6ba254fae,2422,117,4f6db250-ca1d-4e19-9127-e1f04ddf60ab,2024-11-08 21:55:24.225000,v1.10 - Skipits - Existing Users,Skipits - High Prices
JP,2024-10-28T22:55:34.000Z,0.013110352,1,11,0,0,com.android.vending,Google,Pixel 7a,2024-11-16 06:58:44.418000,android,0.07605496259570313,0.06294461059570312,3,18b620f8-44ba-47bd-9383-67f365c8bc9e,526,63,65d8804e-faaa-4e01-b930-8473c3f54403,2024-11-09 07:48:04.460000,v1.10 - Skipits - Existing Users,Control
US,2024-11-15T18:10:11.000Z,0.02152285714285714,1,21,0,0,,Apple,iPhone11,2024-11-16 06:59:30.897000,ios,0.02152285714285714,,0,75b2f1ac-acf7-4112-8c97-761515bdc699,790,2,0631c255-2854-4f43-9d0b-294044f8b22b,2024-11-15 18:10:18.117000,v1.10 - Skipits - New Users,Skipits - High Prices
RU,2024-11-16T01:24:38.000Z,,0,3,0,0,,Apple,iPhone15ProMax,2024-11-16 07:02:01.591000,ios,0.01656348037719726,0.01656348037719726,1,271320c9-51d4-466c-bd72-be79f7ec0ee7,225,4,13df11a7-1359-4142-bce8-e00caac3e6ef,2024-11-16 01:24:47.098000,v1.10 - Skipits - New Users,Skipits - High Prices
MY,2024-11-07T07:06:00.000Z,0.00826116,6,12,0,0,com.android.vending,HONOR,NTH-NX9,2024-11-16 07:05:08.923000,android,0.0197190013447,0.011457841344700001,5,4ad5853a-a3de-4cfc-b0d7-14d23f4b3c75,1397,79,cedbc14b-9b02-4ee1-a9ab-97300279b684,2024-11-09 04:29:25.549000,v1.10 - Skipits - Existing Users,Control
GB,2024-11-14T21:05:13.000Z,0.0281040052611084,3,22,0,0,com.android.vending,samsung,SM-G981B,2024-11-16 07:11:15.033000,android,0.06579400526110839,0.03769,1,08181e6b-146c-42c4-8320-85f7334f2e10,1053,2,104d70cf-3a92-4340-9b3f-717959e5b171,2024-11-14 21:05:20.247000,v1.10 - Skipits - New Users,Skipits - Middle Prices
IN,2024-09-08T05:58:41.000Z,,0,6,0,0,,Apple,iPhone14,2024-11-16 07:19:25.041000,ios,0,,0,4fa7f7a9-9935-4db4-98b1-a52af31baaab,136,98,1825dc7a-083c-4429-85e3-0601d6aca962,2024-11-13 10:35:31.964000,v1.10 - Skipits - Existing Users,Skipits - High Prices
IN,2024-11-16T07:21:44.000Z,,0,0,0,0,,Apple,iPhone14,2024-11-16 07:22:20.561000,ios,0,,0,97f89557-7671-4d98-b937-756dce16f09b,2,1,897c7c09-8ecb-4c5b-b6a4-8cd6f4606be0,2024-11-16 07:22:20.561000,v1.10 - Skipits - New Users,Skipits - High Prices
GB,2024-10-24T15:45:55.000Z,,0,45,0,0,,Apple,iPhone13ProMax,2024-11-16 07:22:53.084000,ios,0,,0,0e0df12b-6375-4f07-832b-8f827047bd39,1940,98,251e0fbf-b812-4716-9114-f816580a26a5,2024-11-10 07:30:47.569000,v1.10 - Skipits - Existing Users,Skipits - High Prices
DE,2024-10-17T21:05:03.000Z,,0,15,0,0,,Apple,iPhoneSE2Gen,2024-11-16 07:25:19.325000,ios,0.00547,0.00547,0,6ae381cb-a097-41fd-bbff-fae4f785fe2c,416,276,4a8c2632-b553-47b3-8b28-86e0edc02d1f,2024-11-09 18:53:10.742000,v1.10 - Skipits - Existing Users,Skipits - Middle Prices
IN,2024-11-13T08:17:22.000Z,0.015079122,3,21,0,0,com.android.vending,vivo,V2144,2024-11-16 07:26:59.241000,android,0.030235179955460163,0.015156057955460154,6,41bc7349-a011-42b6-acd9-608997528a59,1086,6,3cf99b81-d983-42cc-8932-54f0d9718d2c,2024-11-13 08:17:30.172000,v1.10 - Skipits - New Users,Skipits - High Prices
VN,2024-10-13T13:13:49.000Z,,0,11,0,0,,Apple,iPhone6SPlus,2024-11-16 07:27:18.531000,ios,0,,0,00a802b6-93ec-4d2b-aeef-38f34a0eaea5,324,143,6e16fc42-2627-47e2-bd5f-e56b06b65c9c,2024-11-11 07:21:35.427000,v1.10 - Skipits - Existing Users,Skipits - High Prices
VN,2024-10-13T13:13:49.000Z,,0,46,0,0,,Apple,iPhone6SPlus,2024-11-16 07:27:18.709000,ios,0,,0,6979995e-5c2d-4059-9f90-af319030895a,1538,137,6e16fc42-2627-47e2-bd5f-e56b06b65c9c,2024-11-11 07:21:35.427000,v1.10 - Skipits - Existing Users,Skipits - High Prices
IN,2024-10-13T07:46:32.000Z,0.019506715194958855,11,35,0,0,,Apple,iPhone12Pro,2024-11-16 07:29:22.943000,ios,0.03660075087426434,0.017094035679305484,9,ac9975f8-b6e7-4278-83e8-f27c28a808a0,2857,39,40bef6a9-5872-4c6a-8e16-615a3a558a17,2024-11-11 13:09:16.286000,v1.10 - Skipits - Existing Users,Skipits - Middle Prices
JP,2024-10-13T13:21:07.000Z,0.3235983839999999,6,20,0,0,com.android.vending,Google,Pixel 6a,2024-11-16 07:30:31.848000,android,0.9160057599999999,0.592407376,3,58a69cd6-2aba-45ec-bd2b-c9ab65bb00ef,1060,69,26e078cd-8cfa-462b-a0d9-f04ad41a75b7,2024-11-09 11:08:56.095000,v1.10 - Skipits - Existing Users,Skipits - High Prices
US,2024-11-16T07:32:01.000Z,,1,30,0,0,,Apple,iPhone14,2024-11-16 07:32:08.798000,ios,0,,0,b129ee52-2536-479d-be0b-aa5f34e59f69,1195,1,a4b5517b-233b-464b-b1d6-387402c4c7ff,2024-11-16 07:32:08.799000,v1.10 - Skipits - New Users,Control
PL,2024-10-08T10:07:20.000Z,0.013867122983398438,4,23,0,0,,Apple,iPhone15,2024-11-16 07:33:29.177000,ios,0.013867122983398438,,0,34b4d90a-337f-4997-88fb-19daa22f7494,1200,74,8ee91a69-689d-4052-9855-db584857fc85,2024-11-08 07:27:16.890000,v1.10 - Skipits - Existing Users,Control
GB,2024-09-13T22:26:47.000Z,0.07719628666059003,8,45,0,0,,Apple,iPhone13,2024-11-16 07:39:55.246000,ios,0.07719628666059003,,0,6dff1d71-d09d-4f03-9372-3583c6287cbb,1803,209,e0cc7c86-b87e-495a-87ba-b61c953fc031,2024-11-08 16:42:30.750000,v1.10 - Skipits - Existing Users,Skipits - Middle Prices
MY,2024-10-06T03:15:40.000Z,0.039683208984574815,21,137,0,0,com.android.vending,Xiaomi,21081111RG,2024-11-16 07:42:04.133000,android,0.4436217795609706,0.40393857057639576,42,a91454e9-227b-4f7b-8aa6-bc993226a2c9,8897,90,99cdcd81-59bd-4ab8-8696-1ad3b5123f49,2024-11-10 10:24:51.865000,v1.10 - Skipits - Existing Users,Skipits - High Prices
TW,2024-11-12T08:23:34.000Z,0.032404087530357145,3,20,0,0,com.android.vending,OPPO,CPH2145,2024-11-16 07:42:04.415000,android,0.36032582441125716,0.3279217368809,13,58d261db-ca0e-4418-9db3-6250ed0a54c6,1606,21,97e82690-06f5-4717-9ae6-0dab247324cb,2024-11-12 08:23:43.123000,v1.10 - Skipits - Existing Users,Skipits - Middle Prices
JP,2024-08-16T06:23:23.000Z,,0,15,0,0,,Apple,iPhone12Mini,2024-11-16 07:43:04.546000,ios,0.01325122356414795,0.01325122356414795,1,a02e26d8-3fc9-41b0-bf19-9c7629d8faef,605,364,c0e3efa6-a212-4468-bc03-52f1b2da927d,2024-11-09 00:51:12.118000,v1.10 - Skipits - Existing Users,Control
US,2024-11-05T18:40:04.000Z,,0,1,0,0,,Apple,iPhone13ProMax,2024-11-16 07:45:49.658000,ios,0.04301647567749024,0.04301647567749024,1,c7a581aa-db1b-4d13-a504-dc2ecece02c5,102,41,ceacd670-f107-47e8-8106-656c62a742ca,2024-11-09 02:30:22.334000,v1.10 - Skipits - Existing Users,Control
DE,2024-10-17T15:20:08.000Z,0.02048034239025242,7,22,0,0,,Apple,iPhone12ProMax,2024-11-16 07:46:07.156000,ios,0.03382011390123947,0.013339771510987055,4,7a7ff208-5ecf-4d42-b64f-68bb017aabc7,1238,248,2cc9b410-79e3-4407-8a3c-c200ca882368,2024-11-10 06:05:44.267000,v1.10 - Skipits - Existing Users,Skipits - High Prices
US,2024-11-11T21:18:01.000Z,0.008400987860827127,2,5,0,0,,Apple,iPhone12,2024-11-16 07:47:24.458000,ios,0.012839926955370586,0.004438939094543458,1,05253312-ed7d-4763-a119-70f68f46bd9b,1112,20,76162a2e-cfc0-427c-a47a-8496aa6e4364,2024-11-11 21:18:07.921000,v1.10 - Skipits - New Users,Control
ID,2024-11-12T06:29:16.000Z,0.0009183152909,1,17,0,0,com.android.vending,Xiaomi,2312DRA50G,2024-11-16 07:48:05.134000,android,0.025487885428829956,0.024569570137929955,6,69d2670d-82d1-4750-a88d-f0c3a3804ad5,885,27,e0946b04-2dd8-4439-9b7e-515c72e1addf,2024-11-12 06:29:24.427000,v1.10 - Skipits - New Users,Skipits - Middle Prices
CH,2024-11-16T07:49:31.000Z,,0,24,0,0,,Apple,iPhone14,2024-11-16 07:49:37.602000,ios,0.0518,0.0518,0,cc9ab235-6c8e-42bc-b98b-c2fd403c36e8,777,1,cac348c7-aa00-4e8c-9234-7d919e05f59d,2024-11-16 07:49:37.602000,v1.10 - Skipits - New Users,Skipits - Middle Prices
TH,2024-11-01T08:38:44.000Z,,0,0,0,0,,Apple,iPhone13,2024-11-16 07:51:52.789000,ios,0,,0,71a30efb-0ee8-4a8c-b77d-f36e809d6b9e,30,57,0658aa94-c290-4e11-9421-6dc163c066d0,2024-11-10 07:22:59.551000,v1.10 - Skipits - Existing Users,Skipits - High Prices
MX,2024-09-07T06:23:12.000Z,0.0036957534584,0,2,0,0,com.android.vending,Xiaomi,21061110AG,2024-11-16 07:52:41.334000,android,0.0036957534584,,0,f3fce4e6-49a9-4716-a38f-e7f63ce0e5ea,229,317,e16b7b56-ca9d-47f1-ab89-f2c1f03803ee,2024-11-08 21:43:22.559000,v1.10 - Skipits - Existing Users,Control
IN,2024-11-16T07:53:01.000Z,,0,21,0,0,,Apple,iPhone13ProMax,2024-11-16 07:53:08.678000,ios,0,,0,24f03b32-4298-4fa8-844e-ed679628bddd,723,1,ef7f5461-03e4-4089-9612-0e9ec842a8ab,2024-11-16 07:53:08.678000,v1.10 - Skipits - New Users,Control
US,2024-09-03T14:53:11.000Z,,0,2,0,0,com.android.vending,samsung,SM-S908U,2024-11-16 07:54:45.130000,android,0.04404735117304138,0.04404735117304138,0,cb1bcd18-c3ed-4bc3-bd81-52e4dc091392,71,151,46488d5e-94da-43ac-895c-06c69ee79128,2024-11-08 05:57:26.858000,v1.10 - Skipits - Existing Users,Skipits - Middle Prices
IN,2024-09-08T05:58:41.000Z,0.00125904761904762,0,6,0,0,,Apple,iPhone14,2024-11-16 07:56:10.811000,ios,0.00125904761904762,,0,ca399d1f-c58a-4175-851d-6fd4caa185f1,193,102,1825dc7a-083c-4429-85e3-0601d6aca962,2024-11-13 10:35:31.964000,v1.10 - Skipits - Existing Users,Skipits - High Prices
JP,2024-11-05T18:33:37.000Z,0.009886666666666669,1,8,0,0,,Apple,iPhone12Pro,2024-11-16 07:56:29.973000,ios,0.009886666666666669,,0,e2a660a6-13a7-4ae0-a6d3-1882264b3f56,280,67,8ec7b42d-e539-4551-b0ec-5ce56a9b2cd0,2024-11-08 20:42:11.805000,v1.10 - Skipits - Existing Users,Control
TH,2024-11-13T03:18:42.000Z,0.0077153123022089595,4,16,0,0,com.android.vending,Xiaomi,21091116AC,2024-11-16 07:56:44.525000,android,0.02447371130220896,0.016758399,1,eeb5ac50-3cfb-4ad6-9e95-156739344b53,800,8,390242fb-9e2c-439a-ad3f-ef0734c6d223,2024-11-13 03:18:51.064000,v1.10 - Skipits - New Users,Skipits - High Prices
VN,2024-11-10T09:45:45.000Z,0.02389601450322094,10,66,0,0,com.android.vending,samsung,SM-A325F,2024-11-16 07:59:29.005000,android,0.032149578144213244,0.008253563640992301,2,322dd474-a3f9-4c2b-a3e1-b7038f1ab156,2509,55,6c9a7077-8198-48c4-b791-3c05f07b067f,2024-11-10 09:45:55.300000,v1.10 - Skipits - New Users,Skipits - Middle Prices
GB,2024-11-14T18:29:26.000Z,,0,4,0,0,com.android.vending,samsung,SM-F926B,2024-11-16 08:01:02.356000,android,0.03126621627807617,0.03126621627807617,1,d0542748-7648-42ff-bca9-845713395f6a,237,3,635a4988-3122-43ca-b88f-7acba671b3e3,2024-11-14 18:28:47.166000,v1.10 - Skipits - New Users,Control
JP,2024-10-09T23:45:07.000Z,0.003774334430694579,1,7,0,0,,Apple,"iPhone17,1",2024-11-16 08:01:10.694000,ios,0.02770560936414646,0.023931274933451877,4,0a57ddb2-7d7e-455b-a0c4-ec958f9c42a8,501,173,0583ed24-40d6-4025-a200-428d2f115cb1,2024-11-09 09:57:41.123000,v1.10 - Skipits - Existing Users,Skipits - High Prices
CI,2024-11-06T15:42:29.000Z,0.0011532667142857144,5,53,0,0,com.android.vending,HUAWEI,VOG-L29,2024-11-16 08:02:05.680000,android,0.00914975917226251,0.007996492457976795,16,7be21276-77f8-4813-b067-66e02b1d7570,2734,36,b996732f-1231-4f58-b25f-61ad86ab78c7,2024-11-08 10:02:00.570000,v1.10 - Skipits - Existing Users,Skipits - High Prices
VN,2024-10-19T10:49:39.000Z,,0,0,0,0,,Apple,iPhone12Mini,2024-11-16 08:03:46.509000,ios,0,,0,8f3a6686-9d17-4c17-bb79-c2e8c69d3479,1,49,83f02f17-0384-4f12-9227-b8d3cd803fff,2024-11-10 06:36:53.236000,v1.10 - Skipits - Existing Users,Skipits - Middle Prices
GB,2024-11-16T08:03:43.000Z,,0,24,0,0,,Apple,iPhone12,2024-11-16 08:03:49.775000,ios,0,,0,3e98db1e-9ab9-41ae-85c4-7240ffe373b2,893,1,f687c37c-0ad4-4b2e-a87b-77cd86d69eb7,2024-11-16 08:03:49.776000,v1.10 - Skipits - New Users,Skipits - High Prices
JP,2024-11-13T21:37:03.000Z,0.05376285714285715,1,30,0,0,,Apple,iPhone13ProMax,2024-11-16 08:04:01.162000,ios,0.8598567660270183,0.8060939088841611,14,b24b1978-0346-4244-a3e8-90a341cad718,2102,29,7e8a5460-adca-41f8-969b-e6f0e28d64e7,2024-11-13 21:37:11.025000,v1.10 - Skipits - New Users,Skipits - Middle Prices
CA,2024-11-13T17:29:15.000Z,0.011759244,3,7,0,0,,Apple,iPhone14Pro,2024-11-16 08:08:19.101000,ios,0.06333713230541993,0.05157788830541992,3,8af7d3f8-146d-4324-ad45-704e4fce42ed,823,8,44f1ebb6-7572-45e0-a062-db663b5c1882,2024-11-13 17:29:22.377000,v1.10 - Skipits - New Users,Skipits - High Prices
PL,2024-11-15T08:50:50.000Z,0.005210165485714286,2,13,0,0,com.android.vending,samsung,SM-A356B,2024-11-16 08:18:42.420000,android,0.005210165485714286,,0,20a4a86c-8d0f-41f5-b873-d8949bdf62ac,487,5,d47233ef-3ca4-4d75-85e9-debc5972c29d,2024-11-15 08:50:57.660000,v1.10 - Skipits - New Users,Control
IT,2024-11-03T07:17:43.000Z,0.008722502979233347,6,19,0,0,,Apple,iPhone12Pro,2024-11-16 08:22:29.112000,ios,0.01792206698207144,0.009199564002838095,5,ffeb6e50-82c1-417c-821e-893c343cfdf2,1272,83,37984302-8d40-4715-a277-f1a580042b3c,2024-11-08 10:49:15.929000,v1.10 - Skipits - Existing Users,Control
ID,2024-11-16T07:35:11.000Z,0.0010974565085754395,4,32,0,0,com.android.vending,vivo,V2217,2024-11-16 08:23:16.831000,android,0.001996069901882172,0.0008986133933067322,1,71a9548a-e96e-4564-872a-a30c68203fe4,1224,2,94950d81-2b3c-478d-963f-47a0eb863721,2024-11-16 07:35:23.052000,v1.10 - Skipits - New Users,Control
IN,2024-11-09T10:27:56.000Z,0.002349234104156495,1,4,0,0,,Apple,iPhone12,2024-11-16 08:24:35.204000,ios,0.006847198963165284,0.00449796485900879,1,97caaae4-7bbb-4fb9-9a05-b1b0786608d9,305,38,92d1ac6e-a5b5-4223-9fa4-5daa585e91a0,2024-11-09 10:28:02.870000,v1.10 - Skipits - New Users,Control
JP,2024-10-26T06:48:01.000Z,0.01596056777844762,2,24,0,0,com.android.vending,samsung,SC-51C,2024-11-16 08:24:48.252000,android,0.2762589268718542,0.2602983590934066,8,45bd5857-e438-455b-acdd-7e7d1288dc42,1245,65,2551c84c-4a48-4f66-bb4a-9deb04466745,2024-11-08 02:01:07.204000,v1.10 - Skipits - Existing Users,Skipits - High Prices
UA,2024-11-11T08:22:07.000Z,0.007845534078728572,5,46,0,0,com.android.vending,Xiaomi,24040RN64Y,2024-11-16 08:28:26.307000,android,0.041830745910861125,0.033985211832132545,16,6c0fee34-1a78-4b13-aba4-cf603b8782df,2960,20,1899fd8f-78b6-42a8-bbdb-2a0ee364328c,2024-11-11 08:22:14.336000,v1.10 - Skipits - New Users,Skipits - Middle Prices
TW,2024-11-14T06:07:50.000Z,,0,39,0,0,,Apple,iPhone13Pro,2024-11-16 08:29:55.314000,ios,0.6114894867787042,0.6114894867787042,16,2c47900c-bd2a-4913-bf14-14f5a7a365f9,3020,23,45e3c7ce-2ff0-4f4e-b0f1-9e90c2fe5c74,2024-11-14 06:07:57.677000,v1.10 - Skipits - New Users,Skipits - High Prices
JP,2024-09-28T05:32:06.000Z,0.043296789005932035,4,24,0,0,,Apple,iPhone12ProMax,2024-11-16 08:32:08.732000,ios,0.09855493449085637,0.05525814548492432,4,0f1cb64f-6da9-4a53-b553-16d3774becfa,1212,34,25e5be1c-b903-4d33-8d4c-1396640729f9,2024-11-10 01:49:55.064000,v1.10 - Skipits - Existing Users,Skipits - Middle Prices
DE,2024-10-03T07:48:25.000Z,0.003833865642547609,1,10,0,0,,Apple,iPhone11,2024-11-16 08:34:20.203000,ios,0.003833865642547609,,0,17d3dd1d-a19d-4f54-a349-58d799b2ffed,277,55,9f67f980-24b6-42f4-b766-871cda333a25,2024-11-11 14:40:12.846000,v1.10 - Skipits - Existing Users,Skipits - Middle Prices
MY,2024-11-08T02:25:10.000Z,0.002302607798065458,1,9,0,0,com.android.vending,Xiaomi,M2101K6G,2024-11-16 08:40:31.051000,android,0.002302607798065458,,0,b9386922-69bb-42fa-bb33-58992e810abb,350,35,e8a2e041-3f9e-450a-8b70-ea621696eeb9,2024-11-13 03:53:23.347000,v1.10 - Skipits - Existing Users,Control
US,2024-10-21T14:07:32.000Z,0.039,3,22,0,0,com.android.vending,samsung,SM-S918U,2024-11-16 08:40:32.521000,android,0.3923034622390087,0.35330346223900866,11,166c9a88-8c41-425a-ac1f-e66016aef1aa,1538,78,dbf564f6-fcd7-48fd-9ccc-c87e5d964c7b,2024-11-09 05:42:59.408000,v1.10 - Skipits - Existing Users,Control
JP,2024-09-29T15:27:24.000Z,0.008369127454417091,2,11,0,0,com.android.vending,KYOCERA,KYG03,2024-11-16 08:41:28.440000,android,0.01762912745441709,0.00926,1,553fae21-3ff4-4733-9fdc-fc90f7457988,574,53,d20dc996-bf98-44f6-b2b7-eaf0f8031cd7,2024-11-12 04:43:32.726000,v1.10 - Skipits - Existing Users,Control
ID,2024-11-13T08:19:15.000Z,0.026009957618562972,3,72,0,0,com.android.vending,Xiaomi,Mi 9T,2024-11-16 08:41:43.426000,android,0.026009957618562972,,0,957c2d71-6039-44c3-9ef1-54997e75d3af,2266,5,4d30ba3d-2283-46b6-95fe-00456f6b1491,2024-11-13 08:19:23.948000,v1.10 - Skipits - New Users,Skipits - High Prices
VN,2024-09-21T13:46:11.000Z,,0,0,0,0,com.android.vending,Xiaomi,22041219G,2024-11-16 08:43:17.926000,android,0,,0,01988b88-3512-48cb-baec-0614b53b48e7,61,233,3ab0013d-0b9a-4845-acc7-bf164bf6654a,2024-11-11 23:55:00.576000,v1.10 - Skipits - Existing Users,Control
JP,2024-11-16T08:45:31.000Z,0.100901088,4,43,0,0,,Apple,iPhone15,2024-11-16 08:45:39.267000,ios,0.100901088,,0,77938805-152f-475c-89e8-53dc67f8a60a,1595,1,f17c42a4-0b7b-4332-be0d-f6e504ed51f1,2024-11-16 08:45:39.267000,v1.10 - Skipits - New Users,Skipits - Middle Prices
IN,2024-09-08T05:58:41.000Z,0.003916380568231856,2,21,0,0,,Apple,iPhone14,2024-11-16 08:45:50.484000,ios,0.012186984781015667,0.008270604212783812,3,261cf0b2-7772-4c4f-a506-e121cee89328,1075,109,1825dc7a-083c-4429-85e3-0601d6aca962,2024-11-13 10:35:31.964000,v1.10 - Skipits - Existing Users,Skipits - High Prices
TR,2024-11-08T12:45:39.000Z,,0,1,0,0,com.android.vending,TECNO,TECNO LF7n,2024-11-16 08:46:31.594000,android,0,,0,34c6cb93-a1b9-4dc7-b7a4-ce5734a217c9,132,48,637e5efa-a04c-487f-a269-16c4718f4351,2024-11-08 12:47:01.314000,v1.10 - Skipits - Existing Users,Skipits - Middle Prices
IL,2024-11-15T19:13:16.000Z,0.009511613845825198,1,4,0,0,,Apple,iPhone12Pro,2024-11-16 08:48:03.012000,ios,0.009511613845825198,,0,9a63393d-05f6-4028-a52b-9411bf11d607,490,3,5247bea3-a51f-41e6-bb2b-6c4d213d9867,2024-11-15 19:13:22.234000,v1.10 - Skipits - New Users,Skipits - High Prices
BG,2024-06-21T11:07:35.000Z,0.003946666666666666,1,5,0,0,com.android.vending,samsung,SM-A546B,2024-11-16 08:49:58.155000,android,0.003946666666666666,,0,9cc6ba12-d2f5-4e63-8e0f-24e60e35095f,248,49,22107974-c283-456c-9bf6-b33a669a9f26,2024-11-16 06:59:29.086000,v1.10 - Skipits - Existing Users,Skipits - High Prices
US,2024-11-10T09:09:41.000Z,,0,3,0,0,com.android.vending,samsung,SM-A156U,2024-11-16 08:50:24.666000,android,0.01045,0.01045,1,f668cd64-bd0a-4c97-9ec0-6150606c23f1,167,14,4a98921f-f34b-4f2e-b73c-70422a6c4a8c,2024-11-10 09:09:48.652000,v1.10 - Skipits - New Users,Skipits - Middle Prices
TH,2024-11-06T14:45:43.000Z,,0,5,0,0,com.android.vending,realme,RMX3830,2024-11-16 08:55:21.582000,android,0,,0,18194d68-df6b-4e47-b21a-5c76e9dc23d4,246,15,b856c10c-78f9-4468-8a93-23d65c915e33,2024-11-08 01:29:21.622000,v1.10 - Skipits - Existing Users,Skipits - Middle Prices
PH,2024-11-09T06:30:09.000Z,,0,13,0,0,com.android.vending,samsung,SM-A136B,2024-11-16 08:55:48.368000,android,0,,0,87452837-e7fb-4df0-ad5f-9394b438787a,467,2,5f5b0db2-98dc-4804-a459-1535e42d0ce4,2024-11-09 06:30:14.289000,v1.10 - Skipits - New Users,Skipits - Middle Prices
JP,2024-09-21T06:46:34.000Z,0.01226816034701538,2,12,0,0,,Apple,iPhone14ProMax,2024-11-16 08:55:51.939000,ios,0.02708062083044152,0.014812460483426139,2,48da3b6c-55f0-4642-a758-2a4d224644e3,676,53,79ff8702-0830-421c-8fee-41d295eb554d,2024-11-09 03:10:59.821000,v1.10 - Skipits - Existing Users,Control
JP,2024-09-21T04:55:37.000Z,0.009369187047844856,6,40,0,0,com.android.vending,samsung,SC-41A,2024-11-16 08:56:21.190000,android,0.06528582712633726,0.055916640078492404,17,851b419c-ba25-4394-84ca-1743f4851b95,3018,145,f750acf4-592d-4449-a9ec-d8d552e3821a,2024-11-08 23:30:41.456000,v1.10 - Skipits - Existing Users,Skipits - High Prices
RO,2024-10-02T12:05:09.000Z,0.0013429895639419556,1,12,0,0,com.android.vending,samsung,SM-G780G,2024-11-16 08:57:08.528000,android,0.0075817983711333505,0.006238808807191395,1,2c90a119-be55-45ab-97a4-50507731abdd,443,136,3fce7528-0381-4025-a41c-c4839ccd33a7,2024-11-12 07:03:27.351000,v1.10 - Skipits - Existing Users,Control
TH,2024-11-16T08:58:15.000Z,,0,6,0,0,com.android.vending,samsung,SM-S906E,2024-11-16 08:58:23.651000,android,0,,0,a0ebf842-29e5-453b-af2b-9cec684dd76d,156,1,2f10e0c7-0fca-4e2b-9385-90df6b66087b,2024-11-16 08:58:23.651000,v1.10 - Skipits - New Users,Control
DK,2024-08-25T13:40:29.000Z,0.016258360169289048,3,12,0,0,,Apple,iPhone15Pro,2024-11-16 08:58:28.400000,ios,0.04437740161216015,0.028119041442871102,4,6db00f2c-e738-4e99-8d73-c7088ecb4bea,1041,132,9fd6ecb1-4551-4216-8847-f1ae3919998a,2024-11-10 02:04:41.602000,v1.10 - Skipits - Existing Users,Skipits - Middle Prices
US,2024-10-10T20:34:07.000Z,,0,3,0,0,,Apple,iPhone13Pro,2024-11-16 08:59:14.642000,ios,0,,0,2e8689e2-f63d-4f1d-b9c9-1701c470e509,212,36,e2978002-b2d9-421a-9cea-300e937243b2,2024-11-10 10:50:10.244000,v1.10 - Skipits - Existing Users,Skipits - High Prices
TW,2024-08-08T11:14:18.000Z,0.11925574924009867,2,10,0,0,,Apple,iPhone12Pro,2024-11-16 09:01:50.617000,ios,0.20755574924009867,0.0883,0,ebecd809-379d-4c27-b53e-bc40dae5eb54,413,8,5ef4280c-6d8e-47ea-b557-70e2d1859183,2024-11-15 09:59:28.716000,v1.10 - Skipits - Existing Users,Skipits - High Prices
MY,2024-09-21T03:40:17.000Z,0.01711444941925238,22,150,0,0,com.android.vending,Nothing,A065,2024-11-16 09:04:32.867000,android,0.033142023202890995,0.016027573783638616,11,0ddb6146-9221-4d2c-b969-e74db97b5e34,5707,230,ce7a19b0-05a2-4714-81fa-82e2afd907d3,2024-11-09 02:06:14.266000,v1.10 - Skipits - Existing Users,Control
FR,2024-11-13T12:08:15.000Z,,0,16,0,0,com.android.vending,samsung,SM-G998B,2024-11-16 09:06:20.074000,android,0,,0,9591b819-d4fd-4bb3-b608-a74e1259f259,555,11,eaead626-1d82-4010-ba5d-7b4f08295afb,2024-11-13 12:08:20.314000,v1.10 - Skipits - New Users,Skipits - Middle Prices
AU,2024-10-02T20:50:26.000Z,,0,0,0,0,,Apple,iPhone15Pro,2024-11-16 09:08:38.826000,ios,0,,0,267a0a44-d21a-4989-81b2-b4f51db97a54,31,141,6ecb40b5-7290-45c6-94ad-b19f8b1ce345,2024-11-11 06:00:59.682000,v1.10 - Skipits - Existing Users,Control
JP,2024-08-09T01:30:47.000Z,0.027566973121753203,14,45,0,0,,Apple,iPhoneXS,2024-11-16 09:09:14.502000,ios,0.05225013006123211,0.024683156939478916,11,2222ca32-f640-4c87-ba9c-4ea3a80aaa28,3299,846,6f4da22e-d7ee-4464-a112-e849d148fcfe,2024-11-08 22:35:28.556000,v1.10 - Skipits - Existing Users,Skipits - Middle Prices
PK,2024-10-26T17:45:03.000Z,,0,0,0,0,com.android.vending,OPPO,CPH2363,2024-11-16 09:09:21.050000,android,0,,0,579b46cd-d4d5-4ccd-ae43-b8a6ad098595,34,116,be13e135-04f4-4461-add3-445389c0c76c,2024-11-09 04:06:55.313000,v1.10 - Skipits - Existing Users,Skipits - High Prices
IN,2024-11-13T06:01:37.000Z,0.0064518459047619055,6,30,0,0,com.android.vending,OnePlus,CPH2423,2024-11-16 09:12:05.753000,android,0.0064518459047619055,,0,8dc4c5ed-6908-4f77-afdc-85206a50223d,1293,27,696a45b8-5372-4a59-884a-7e8571002e5d,2024-11-13 06:01:48.453000,v1.10 - Skipits - New Users,Skipits - Middle Prices
HU,2024-09-15T16:36:55.000Z,,0,0,0,0,com.android.vending,samsung,SM-S916B,2024-11-16 09:14:01.298000,android,0,,0,677d2095-c8b1-491f-bfa4-f918cbdb287d,8,254,c49b3e4d-4ad4-48d9-afc8-0097cbc627cf,2024-11-08 07:26:17.525000,v1.10 - Skipits - Existing Users,Control
TW,2024-08-08T11:14:18.000Z,0.13829991463720506,2,14,0,0,,Apple,iPhone12Pro,2024-11-16 09:14:21.136000,ios,0.19884446563720506,0.060544551,2,e0279206-fe9b-4f27-810c-9796e2c2f78e,593,9,5ef4280c-6d8e-47ea-b557-70e2d1859183,2024-11-15 09:59:28.716000,v1.10 - Skipits - Existing Users,Skipits - High Prices
KR,2024-11-16T02:45:55.000Z,,0,11,0,0,com.android.vending,samsung,SM-A325N,2024-11-16 09:14:25.904000,android,0.06076287218196052,0.06076287218196052,1,a20c3505-b249-4563-bb93-cf24bcd2ac07,398,3,7ebd9472-1279-40fb-a704-7a8f24cf18b9,2024-11-16 02:46:13.462000,v1.10 - Skipits - New Users,Skipits - High Prices
RU,2024-09-29T04:38:43.000Z,,0,29,0,0,,Apple,iPhone12Mini,2024-11-16 09:17:31.430000,ios,0,,0,8d850eba-2fb0-4e7c-af7c-055f4c109227,928,173,317916ae-9373-45fd-b9e5-154391e753e3,2024-11-09 14:27:54.012000,v1.10 - Skipits - Existing Users,Skipits - Middle Prices
RU,2024-09-29T04:38:43.000Z,,0,9,0,0,,Apple,iPhone12Mini,2024-11-16 09:17:36.092000,ios,0,,0,d6ab61e2-07fa-4ab9-887e-6702d8104d83,437,182,317916ae-9373-45fd-b9e5-154391e753e3,2024-11-09 14:27:54.012000,v1.10 - Skipits - Existing Users,Skipits - Middle Prices
RU,2024-09-29T04:38:43.000Z,,0,13,0,0,,Apple,iPhone12Mini,2024-11-16 09:17:36.656000,ios,0,,0,8bf44439-32b5-4c49-beae-03835f1862c4,988,183,317916ae-9373-45fd-b9e5-154391e753e3,2024-11-09 14:27:54.012000,v1.10 - Skipits - Existing Users,Skipits - Middle Prices
ID,2024-11-15T09:49:11.000Z,0.0011356703042984008,0,13,0,0,com.android.vending,INFINIX,Infinix X678B,2024-11-16 09:19:00.175000,android,0.0011356703042984008,,0,16059cea-431e-4f17-b3bc-7764f69fbb36,417,10,570d8192-114c-450c-861e-0de61d1536a0,2024-11-15 09:49:19.548000,v1.10 - Skipits - New Users,Control
ES,2024-10-10T19:10:26.000Z,0.00511874461741651,8,80,0,0,com.android.vending,samsung,SM-S901U,2024-11-16 09:19:05.430000,android,0.01734825526886871,0.0122295106514522,11,1f68f853-efc9-4e35-87c9-0ce06bbe8f1c,3135,103,3b9c791f-ffea-4fc3-a650-9c746d3bfd1f,2024-11-08 07:59:34.407000,v1.10 - Skipits - Existing Users,Control
JP,2024-09-07T10:33:35.000Z,0.0029589320600000002,2,11,0,0,com.android.vending,Sony,SO-01K,2024-11-16 09:19:38.560000,android,0.0029589320600000002,,0,4197397c-d314-4830-bd2d-50adfd7b1a79,589,314,313e4759-0b52-401c-82b7-4ba89252289f,2024-11-10 22:20:49.377000,v1.10 - Skipits - Existing Users,Skipits - Middle Prices
IN,2024-10-10T18:50:17.000Z,,0,0,0,0,com.android.vending,realme,RMX3761,2024-11-16 09:19:39.945000,android,0,,0,6e32d86a-8191-4b43-ab36-0748f44587b9,0,165,cf41892c-aa81-4e61-8ae4-1060d8a2292f,2024-11-11 04:43:07.009000,v1.10 - Skipits - Existing Users,Skipits - High Prices
TW,2024-11-01T16:28:20.000Z,0.02198145259857177,2,24,0,0,,Apple,iPhone13ProMax,2024-11-16 09:23:02.221000,ios,0.15370686365509034,0.13172541105651858,8,eb337708-207e-4307-8f40-c7a126d81605,1208,115,95eeaa15-4b1b-4423-b7f6-3c2b38511410,2024-11-09 09:40:57.504000,v1.10 - Skipits - Existing Users,Skipits - Middle Prices
EG,2024-11-06T22:46:32.000Z,0.0022695238095238094,1,12,0,0,com.android.vending,samsung,SM-N985F,2024-11-16 09:25:55.075000,android,0.0022695238095238094,,0,fff00e87-79d0-4c88-81e7-9da31727ecb4,529,14,3164c59c-a487-43b6-91c1-4883c53ea6b2,2024-11-16 09:25:55.075000,v1.10 - Skipits - Existing Users,Skipits - Middle Prices
NZ,2024-10-18T02:46:02.000Z,,0,0,0,0,,Apple,iPhone11,2024-11-16 09:27:57.622000,ios,0,,0,b30b374f-7a9b-4dce-980c-20c2ef89b98c,1,34,fc8fade2-2184-4aac-a9d4-ae6779c94592,2024-11-16 09:27:57.622000,v1.10 - Skipits - Existing Users,Control
JP,2024-11-12T06:01:14.000Z,,0,25,0,0,,Apple,iPhone15ProMax,2024-11-16 09:28:34.114000,ios,0.2761690673828125,0.2761690673828125,2,b0fdaa0a-d8a5-40ff-bc9a-8c526da21e00,770,20,e665ad56-e6e3-4cd5-912d-5e3263f82816,2024-11-12 06:01:23.142000,v1.10 - Skipits - New Users,Skipits - High Prices
RO,2024-11-15T20:09:13.000Z,0.022130336681920958,3,26,0,0,,Apple,iPhoneXSMax,2024-11-16 09:37:25.398000,ios,0.030330336681920957,0.008199999999999999,1,38515ab3-db0c-4c03-b1e7-52e33b075a58,940,3,7a94d0e9-866f-4163-b681-24d097f6f06d,2024-11-15 21:55:38.796000,v1.10 - Skipits - Existing Users,Skipits - High Prices
PL,2024-10-20T09:20:53.000Z,,0,6,0,0,com.android.vending,Xiaomi,23030RAC7Y,2024-11-16 09:40:16.455000,android,0,,0,bd72ff7a-3721-41a4-b6a0-beac6877c765,225,87,4359c7f6-2351-4b30-a13b-bb9eab3b1e31,2024-11-13 20:45:45.004000,v1.10 - Skipits - Existing Users,Control
EG,2024-11-07T11:48:49.000Z,0.053668047,8,24,0,0,com.android.vending,realme,RMX3710,2024-11-16 09:41:13.733000,android,0.06628602900000001,0.012617982,1,2b9c58c7-c47f-44a0-be23-7669d0c71130,1463,34,674cba47-b218-40f7-82c6-40858ac93b72,2024-11-11 20:17:54.743000,v1.10 - Skipits - Existing Users,Skipits - High Prices
DK,2024-11-11T19:00:28.000Z,0.004458068594932556,4,35,0,0,com.android.vending,Google,Pixel 8a,2024-11-16 09:41:32.466000,android,0.01664943860530853,0.012191370010375978,5,446fc894-6c45-4112-aca6-5c74242acfe4,1784,13,0f122483-e283-4da0-b5a5-2faa9916302b,2024-11-14 20:46:32.054000,v1.10 - Skipits - Existing Users,Control
TW,2024-10-27T04:10:38.000Z,,0,0,0,0,,Apple,iPhone12ProMax,2024-11-16 09:41:50.552000,ios,0,,0,8849399f-72ab-4a19-a146-de21a1923d1c,32,5,4bf073b8-9edf-4258-b658-99beaef71b96,2024-11-16 09:41:50.552000,v1.10 - Skipits - Existing Users,Skipits - High Prices
RU,2024-11-04T12:15:26.000Z,0.006991020685085871,3,18,0,0,com.android.vending,Xiaomi,23124RA7EO,2024-11-16 09:42:40.187000,android,0.006991020685085871,,0,fdc74b2c-215f-4472-83fd-367d013df8fc,758,78,2e88fb49-b975-48ce-898a-f6f2fdcaf1da,2024-11-09 10:04:10.760000,v1.10 - Skipits - Existing Users,Skipits - High Prices
ID,2024-10-31T07:32:31.000Z,0.007213192380952379,2,16,0,0,,Apple,iPhone15ProMax,2024-11-16 09:44:58.830000,ios,0.016415573333333336,0.009202380952380955,2,d8a3d4d6-3775-46a9-8d02-74c475542ecd,862,50,0b47421f-f068-492c-8d99-1aaeadd264ef,2024-11-09 15:50:39.847000,v1.10 - Skipits - Existing Users,Skipits - Middle Prices
JP,2024-10-30T03:50:36.000Z,,0,19,0,0,,Apple,iPhone15,2024-11-16 09:45:37.529000,ios,0.24329632759094239,0.24329632759094239,11,7de445e7-f573-4df4-a90f-301a8ad7dd84,1322,145,8d13f439-821b-43db-a9b1-3aee09cc2c6e,2024-11-09 22:45:25.670000,v1.10 - Skipits - Existing Users,Control
JP,2024-11-14T09:46:53.000Z,0.007009604930877686,0,1,0,0,,Apple,"iPhone17,3",2024-11-16 09:45:43.159000,ios,0.007009604930877686,,0,67cc08fb-ccb8-4eb5-83bc-3878d5359a7f,10,9,9347e2d7-9696-4473-8ee9-5f07a4ac8d3e,2024-11-14 09:47:00.460000,v1.10 - Skipits - New Users,Skipits - Middle Prices
JP,2024-11-14T09:46:53.000Z,,0,0,0,0,,Apple,"iPhone17,3",2024-11-16 09:45:46.783000,ios,0.02039823722839356,0.02039823722839356,2,dfbdbe3c-fd6c-4e32-9fc4-d26163a0a105,155,11,9347e2d7-9696-4473-8ee9-5f07a4ac8d3e,2024-11-14 09:47:00.460000,v1.10 - Skipits - New Users,Skipits - Middle Prices
DE,2024-10-30T17:07:58.000Z,0.0663272437651952,5,13,0,0,,Apple,iPhone13Mini,2024-11-16 09:55:32.805000,ios,0.18148227756341298,0.11515503379821779,9,bacf7fa1-d7a7-4c92-a1a8-9d3b5260ec10,2404,45,c9295cf3-7df5-49e8-b27b-4832c2474e4d,2024-11-10 17:50:47.203000,v1.10 - Skipits - Existing Users,Skipits - Middle Prices
JP,2024-10-23T10:38:40.000Z,,0,1,0,0,,Apple,iPhone12,2024-11-16 09:56:53.763000,ios,0,,0,856d8086-dcd4-47be-ace1-96ba2d6a7798,31,219,fa087c93-6de7-4cbe-9be0-ad12da49518f,2024-11-08 00:59:22.720000,v1.10 - Skipits - Existing Users,Skipits - Middle Prices
BR,2024-11-06T11:42:47.000Z,,0,0,0,0,com.android.vending,Xiaomi,2201116PI,2024-11-16 09:58:00.018000,android,0,,0,95fb93ff-0995-4d91-b11c-15b3bfc6082c,2,48,abe258b6-4187-414c-a1ac-39cc4c6ad3f5,,v1.10 - Skipits - Existing Users,Control
TN,2024-10-22T16:08:47.000Z,0.00015,1,12,0,0,com.android.vending,Xiaomi,22101316UG,2024-11-16 09:58:15.815000,android,0.00287671996578468,0.00272671996578468,7,e1738909-e36e-4be9-8933-068ba7b227d0,1405,74,99d5fda4-1452-4626-b750-6ac32433d8d2,2024-11-12 08:25:29.399000,v1.10 - Skipits - Existing Users,Skipits - Middle Prices
ZA,2024-11-11T18:06:32.000Z,,0,0,0,0,com.android.vending,samsung,SM-A135F,2024-11-16 09:58:44.967000,android,0.02398228454589844,0.02398228454589844,0,77eaacf5-2f3e-4139-bd51-2147c2553019,36,8,76ce0b07-15fc-4bab-9766-36be355882d7,2024-11-15 19:17:17.300000,v1.10 - Skipits - Existing Users,Control
TW,2024-08-22T06:26:37.000Z,0.007571121,2,14,0,0,com.android.vending,OPPO,CPH2557,2024-11-16 10:03:08.276000,android,0.016491121,0.00892,2,dc2fb0e8-3dab-47f5-82d8-5d2e18693668,655,89,7dbb201c-c99c-441d-b10a-619ac3c43bd2,2024-11-11 13:58:52.970000,v1.10 - Skipits - Existing Users,Skipits - Middle Prices
JP,2024-10-06T15:14:23.000Z,0.012498744380952382,4,26,0,0,,Apple,iPhone13,2024-11-16 10:05:08.954000,ios,0.012498744380952382,,0,7310bfa5-1ecc-4d13-bc14-75412ee7e61f,1364,150,736326d8-a418-4040-8b3c-a68ed343c1a2,2024-11-12 03:56:30.501000,v1.10 - Skipits - Existing Users,Control
RU,2024-11-07T09:48:28.000Z,0.001230440020561218,1,8,0,0,,Apple,iPhone11Pro,2024-11-16 10:07:24.156000,ios,0.008282042713165284,0.007051602692604064,4,264ee7ca-61a6-426b-bd2c-5ea7cdb7beaa,546,23,965022ad-e02f-4770-975c-66c16cdc97b6,2024-11-09 07:17:50.293000,v1.10 - Skipits - Existing Users,Skipits - Middle Prices
MN,2024-11-16T03:12:20.000Z,0.0013110057991952899,1,21,0,0,com.android.vending,samsung,SM-M236L,2024-11-16 10:09:38.717000,android,0.0013110057991952899,,0,0a95c5e6-cd11-4d84-bce4-ace044ddc0a8,1071,10,ae192219-1716-43cf-9d63-387c432775eb,2024-11-16 03:12:31.483000,v1.10 - Skipits - New Users,Skipits - High Prices
IN,2024-10-02T09:17:12.000Z,0.001132107,3,22,0,0,com.android.vending,Xiaomi,2311DRK48I,2024-11-16 10:09:57.759000,android,0.007365485454010009,0.00623337845401001,4,b4c87afa-5ca6-4a7a-9bc3-16f905aee977,1287,37,6aafe653-f8e1-4a64-9176-7070d35d9020,2024-11-11 17:52:02.910000,v1.10 - Skipits - Existing Users,Skipits - Middle Prices
MX,2024-11-16T10:12:34.000Z,,0,2,0,0,com.android.vending,samsung,SM-A037M,2024-11-16 10:12:45.388000,android,0,,0,dd319af0-b801-4e3a-a020-2d34084fd0f6,72,1,a31586fe-0ed6-4c70-b80a-da14524597c4,2024-11-16 10:12:45.388000,v1.10 - Skipits - New Users,Skipits - Middle Prices
GB,2024-11-16T10:18:01.000Z,,0,28,0,0,com.android.vending,motorola,moto g23,2024-11-16 10:18:08.472000,android,0.05861742847340448,0.05861742847340448,3,94c4ef14-611e-4338-89e1-cb86f728d3f4,1108,1,e0477c03-0ccd-4b8d-a35f-314eb5f393cc,2024-11-16 10:18:08.472000,v1.10 - Skipits - New Users,Skipits - High Prices
JP,2024-09-29T07:05:57.000Z,,0,32,0,0,com.android.vending,samsung,SCG29,2024-11-16 10:20:35.905000,android,0.023864873687072758,0.023864873687072758,5,a47e5cfd-e87b-4ab6-966c-f24a46cc34bb,1486,242,d69bf4a3-7c5d-4575-9699-813fcbb894da,2024-11-08 00:13:50.228000,v1.10 - Skipits - Existing Users,Control
TH,2024-11-16T10:22:07.000Z,,0,9,0,0,com.android.vending,samsung,SM-G991B,2024-11-16 10:22:15.074000,android,0,,0,b79ad349-b698-47e2-89e5-7b24118619d9,306,1,c80be908-9293-40f4-9471-b67bbdd626bc,2024-11-16 10:22:15.074000,v1.10 - Skipits - New Users,Skipits - High Prices
VN,2024-10-11T15:40:57.000Z,0.019648796331996007,17,107,0,0,,Apple,iPhone13ProMax,2024-11-16 10:23:15.463000,ios,0.021266027331996007,0.001617231,1,d5173f9a-36af-4f67-86bc-b9ed5bd75f7e,4055,76,577bcb15-3a31-4839-b902-1f5eeb33e080,2024-11-15 12:51:45.246000,v1.10 - Skipits - Existing Users,Control
DE,2024-11-16T09:45:43.000Z,0.056947624,5,50,0,0,com.android.vending,Google,Pixel 7 Pro,2024-11-16 10:25:41.756000,android,0.16344912054235838,0.10650149654235838,6,f07ca741-7a4c-4852-bba3-e3bb15e59713,2339,2,09d2656e-d028-40b0-810e-a874031c4a0e,2024-11-16 09:45:48.969000,v1.10 - Skipits - New Users,Control
UA,2024-09-26T21:42:19.000Z,,0,4,0,0,com.android.vending,Xiaomi,23078PND5G,2024-11-16 10:27:12.708000,android,0,,0,9b520307-74e7-46cd-985d-520e9ba697ef,141,17,a1a8b8aa-6184-4013-863a-150d6bf4dfe9,2024-11-11 19:14:41.813000,v1.10 - Skipits - Existing Users,Skipits - High Prices
PT,2024-11-09T23:31:49.000Z,0.006047081571428572,2,15,0,0,,Apple,iPhone14Pro,2024-11-16 10:29:08.737000,ios,0.010758986333333331,0.00471190476190476,2,dca43c2b-2e3e-4986-be9c-641c01a50c59,926,40,4dd89066-ddf1-4674-b90f-b794db1ef681,2024-11-09 23:31:55.438000,v1.10 - Skipits - New Users,Skipits - High Prices
DK,2024-11-13T17:07:26.000Z,,0,28,0,0,,Apple,iPhone14Pro,2024-11-16 10:30:02.772000,ios,0.27654449465234376,0.27654449465234376,2,ab666fa5-ac36-406f-a655-cda54c2c9523,931,9,b83aefac-b8e9-4331-baa2-b0043249f868,2024-11-13 17:07:32.283000,v1.10 - Skipits - New Users,Control
GB,2024-11-11T10:10:54.000Z,,0,35,0,0,,Apple,iPhoneSE2Gen,2024-11-16 10:31:35.784000,ios,0,,0,2cde7f0b-808c-4843-ba3b-59dd1d4b37c0,1448,32,c0c05310-4c02-4080-80d8-96712d265c41,2024-11-11 10:11:01.431000,v1.10 - Skipits - New Users,Control
JP,2024-10-13T09:48:00.000Z,,0,0,0,0,,Apple,iPhone13Mini,2024-11-16 10:31:54.443000,ios,0,,0,d33b19d2-4ec9-415b-8408-2f84966f16c6,3,68,1e420699-af63-46ef-a872-04f4790b7680,2024-11-09 18:01:36.575000,v1.10 - Skipits - Existing Users,Skipits - High Prices
JP,2024-10-13T09:48:00.000Z,0.014953778312547142,4,25,0,0,,Apple,iPhone13Mini,2024-11-16 10:32:03.274000,ios,0.03645989804964184,0.021506119737094702,4,b188e6c5-b025-4b58-ab79-c9067aaa41ec,1504,69,1e420699-af63-46ef-a872-04f4790b7680,2024-11-09 18:01:36.575000,v1.10 - Skipits - Existing Users,Skipits - High Prices
ID,2024-10-21T17:37:20.000Z,,0,6,0,0,com.android.vending,samsung,SM-A156E,2024-11-16 10:32:08.099000,android,0,,0,f31fbd61-46a7-43db-9259-4f95c1ee2126,212,161,0750f2bc-8366-43d5-9a29-7e4dfed161a6,2024-11-10 10:54:17.230000,v1.10 - Skipits - Existing Users,Control
JP,2024-11-13T21:37:03.000Z,0.5343727176411874,15,91,0,0,,Apple,iPhone13ProMax,2024-11-16 10:32:49.331000,ios,1.7358675994118318,1.2014948817706448,28,588d50d3-5a9b-4d79-b633-78cf906e5d07,6290,30,7e8a5460-adca-41f8-969b-e6f0e28d64e7,2024-11-13 21:37:11.025000,v1.10 - Skipits - New Users,Skipits - Middle Prices
US,2024-11-16T10:35:20.000Z,,0,18,0,0,,Apple,iPad10Gen,2024-11-16 10:34:28.193000,ios,0,,0,012683bc-2655-4155-9f95-847df04bf014,554,1,44abbb01-83f3-4af4-b3ce-6450db24e24f,2024-11-16 10:34:28.193000,v1.10 - Skipits - New Users,Skipits - Middle Prices
GB,2024-11-09T18:20:11.000Z,0.017086245549331667,4,31,0,0,com.android.vending,samsung,SM-G981B,2024-11-16 10:34:54.294000,android,0.028276808549331664,0.011190563,1,621ddbd5-f6e4-4dfb-a395-d4d04baa12c1,1203,18,c3d1b394-4433-428e-814c-f7c67e73369b,2024-11-09 18:20:17.087000,v1.10 - Skipits - New Users,Skipits - Middle Prices
AT,2024-09-18T05:49:51.000Z,,0,0,0,0,com.android.vending,samsung,SM-G988B,2024-11-16 10:38:42.666000,android,0,,0,8b9c7a10-3fc3-4d6b-a553-f2bd0fe62c0f,0,46,0fc4b19e-0720-46b5-95ba-06ef92efbbce,2024-11-16 10:38:42.667000,v1.10 - Skipits - Existing Users,Skipits - High Prices
KR,2024-10-30T20:22:30.000Z,0.004330414,2,23,0,0,com.android.vending,samsung,SM-F731N,2024-11-16 10:42:40.476000,android,0.04569100708734659,0.04136059308734658,15,5a9df113-bbce-4d67-8caa-de7da7bfe8db,1707,248,191ebba1-b2c0-4eba-a1e4-8947810a3188,2024-11-07 23:45:16.382000,v1.10 - Skipits - Existing Users,Control
PL,2024-11-11T12:35:35.000Z,0.005781617619047618,2,3,0,0,com.android.vending,OPPO,CPH2477,2024-11-16 10:43:32.013000,android,0.005781617619047618,,0,a884424c-a7a7-4392-8261-d9ef67326861,2881,23,d090be79-e622-4d07-a938-a178fe5c0e10,2024-11-11 12:35:43.668000,v1.10 - Skipits - New Users,Control
CH,2024-09-11T06:36:35.000Z,,0,4,0,0,com.android.vending,HUAWEI,VOG-L29,2024-11-16 10:45:16.653000,android,0.0026586844384,0.0026586844384,1,a87d0005-a729-4b62-8d6c-b561aa98a085,342,150,95a93ca1-0724-46ce-aa65-32f1b0a849e3,2024-11-09 20:06:25.026000,v1.10 - Skipits - Existing Users,Control
KR,2024-09-16T15:15:49.000Z,0.050886356353759765,2,21,0,0,,Apple,"iPhone17,1",2024-11-16 10:45:20.230000,ios,0.11324747305631637,0.06236111670255661,2,338002e7-9715-42df-8d45-faf1bcae7930,892,14,092a4e82-b0ab-4830-aec2-c0c3576746a2,2024-11-09 13:08:15.763000,v1.10 - Skipits - Existing Users,Skipits - Middle Prices
RU,2024-11-15T14:06:51.000Z,0.13892022651104738,7,42,0,0,,Apple,iPhone14,2024-11-16 10:46:45.934000,ios,0.4355955312870484,0.296675304776001,13,0b730ea1-5e5a-48c4-a5c7-546052fcaf2b,2553,3,ecab271b-cefc-49e9-9d28-8db960eca359,2024-11-15 14:06:57.543000,v1.10 - Skipits - New Users,Skipits - Middle Prices
KR,2024-11-05T09:51:57.000Z,,0,97,0,0,,Apple,iPhone15ProMax,2024-11-16 10:49:41.223000,ios,0.3775428466796875,0.3775428466796875,1,ef1df238-201b-47c4-9225-8dd9f3e0a488,4195,67,d1f0e158-4d7d-4f5b-acc3-5eb37433f759,2024-11-10 08:54:22.876000,v1.10 - Skipits - Existing Users,Skipits - Middle Prices
GB,2024-11-10T15:54:25.000Z,,0,0,0,0,com.android.vending,samsung,SM-G780F,2024-11-16 10:52:06.942000,android,0,,0,5aaf9f3e-27e8-4b76-b54d-749ec4266c5f,0,2,84a25f40-8f5c-478d-ad28-189c4999ab02,2024-11-10 15:54:31.481000,v1.10 - Skipits - New Users,Skipits - High Prices
GB,2024-11-16T10:58:10.000Z,0.18228040786871225,14,120,0,0,,Apple,iPhone11ProMax,2024-11-16 10:58:16.066000,ios,0.2057221021283558,0.02344169425964355,1,3968f6d9-77ce-486a-9ad7-c66c2bed0cb4,5342,1,1c5a13c2-5c51-4c3d-adf7-ee055bce3621,2024-11-16 10:58:16.066000,v1.10 - Skipits - New Users,Control
NL,2024-10-13T19:56:38.000Z,0.0046534,5,33,0,0,com.android.vending,motorola,motorola edge 30,2024-11-16 10:58:44.151000,android,0.025798410944775172,0.02114501094477517,5,6cb897d3-a601-430c-b136-971de05a9f03,2018,43,0a1d56db-1a2f-4339-a5fc-ab2b6a952a36,2024-11-11 17:16:32.237000,v1.10 - Skipits - Existing Users,Skipits - High Prices
JP,2024-10-22T22:03:00.000Z,,0,14,0,0,,Apple,iPhone14Pro,2024-11-16 11:00:42.814000,ios,0.25704477595658537,0.25704477595658537,5,32869fcb-7314-43dc-ba5f-419cbd438df1,707,96,7efc5269-2048-4685-8569-d9afcc4f157a,2024-11-09 16:09:50.987000,v1.10 - Skipits - Existing Users,Control
KR,2024-11-09T00:29:11.000Z,0.01972976349858705,13,16,0,0,com.android.vending,samsung,SM-S926N,2024-11-16 11:03:26.430000,android,0.19796286912506533,0.17823310562647832,89,35e4295e-1016-43d9-b4b4-93328f79a1a1,1568,74,688b07e5-437a-4227-88ee-d2305aabd42f,2024-11-09 00:29:19.183000,v1.10 - Skipits - Existing Users,Skipits - Middle Prices
ID,2024-10-21T12:07:16.000Z,0.002851871428571429,2,9,0,0,com.android.vending,INFINIX,Infinix X6525,2024-11-16 11:04:50.083000,android,0.014349310505453614,0.011497439076882183,1,cbcc6687-b558-47a6-bbba-e8757f013a82,661,70,30b51379-b46d-44dd-ac2f-47ba0c571f61,2024-11-11 04:56:53.342000,v1.10 - Skipits - Existing Users,Skipits - High Prices
KH,2024-10-07T14:57:13.000Z,,0,0,0,0,com.android.vending,TECNO,TECNO LI9,2024-11-16 11:09:18.914000,android,0,,0,79d1533f-e76f-424b-9761-bebb3a87441e,61,37,198be2ba-e839-4a32-a66b-b22abf812a0a,2024-11-16 11:09:18.914000,v1.10 - Skipits - Existing Users,Skipits - High Prices
US,2024-11-14T23:45:25.000Z,0.04273453448970001,4,30,0,0,com.android.vending,samsung,SM-F956U,2024-11-16 11:10:35.121000,android,0.05661957448970001,0.01388504,1,840e07d9-81c0-4c86-b512-a5acbe0ec01b,2644,4,9a42644d-c868-46db-8b8d-db88f376b2cf,2024-11-14 23:45:32.547000,v1.10 - Skipits - New Users,Control
ZZ,2024-11-10T17:48:01.000Z,,0,15,0,0,,Apple,iPhone14ProMax,2024-11-16 11:12:44.181000,ios,0,,0,1534c5b0-27fe-4c71-bef2-bbf153d01ac3,469,33,a533c4de-422b-4af6-8663-f77b84b5d530,2024-11-10 17:48:07.569000,v1.10 - Skipits - New Users,Skipits - Middle Prices
IN,2024-11-09T13:37:55.000Z,,0,27,0,0,com.android.vending,vivo,I2126,2024-11-16 11:12:55.293000,android,0,,0,e1127230-6fa4-49f3-893a-dc0e180fb5a3,125,75,c22f19c7-d46f-4cee-902f-01feb694b7d1,2024-11-09 18:31:46.871000,v1.10 - Skipits - Existing Users,Skipits - Middle Prices
VN,2024-11-16T11:13:57.000Z,,0,16,0,0,com.android.vending,vivo,vivo 1916,2024-11-16 11:14:09.254000,android,0,,0,095c396f-2b00-4304-a904-bf70408a4883,482,1,12ed850c-422d-4102-b5da-c3591d1ecb36,2024-11-16 11:14:09.254000,v1.10 - Skipits - New Users,Skipits - Middle Prices
UA,2024-11-15T18:02:04.000Z,0.005795576190476191,2,18,0,0,com.android.vending,realme,RMX3710,2024-11-16 11:14:47.055000,android,0.01846232819047619,0.012666752,3,13ee023a-8032-4e0b-a3b5-5b2f2d2d3e45,849,6,7987d2d8-a6ad-4a60-bc0e-b23abfb03a59,2024-11-15 18:02:12.116000,v1.10 - Skipits - New Users,Skipits - High Prices
KR,2024-11-08T07:13:39.000Z,0.003128796,0,0,0,0,com.android.vending,samsung,SM-S918N,2024-11-16 11:15:43.977000,android,0.003128796,,0,7fb9a11d-7051-45c3-828b-a5f6d714f037,1,109,04378d8a-a88f-425b-9c8b-1f703b37b6d7,2024-11-08 07:13:48.263000,v1.10 - Skipits - New Users,Skipits - High Prices
ES,2024-11-15T23:16:31.000Z,0.021314674,2,15,0,0,com.android.vending,Xiaomi,23090RA98G,2024-11-16 11:16:57.961000,android,0.021314674,,0,d02e39a6-0b4f-4a31-9430-63afdfdf6735,512,2,fd9034fa-6c11-4ec8-8b00-eff40ed58c1d,2024-11-15 23:16:37.954000,v1.10 - Skipits - New Users,Skipits - High Prices
PH,2024-11-10T10:56:29.000Z,0.001950083821,2,12,0,0,com.android.vending,samsung,SM-A346E,2024-11-16 11:20:07.207000,android,0.0119234161286,0.009973332307599999,7,619190ea-da67-4122-9828-1dc6b6c92a03,658,40,06448241-f05a-4547-9094-c423b751c415,2024-11-10 10:56:38.776000,v1.10 - Skipits - New Users,Control
JP,2024-11-02T00:32:06.000Z,0.11522646964302811,24,126,0,0,,Apple,iPhone15,2024-11-16 11:25:33.896000,ios,0.22418972838387266,0.10896325874084459,23,d652c83b-6fe5-49e7-afb4-ffe4353f1950,7709,55,1d152ad2-4071-40b2-b903-66652ef160d8,2024-11-09 03:33:56.611000,v1.10 - Skipits - Existing Users,Skipits - Middle Prices
BR,2024-11-16T11:26:23.000Z,,0,8,0,0,com.android.vending,Xiaomi,M2012K11AG,2024-11-16 11:26:31.913000,android,0,,0,2b9320da-d20e-4bc9-87c5-7317cc2af8bf,256,1,679345fb-9373-4cee-9b1a-17b8d58865ef,2024-11-16 11:26:31.913000,v1.10 - Skipits - New Users,Skipits - High Prices
KR,2024-09-28T11:19:22.000Z,,0,184,0,0,com.android.vending,samsung,SM-F926N,2024-11-16 11:27:01.849000,android,0.13571579881413084,0.13571579881413084,6,82678525-feb2-44b3-b932-e6645a0601e5,6824,346,40cffee5-681c-464f-8dbb-9f3fd786b0c8,2024-11-08 22:36:40.567000,v1.10 - Skipits - Existing Users,Control
ES,2024-10-22T11:25:56.000Z,,0,26,0,0,com.android.vending,OPPO,CPH2251,2024-11-16 11:28:44.902000,android,0,,0,2beb20f7-86ad-40b7-a840-882e1a3468c8,944,98,44ea5216-2cb5-4e69-aae0-45fd5fa3d07d,2024-11-08 06:35:02.463000,v1.10 - Skipits - Existing Users,Skipits - Middle Prices
CN,2024-11-14T05:31:51.000Z,0.0007064999999999999,1,4,0,0,com.android.vending,INFINIX MOBILITY LIMITED,Infinix X695,2024-11-16 11:32:46.467000,android,0.0022514156531973323,0.0015449156531973324,1,61232994-8e2b-41d9-a904-9bc598a97225,347,12,d8224716-58de-454a-a5f1-da5f876a730d,2024-11-14 05:31:59.658000,v1.10 - Skipits - New Users,Control
DE,2024-10-13T11:41:44.000Z,,0,7,0,0,com.android.vending,samsung,SM-S901B,2024-11-16 11:34:06.700000,android,0,,0,4be7be80-0326-4b77-bd2d-62aab3574621,781,167,baec946e-de4a-441a-ad7c-7151f1c1241a,2024-11-10 20:35:02.045000,v1.10 - Skipits - Existing Users,Skipits - High Prices
SA,2024-11-16T10:04:18.000Z,0.16132944850883785,4,55,0,0,,Apple,iPhone11ProMax,2024-11-16 11:37:00.287000,ios,0.39025741203264736,0.22892796352380954,3,8fa655c8-7614-4d8e-a463-1f941aab0bc5,1999,2,2e75100e-ad71-4885-80a7-69a417d0d724,2024-11-16 10:04:25.194000,v1.10 - Skipits - New Users,Control
JP,2024-11-10T12:46:13.000Z,0.02877032152270508,4,27,0,0,,Apple,"iPhone17,1",2024-11-16 11:37:39.640000,ios,0.02877032152270508,,0,3fc9cb0c-53b0-4912-a83e-47bda385e438,932,23,b40beacc-8d0b-4250-87b1-597494f69f92,2024-11-10 12:46:21.615000,v1.10 - Skipits - New Users,Control
KG,2024-10-23T02:52:13.000Z,0.000619582,3,37,0,0,com.android.vending,samsung,SM-A536E,2024-11-16 11:38:08.303000,android,0.0010100196924037932,0.00039043769240379336,1,c5684a98-1440-4a42-a9a8-4e573c50d9a7,1662,147,75542158-93ad-4412-b6e7-741f8097c3d0,2024-11-09 16:26:53.863000,v1.10 - Skipits - Existing Users,Control
ID,2024-11-15T04:17:45.000Z,0.009928580000000001,4,30,0,0,com.android.vending,samsung,SM-A556E,2024-11-16 11:38:26.208000,android,0.03219439080703736,0.022265810807037354,3,9b3851fd-40b2-4510-9976-fb3af6bcd425,1472,11,56cfd3be-718e-4d62-b7ae-778bb01db173,2024-11-15 04:17:53.779000,v1.10 - Skipits - New Users,Skipits - High Prices
SE,2024-11-10T11:54:17.000Z,0.0023202355477270173,3,20,0,0,,Apple,iPhone12,2024-11-16 11:39:15.723000,ios,0.008252443099240416,0.005932207551513399,6,53c9176b-7ff7-4d1d-98bb-72066a18cd90,1413,51,648c2058-0187-40ba-a836-694bd2f50022,2024-11-10 11:54:23.735000,v1.10 - Skipits - New Users,Control
KR,2024-11-08T16:30:40.000Z,0.020764131973699997,7,46,0,0,com.android.vending,samsung,SM-S916N,2024-11-16 11:40:42.884000,android,0.020764131973699997,,0,26b797fe-c9ee-4770-893f-316752ce2101,1586,49,1ca2fa27-512e-46e8-bde5-06687ab19c60,2024-11-08 16:30:48.874000,v1.10 - Skipits - New Users,Control
ID,2024-11-15T10:49:41.000Z,0.0020924639999999996,11,93,0,0,com.android.vending,Xiaomi,Redmi Note 8 Pro,2024-11-16 11:41:58.543000,android,0.006925813581246058,0.004833349581246057,28,c2baa99d-45e4-4512-90b6-219007e03b0c,4016,12,dc689bf0-d537-4104-9196-2df9e22801a8,2024-11-15 10:49:51.265000,v1.10 - Skipits - New Users,Control
ID,2024-11-12T02:10:38.000Z,0.0072341370328,4,35,0,0,com.android.vending,Xiaomi,2312DRA50G,2024-11-16 11:42:02.689000,android,0.027707856798005387,0.020473719765205387,5,e8762e5f-ff38-4953-bbd0-886b0e735b72,1415,7,8c508f00-cd0f-4f07-9dc6-6dc79c45feff,2024-11-12 02:10:46.402000,v1.10 - Skipits - New Users,Control
RU,2024-11-15T08:04:01.000Z,0.008227963000000001,0,0,0,0,com.android.vending,Xiaomi,M2103K19Y,2024-11-16 11:42:55.480000,android,0.008227963000000001,,0,19d8fc4c-aa5c-4fc7-8c93-e03cce7d4d90,3,7,ab137717-1476-4ae8-9a00-f10dc54f4623,2024-11-15 08:04:08.843000,v1.10 - Skipits - New Users,Skipits - High Prices
US,2024-11-11T10:30:55.000Z,,0,15,0,0,,Apple,iPhone13,2024-11-16 11:43:40.909000,ios,0.3753931218021257,0.3753931218021257,12,4b4587ce-264f-44ae-8e2a-3aafbdd80a04,1739,17,81cd59de-a2e3-4f20-b250-d7923a2032b8,2024-11-11 10:32:59.895000,v1.10 - Skipits - New Users,Skipits - High Prices
CZ,2024-10-30T13:55:36.000Z,,0,0,0,0,com.android.vending,Xiaomi,2109119DG,2024-11-16 11:47:55.298000,android,0,,0,6b3ea6e0-9bf6-4ce9-b4af-a4105282b3ba,21,95,926e867a-8d79-4836-b231-4629078ff0d1,2024-11-15 18:22:46.612000,v1.10 - Skipits - Existing Users,Skipits - Middle Prices
TH,2024-11-16T07:55:39.000Z,0.007088067531585693,1,9,0,0,,Apple,iPhone14Pro,2024-11-16 11:48:07.765000,ios,0.007088067531585693,,0,d6cf017c-5a92-4ffa-8b75-fe7ef839b31a,293,3,633f2086-743f-41ab-86af-1031fcd149e2,2024-11-16 07:55:46.384000,v1.10 - Skipits - New Users,Skipits - High Prices
PL,2024-10-15T10:17:05.000Z,0.012207234382629396,2,12,0,0,,Apple,iPhone13,2024-11-16 11:48:50.478000,ios,0.012207234382629396,,0,7cb84bf5-9715-4196-8856-0ddd54eb4196,455,62,38f5329e-acca-447d-ade9-f3bff9b3b986,2024-11-11 14:02:35.768000,v1.10 - Skipits - Existing Users,Skipits - High Prices
MY,2024-07-29T01:45:16.000Z,0.0038396653423411046,10,40,0,0,com.android.vending,realme,RMX3491,2024-11-16 11:49:44.352000,android,0.011956630294722055,0.008116964952380953,14,4509a103-97b0-47a3-8b5f-fc8b16f314a6,3777,529,b99ba11d-f969-4c64-92b1-a1854b61d883,2024-11-10 13:33:52.712000,v1.10 - Skipits - Existing Users,Skipits - Middle Prices
US,2024-08-17T14:02:14.000Z,,0,10,0,0,,Apple,iPhoneXSMax,2024-11-16 11:49:48.071000,ios,0,,0,e158df7e-bb97-497d-a5fe-97a98990477a,296,280,f1defbf9-fac1-42d9-994c-96a266d499c6,2024-11-11 12:28:05.427000,v1.10 - Skipits - Existing Users,Control
IN,2024-10-29T06:31:17.000Z,0.0012789514316994804,5,36,0,0,com.android.vending,OPPO,CPH2565,2024-11-16 11:50:02.251000,android,0.004576687003128052,0.0032977355714285716,5,60fc4759-9fae-40dd-b276-f9f32621f92f,2427,130,2148ced8-c553-4a75-bcd9-ca288f79285a,2024-11-09 18:36:44.593000,v1.10 - Skipits - Existing Users,Skipits - High Prices
BR,2024-11-10T04:03:22.000Z,,0,0,0,0,com.android.vending,samsung,SM-G996B,2024-11-16 11:50:50.770000,android,0.004863579320907593,0.004863579320907593,2,702e587b-66ce-42ef-a827-2453fee34a5c,347,57,d42efbd8-6531-4d69-8b13-161c1573c5cd,2024-11-10 04:03:28.763000,v1.10 - Skipits - New Users,Control
TR,2024-11-16T09:01:47.000Z,0.01821,0,10,0,0,com.android.vending,samsung,SM-A546E,2024-11-16 11:51:15.684000,android,0.20931923767089844,0.19110923767089844,2,9799873e-fc4e-4c87-a67c-a725269a80f9,486,2,7a872066-e7f5-4e65-8066-3086194abdd9,2024-11-16 09:04:52.388000,v1.10 - Skipits - New Users,Control
UA,2024-11-06T17:36:15.000Z,0.000646045389175415,2,18,0,0,com.android.vending,Xiaomi,M2006C3MNG,2024-11-16 11:51:34.679000,android,0.0015684494996070864,0.0009224041104316712,1,4b942f3d-39db-496c-8ccd-ed9612948d16,747,35,af3576c6-7db9-4ccb-b650-5438b89dfc31,2024-11-08 08:25:08.117000,v1.10 - Skipits - Existing Users,Skipits - High Prices
MY,2024-11-15T04:26:33.000Z,0.028731369247665405,6,51,0,0,com.android.vending,OPPO,CPH2483,2024-11-16 11:51:59.169000,android,0.29276398320699537,0.26403261395933,19,f097e7f3-0dc7-4f9d-8041-7980dbe5bf80,3342,18,d94aa4db-b75f-4767-b641-70e87d440e9c,2024-11-15 04:26:40.042000,v1.10 - Skipits - New Users,Skipits - High Prices
DE,2024-10-30T14:16:32.000Z,0.0446136655807495,6,33,0,0,,Apple,iPhone13,2024-11-16 11:52:13.032000,ios,0.0768874258995056,0.0322737603187561,3,3fef29dd-994d-41b6-b957-a255226511c7,1774,47,d242cbf6-30ad-4e08-a1bb-c7edd91bd828,2024-11-09 11:28:01.540000,v1.10 - Skipits - Existing Users,Skipits - High Prices
JP,2024-09-29T14:58:24.000Z,0.0073899504267,7,46,0,0,com.android.vending,OPPO,CPH2013,2024-11-16 11:53:23.502000,android,0.10177930101455825,0.09438935058785826,11,97a444d5-b50c-45ef-8391-aa27d10db486,2648,138,f2490caa-0311-4f2b-80b7-e0f02f3d536a,2024-11-09 08:15:23.814000,v1.10 - Skipits - Existing Users,Skipits - High Prices
VN,2024-11-06T10:53:04.000Z,0.008120952380952378,1,9,0,0,,Apple,iPhone12Pro,2024-11-16 11:53:32.419000,ios,0.008120952380952378,,0,d55e66ea-faf4-4390-9c35-328c1861fb77,329,38,93e4bd73-59b9-4ff9-b905-46297e6e7fd4,2024-11-09 09:47:10.391000,v1.10 - Skipits - Existing Users,Skipits - High Prices
TW,2024-11-07T06:58:10.000Z,0.04632772788856523,9,101,0,0,com.android.vending,asus,ASUS_AI2201_F,2024-11-16 11:54:23.036000,android,0.4960440719520305,0.4497163440634652,23,2d53ec5d-fd36-4c7b-845e-87a2843ef62a,4639,32,fe13af26-a998-4717-82a6-8822173836dd,2024-11-08 09:30:11.144000,v1.10 - Skipits - Existing Users,Skipits - High Prices
US,2024-11-15T19:48:02.000Z,,0,0,0,0,com.android.vending,samsung,SM-A528B,2024-11-16 11:54:32.885000,android,0,,0,797ea692-bffa-4385-bff3-47ce9b19d437,42,5,21cced3b-5350-4bdd-bf7f-ab3045ae5f18,2024-11-15 19:48:21.216000,v1.10 - Skipits - New Users,Skipits - High Prices
PL,2024-11-16T10:31:12.000Z,,0,7,0,0,,Apple,iPhone15ProMax,2024-11-16 11:54:33.561000,ios,0,,0,85979df8-971c-4258-9e9f-923a886955cf,206,2,223664ff-d773-41d4-b734-661e4ef349ed,2024-11-16 10:31:18.845000,v1.10 - Skipits - New Users,Control
RU,2024-11-16T09:24:31.000Z,0.005674761904761905,2,34,0,0,com.android.vending,HUAWEI,MAR-LX1M,2024-11-16 11:55:06.448000,android,0.024209741010836193,0.01853497910607429,3,2ad7f972-18be-41f4-b311-48cf82e4bf24,1315,2,33df68d1-e1a2-4d43-8819-3bad4f357588,2024-11-16 09:24:39.114000,v1.10 - Skipits - New Users,Skipits - Middle Prices
KR,2024-11-05T02:15:00.000Z,0.037573017,1,9,0,0,com.android.vending,samsung,SM-S928N,2024-11-16 11:58:19.222000,android,0.037573017,,0,f3fb1fe3-c836-4e97-a5f0-e0d73225dfbf,438,8,b61aeeb0-e449-4587-b035-7aff357d5f01,2024-11-09 16:59:43.803000,v1.10 - Skipits - Existing Users,Control
JP,2024-10-05T15:29:12.000Z,,0,6,0,0,com.android.vending,Sony,SO-51B,2024-11-16 11:59:26.978000,android,0.0024558170000000003,0.0024558170000000003,1,7d99564c-c6f3-4f62-85bd-955736ad0c25,376,298,5e72225f-a5b8-4a68-a2ab-4e1d63549807,2024-11-08 03:13:42.858000,v1.10 - Skipits - Existing Users,Skipits - Middle Prices
TR,2024-11-16T09:01:47.000Z,0.08698366572731236,4,23,0,0,com.android.vending,samsung,SM-A546E,2024-11-16 11:59:48.964000,android,0.31977053495387486,0.2327868692265625,2,b568fbad-a35e-4243-9d6b-d95c57fc9746,1097,3,7a872066-e7f5-4e65-8066-3086194abdd9,2024-11-16 09:04:52.388000,v1.10 - Skipits - New Users,Control
ES,2024-10-30T12:50:05.000Z,,0,0,0,0,,Apple,iPhone12,2024-11-16 12:01:02.555000,ios,0,,0,532ae446-d129-4804-a1a2-50b379b5f01f,0,67,3e1944f4-3b47-4c7c-921e-fd3ca4999ede,2024-11-13 18:25:17.270000,v1.10 - Skipits - Existing Users,Skipits - High Prices
ES,2024-10-30T12:50:05.000Z,,0,14,0,0,,Apple,iPhone12,2024-11-16 12:01:06.055000,ios,0,,0,24f90110-4adb-41d8-ba9d-fea55bedbeea,607,76,3e1944f4-3b47-4c7c-921e-fd3ca4999ede,2024-11-13 18:25:17.270000,v1.10 - Skipits - Existing Users,Skipits - High Prices
BR,2024-10-12T12:31:27.000Z,,0,0,0,0,com.android.vending,motorola,moto g(30),2024-11-16 12:01:51.722000,android,0,,0,62e1ee70-f6d7-46da-860d-fef3907ce3db,1,52,be0c6797-cf1f-48ce-a3d1-b14139249aa6,2024-11-16 10:28:08.139000,v1.10 - Skipits - Existing Users,Skipits - High Prices
PL,2024-10-15T10:17:05.000Z,0.011923254814147948,2,3,0,0,,Apple,iPhone13,2024-11-16 12:03:10.855000,ios,0.011923254814147948,,0,0157e959-f9c4-4905-b366-1fd98eb30069,374,63,38f5329e-acca-447d-ade9-f3bff9b3b986,2024-11-11 14:02:35.768000,v1.10 - Skipits - Existing Users,Skipits - High Prices
CA,2024-10-20T19:08:29.000Z,0.005537142857142856,1,7,0,0,,Apple,iPhone13ProMax,2024-11-16 12:03:22.813000,ios,0.04195891285714286,0.03642177,3,e8899513-2911-4fd7-a8dd-009015bcf249,370,86,98144ce7-5bf1-4424-bf5f-86bf5a1317be,2024-11-11 23:03:24.080000,v1.10 - Skipits - Existing Users,Skipits - Middle Prices
BR,2024-11-15T17:18:46.000Z,,0,0,0,0,com.android.vending,samsung,SM-A315G,2024-11-16 12:05:27.200000,android,0,,0,1421bcde-f8ef-4e45-bf9c-0692a2d5e1fa,9,27,0628687f-ddac-433a-9927-c3887d587b22,2024-11-15 17:18:56.640000,v1.10 - Skipits - New Users,Skipits - Middle Prices
US,2024-09-30T19:58:00.000Z,,0,1,0,0,,Apple,iPadMini5Gen,2024-11-16 12:05:28.009000,ios,0,,0,0e3f0eb8-ba24-46ca-8e17-707556259c8d,62,186,8a1055d5-c469-42ef-ad70-07374c26063e,2024-11-09 14:13:35.523000,v1.10 - Skipits - Existing Users,Skipits - Middle Prices
BN,2024-11-03T10:08:21.000Z,0.0032052,2,17,0,0,com.android.vending,blackshark,SHARK KLE-H0,2024-11-16 12:09:17.885000,android,0.024877857741935485,0.021672657741935483,6,fb3d68f2-ec5c-4974-b645-8f29b5bc64dc,975,54,7870e6bd-ef02-418f-a896-ace79cf55c7c,2024-11-08 10:47:32.083000,v1.10 - Skipits - Existing Users,Skipits - Middle Prices
PL,2024-11-14T22:44:10.000Z,,0,0,0,0,com.android.vending,Xiaomi,Redmi Note 8 Pro,2024-11-16 12:10:25.849000,android,0,,0,4c087f60-59f1-4a4e-b66c-74ff1ad287ec,12,9,8aaa56c8-5853-4b50-999b-23797a8379ba,2024-11-14 22:44:17.740000,v1.10 - Skipits - New Users,Skipits - Middle Prices
TR,2024-11-14T18:16:33.000Z,0.005860938496583143,2,10,0,0,com.android.vending,Xiaomi,M2101K6G,2024-11-16 12:11:20.015000,android,0.005860938496583143,,0,9e3be01f-3f24-4a5d-9d24-e7e2f7bacd5f,434,21,5b917c30-af54-4662-a1ed-0c7ac7c4c96f,2024-11-14 18:16:40.790000,v1.10 - Skipits - New Users,Skipits - Middle Prices
TW,2024-11-16T11:49:54.000Z,,0,6,0,0,,Apple,iPhone14ProMax,2024-11-16 12:11:23.806000,ios,0,,0,1c4d1f12-4312-4430-983b-d215966709fc,141,2,21723ada-721c-4300-b5a0-d5d70d300419,2024-11-16 11:50:01.830000,v1.10 - Skipits - New Users,Skipits - Middle Prices
HK,2024-11-15T02:29:36.000Z,,0,2,0,0,com.android.vending,Google,Pixel 7,2024-11-16 12:11:41.850000,android,0,,0,03273b4e-f7ae-414e-990c-c7f1a333975a,71,25,4e85830c-82b4-4508-8f9e-6d55a35026a6,2024-11-15 02:29:41.323000,v1.10 - Skipits - New Users,Skipits - Middle Prices
US,2024-11-01T11:57:26.000Z,0.027099355167785236,2,19,0,0,com.android.vending,samsung,SM-S906U,2024-11-16 12:15:17.953000,android,0.2403097467540138,0.21321039158622856,11,ce742f0b-219e-4308-a7f1-4db11b487102,1302,79,67bd7def-e588-4a45-9206-0afd84cd16c5,2024-11-11 17:28:05.091000,v1.10 - Skipits - Existing Users,Control
US,2024-10-18T13:38:54.000Z,,0,10,0,0,com.android.vending,Google,Pixel 8a,2024-11-16 12:16:43.154000,android,0,,0,90304f5a-bb7d-4b6c-a83e-9ee43859344e,331,39,8ae22ca7-b74a-44b9-aa67-aae0dedc6cb3,2024-11-09 17:38:00.485000,v1.10 - Skipits - Existing Users,Skipits - High Prices
AT,2024-10-28T17:49:11.000Z,,0,5,0,0,com.android.vending,samsung,SM-S928B,2024-11-16 12:17:33.813000,android,0,,0,c4767abe-5e5a-4342-a928-10b37daeaf83,200,14,51c188b3-b2de-425d-bd96-825d7c332fab,2024-11-15 21:04:41.134000,v1.10 - Skipits - Existing Users,Skipits - Middle Prices
DE,2024-10-22T09:01:16.000Z,,0,0,0,0,com.android.vending,Fairphone,FP5,2024-11-16 12:18:16.737000,android,0,,0,58ebc10d-7031-48dd-bd80-ac9f87b8fc2f,120,84,550a19a1-a597-4018-86f6-047b23d7f9c0,2024-11-08 18:47:19.359000,v1.10 - Skipits - Existing Users,Skipits - High Prices
SK,2024-11-16T08:59:22.000Z,0.007683042,4,105,0,0,com.android.vending,Xiaomi,Redmi Note 8 Pro,2024-11-16 12:19:58.282000,android,0.013206188152496336,0.005523146152496338,2,563298a5-6813-4313-a665-9acd0ee3b3fd,5439,2,7574489f-914a-4854-9c0a-85b998109876,2024-11-16 08:56:31.369000,v1.10 - Skipits - New Users,Control
JP,2024-10-31T17:25:42.000Z,0.02408998591105144,1,10,0,0,,Apple,iPhone14,2024-11-16 12:23:07.321000,ios,0.02408998591105144,,0,d06ec692-91a6-442c-bea6-5cf282cbf603,426,34,93e26dad-8c9e-4585-85e8-d32714e32b2a,2024-11-12 02:50:35.599000,v1.10 - Skipits - Existing Users,Skipits - High Prices
MY,2024-11-06T03:16:02.000Z,0.007045031541832831,4,29,0,0,com.android.vending,vivo,V2145,2024-11-16 12:23:30.438000,android,0.03548409502249911,0.028439063480666268,6,121a5b07-6f5c-4ee2-8819-06d0a4e5a72b,1739,92,77312c60-002b-4d91-aa82-71b6efa723a2,2024-11-08 04:22:52.948000,v1.10 - Skipits - Existing Users,Control
US,2024-11-12T22:56:03.000Z,,0,9,0,0,com.android.vending,samsung,SM-S928U,2024-11-16 12:24:30.760000,android,0.274731928,0.274731928,3,e1f21440-fad2-4159-aa52-c922a6cb5299,386,13,d1a1e581-945a-4b14-bbae-211d9b2e26af,2024-11-12 22:56:10.801000,v1.10 - Skipits - New Users,Control
RU,2024-08-27T11:14:58.000Z,0.06366540600000001,4,40,0,0,com.android.vending,TECNO,TECNO LG7n,2024-11-16 12:26:09.692000,android,0.06366540600000001,,0,0a5f9793-9f33-4984-ac88-d1ae3ec631bc,1676,82,14d81d26-5cfb-4a91-9197-f76ddb804a21,2024-11-11 07:32:38.670000,v1.10 - Skipits - Existing Users,Skipits - Middle Prices
JP,2024-11-10T12:46:13.000Z,0.006725582599639892,2,15,0,0,,Apple,"iPhone17,1",2024-11-16 12:26:44.775000,ios,0.006725582599639892,,0,edd86116-25dd-4360-8f01-95378aed2c1e,443,25,b40beacc-8d0b-4250-87b1-597494f69f92,2024-11-10 12:46:21.615000,v1.10 - Skipits - New Users,Control
AR,2024-11-09T19:26:41.000Z,0.0029298070000000004,2,15,0,0,com.android.vending,INFINIX,Infinix X6833B,2024-11-16 12:27:56.568000,android,0.009781992443807983,0.006852185443807984,1,b136cc57-fde7-4d22-86ee-bbe034deadb4,829,16,050cafcf-d2db-457e-a045-77d76eea83d6,2024-11-09 19:29:10.036000,v1.10 - Skipits - New Users,Skipits - High Prices
JP,2024-11-14T19:14:16.000Z,,0,46,0,0,,Apple,iPhone14Pro,2024-11-16 12:28:18.759000,ios,0,,0,f041d903-f61d-4dfa-a978-d689d2afdcfc,1591,11,606242ce-a4b3-4ac2-ac83-550fecaf667c,2024-11-14 19:14:24.679000,v1.10 - Skipits - New Users,Skipits - High Prices
US,2024-09-29T20:42:46.000Z,,0,0,0,0,,Apple,iPhone15,2024-11-16 12:28:30.341000,ios,0,,0,7613b29d-391f-4b0f-8e50-7bf7e40184e9,39,74,801ed830-764d-4625-b658-8f61e84ed8c3,2024-11-09 19:53:44.141000,v1.10 - Skipits - Existing Users,Control
US,2024-11-10T19:36:33.000Z,0.02454952380952382,1,10,0,0,,Apple,iPhone14Pro,2024-11-16 12:29:32.006000,ios,0.05028952380952382,0.02574,0,b5b41aa5-2777-49ef-bc51-09ef567eec6f,311,15,f14b90cf-5d45-4e29-b1a5-a4989fb38ef6,2024-11-10 19:37:44.752000,v1.10 - Skipits - New Users,Skipits - Middle Prices
ZZ,2024-11-11T19:14:56.000Z,,0,2,0,0,,Apple,iPhoneXSMax,2024-11-16 12:33:14.200000,ios,0,,0,2f47b616-94cc-4c8c-85d5-2343c2525fa9,300,30,327d8a09-10d9-460e-8aac-1140f558f16f,2024-11-11 19:21:11.239000,v1.10 - Skipits - New Users,Skipits - High Prices
KZ,2024-11-16T03:53:32.000Z,0.0071454574768066385,3,9,0,0,,Apple,iPhoneXR,2024-11-16 12:36:01.648000,ios,0.0071454574768066385,,0,d2539c6e-b5f6-4d74-960d-ec65e47f7ce9,1044,6,a855fbbb-84bf-4de1-a137-8a0a4648a1d5,2024-11-16 03:53:41.064000,v1.10 - Skipits - New Users,Control
MN,2024-11-16T03:12:20.000Z,0.0007323236283193316,2,20,0,0,com.android.vending,samsung,SM-M236L,2024-11-16 12:36:17.382000,android,0.0031392927402884435,0.002406969111969112,1,eb6bf8e2-03cd-4915-a833-525536690593,753,17,ae192219-1716-43cf-9d63-387c432775eb,2024-11-16 03:12:31.483000,v1.10 - Skipits - New Users,Skipits - High Prices
HU,2024-10-13T19:08:17.000Z,0.0002165751606225967,1,1,0,0,com.android.vending,samsung,SM-A715F,2024-11-16 12:36:53.352000,android,0.0002165751606225967,,0,f91b5068-5e0a-4697-838c-1bda92fe4fbb,46,129,157b6bc7-c62b-475d-b0c3-115fea6fc454,2024-11-09 10:14:05.278000,v1.10 - Skipits - Existing Users,Control
UZ,2024-09-14T08:06:57.000Z,0.004416795785662878,8,57,0,0,com.android.vending,samsung,SM-A325F,2024-11-16 12:37:18.994000,android,0.013209840405085452,0.008793044619422574,3,369732dc-40dc-42c2-8743-30338277070a,2183,244,f305b2e0-798e-4f0a-9e4c-14f325a1d4af,2024-11-10 06:18:18.793000,v1.10 - Skipits - Existing Users,Control
FR,2024-09-21T12:39:58.000Z,,0,15,0,0,,Apple,iPhone15ProMax,2024-11-16 12:38:59.609000,ios,0,,0,76e4d1b7-f3c5-4590-9a03-9ea718781501,560,121,c67e0841-e81f-4f92-9e01-1eac29fce348,2024-11-09 08:59:01.651000,v1.10 - Skipits - Existing Users,Skipits - High Prices
AU,2024-11-16T12:17:15.000Z,,0,0,0,0,com.android.vending,Google,Pixel 9 Pro,2024-11-16 12:42:01.686000,android,0,,0,2d08c664-1922-4152-b876-cc1371b888e7,2,1,ef4c2244-aa7b-409b-9ecf-3780fde2e0bb,2024-11-16 12:42:01.686000,v1.10 - Skipits - New Users,Skipits - High Prices
US,2024-11-15T02:32:25.000Z,0.28209231,8,64,0,0,com.android.vending,motorola,motorola razr 2024,2024-11-16 12:42:38.819000,android,1.6493993965761176,1.3673070865761177,18,409e0439-3b4a-4e05-908b-c0ec626f2fdf,3704,6,6508d834-be64-4bf6-a6f4-cd13b164d8e8,2024-11-15 02:33:00.710000,v1.10 - Skipits - New Users,Skipits - Middle Prices
GB,2024-08-19T23:52:45.000Z,0.002158856,1,11,0,0,com.android.vending,samsung,SM-S918B,2024-11-16 12:43:24.542000,android,0.009123091269317627,0.006964235269317626,3,00cf73d6-e35c-41cc-a76e-34e385a76268,544,127,8032d968-9acf-4a7e-8b36-f2f1b61999d1,2024-11-08 23:48:48.595000,v1.10 - Skipits - Existing Users,Skipits - High Prices
US,2024-10-19T01:20:24.000Z,0.015889475401810238,1,4,0,0,com.android.vending,samsung,SM-S921U,2024-11-16 12:46:04.798000,android,0.058494744268875666,0.04260526886706543,2,829e35c1-c732-4c08-9b0f-89cdf37d3c9d,1159,131,47e47ab9-35b2-4da3-99a8-07dfbcc3d8ff,2024-11-10 05:34:23.052000,v1.10 - Skipits - Existing Users,Skipits - High Prices
HK,2024-11-16T12:31:59.000Z,0.12237173226232914,4,30,0,0,,Apple,"iPhone17,3",2024-11-16 12:47:07.867000,ios,0.12237173226232914,,0,fb216614-f701-458e-8a9c-407c50704f67,1327,2,4f8ee298-946f-44bb-8e4c-7ee47efb4a65,2024-11-16 12:32:06.975000,v1.10 - Skipits - New Users,Skipits - High Prices
SE,2024-10-21T18:44:04.000Z,0.008839592091696604,3,13,0,0,,Apple,iPhone11,2024-11-16 12:49:15.227000,ios,0.008839592091696604,,0,b41fb0e7-69f9-4175-a0ac-547f7d333c84,860,78,c46b225e-6d93-43fa-842c-3d7d25c1b590,2024-11-11 15:30:01.030000,v1.10 - Skipits - Existing Users,Control
ES,2024-10-30T12:50:05.000Z,,0,0,0,0,,Apple,iPhone12,2024-11-16 12:51:27.419000,ios,0,,0,73ec49db-cbc0-4bc9-a50c-aa38436bb369,0,86,3e1944f4-3b47-4c7c-921e-fd3ca4999ede,2024-11-13 18:25:17.270000,v1.10 - Skipits - Existing Users,Skipits - High Prices
GR,2024-11-16T12:52:27.000Z,,0,2,0,0,com.android.vending,samsung,SM-S911B,2024-11-16 12:52:34.325000,android,0,,0,2fdcbf76-0160-4e60-8bd7-ec404d8bde5a,34,1,5e089eee-2980-4b00-98de-47673b6ff94f,2024-11-16 12:52:34.325000,v1.10 - Skipits - New Users,Skipits - High Prices
TW,2024-09-09T10:59:26.000Z,0.006201651312200001,3,15,0,0,com.android.vending,samsung,SM-S9260,2024-11-16 12:52:39.816000,android,0.03774613731220001,0.031544486000000004,7,ef88a585-8545-4eab-9b1a-205b89f4a71b,1186,319,c19b00df-c818-4c97-888f-5593593c85d8,2024-11-10 01:01:28.908000,v1.10 - Skipits - Existing Users,Skipits - Middle Prices
DE,2024-10-26T05:09:09.000Z,,0,4,0,0,,Apple,iPhone15ProMax,2024-11-16 12:52:50.638000,ios,0,,0,d5519212-ec31-48b8-8952-a519440951a9,269,144,a1e28e62-aa97-49f8-8c7a-f0e1bf42ea08,2024-11-09 11:52:47.193000,v1.10 - Skipits - Existing Users,Skipits - Middle Prices
RU,2024-10-13T03:27:26.000Z,0.08546876838252912,2,18,0,0,com.android.vending,HONOR,TFY-LX1,2024-11-16 12:54:30.002000,android,0.08546876838252912,,0,82edf26c-b411-4186-82d0-1df0905854c5,799,54,3665fe94-0a3f-476f-8d64-b33185b988d8,2024-11-16 12:54:30.002000,v1.10 - Skipits - Existing Users,Control
CA,2024-10-21T14:47:25.000Z,0.16850742530822754,9,14,0,0,,Apple,iPhone15,2024-11-16 12:54:47.404000,ios,0.23371630859374998,0.06520888328552245,3,68640103-891b-4bbf-bcb5-854e871f168d,1424,110,402486aa-809d-44d0-8116-21340311f7d7,2024-11-08 10:32:46.223000,v1.10 - Skipits - Existing Users,Skipits - Middle Prices
ZZ,2024-10-28T08:06:36.000Z,,0,1,0,0,com.android.vending,samsung,SM-A217F,2024-11-16 12:55:51.920000,android,0,,0,20f68f8a-00f9-40bc-8505-9c7de1a4818d,12,100,221a988d-5578-40b0-ac89-4274f609b51d,2024-11-10 09:32:02.747000,v1.10 - Skipits - Existing Users,Control
KR,2024-09-01T16:00:52.000Z,,0,3,0,0,,Apple,iPhone15Plus,2024-11-16 12:56:40.883000,ios,0,,0,d636cc10-1090-4a0b-97fa-0c345fd40233,2935,330,d07db274-884d-429c-a9ee-112088d19bdc,2024-11-20 12:08:35.928000,v1.10 - Skipits - Existing Users,Skipits - Middle Prices
US,2024-10-19T17:19:42.000Z,0.1304510646256946,9,42,0,0,,Apple,iPhone15ProMax,2024-11-16 12:58:02.047000,ios,0.1304510646256946,,0,f2edc69a-d2d3-4a04-b5ad-64e42bdc3c6c,1886,43,cd60bcc8-382b-4acf-9b88-8f4095c75485,2024-11-12 15:57:48.059000,v1.10 - Skipits - Existing Users,Skipits - Middle Prices
US,2024-11-15T12:42:35.000Z,0.02445904761904761,1,0,0,0,,Apple,iPhone13,2024-11-16 12:58:09.033000,ios,0.18050495145022438,0.15604590383117675,4,4b836130-e337-4e8e-a795-43f1bf460bd4,353,8,f440a9ef-c632-4bfe-96a5-48969d4b402a,2024-11-15 12:42:41.308000,v1.10 - Skipits - New Users,Skipits - High Prices
BR,2024-08-09T19:56:25.000Z,0.0698083642398598,17,104,0,0,,Apple,iPhoneXR,2024-11-16 12:58:21.811000,ios,0.0698083642398598,,0,c949baa1-2b86-482d-916b-d344bf436354,3903,73,44476e20-2bc5-493d-8acb-7144769850c2,2024-11-15 15:20:30.561000,v1.10 - Skipits - Existing Users,Skipits - Middle Prices
GB,2024-10-30T23:56:23.000Z,,0,0,0,0,com.android.vending,samsung,SM-A236B,2024-11-16 12:59:08.611000,android,0,,0,685d6dfa-b410-4a9d-8166-d6f3d8fd96f7,1,57,e1cbb994-4a24-4441-990e-73545a161def,2024-11-11 22:29:17.439000,v1.10 - Skipits - Existing Users,Control
IN,2024-11-03T09:32:13.000Z,,0,0,0,0,com.android.vending,OPPO,CPH2337,2024-11-16 12:59:46.757000,android,0.0008949737913135347,0.0008949737913135347,3,c73b8f7b-e8cd-414d-bb0a-8a9cbe8c37f1,223,79,fa89a3ea-6f27-45d7-b2f0-2d800ac8fcc4,2024-11-08 06:13:17.418000,v1.10 - Skipits - Existing Users,Skipits - High Prices
PL,2024-11-16T10:31:12.000Z,0.02260992050170899,0,5,0,0,,Apple,iPhone15ProMax,2024-11-16 13:01:01.913000,ios,0.02260992050170899,,0,6beb2120-8d3d-4c68-b741-9f14144e8bec,138,4,223664ff-d773-41d4-b734-661e4ef349ed,2024-11-16 10:31:18.845000,v1.10 - Skipits - New Users,Control
RO,2024-09-10T12:46:29.000Z,0.0032248340557114383,2,14,0,0,com.android.vending,Google,Pixel 7 Pro,2024-11-16 13:02:18.681000,android,0.0032248340557114383,,0,ec6ea9f1-690d-426f-b87e-5f6f3651653d,528,121,f8218674-9135-41a7-8d4f-f9351abffc58,2024-11-11 23:30:57.586000,v1.10 - Skipits - Existing Users,Skipits - Middle Prices
US,2024-11-08T07:07:54.000Z,,0,0,0,0,,Apple,"iPhone17,1",2024-11-16 13:03:54.087000,ios,0,,0,ea98e55b-3f2e-4e39-8b92-88a02a3a4c6c,4,12,50a22a62-02d2-4e88-8a33-1fdd26e2467f,2024-11-08 07:08:01.229000,v1.10 - Skipits - New Users,Skipits - Middle Prices
MX,2024-09-14T06:48:18.000Z,,0,45,0,0,com.android.vending,samsung,SM-S908E,2024-11-16 13:04:25.258000,android,0,,0,07108554-207a-4624-b8e6-c960ff134013,1762,23,439df0b9-013a-41ca-96b9-daa4721a3deb,2024-11-08 23:36:39.435000,v1.10 - Skipits - Existing Users,Skipits - High Prices
NL,2024-09-24T14:51:26.000Z,,0,0,0,0,,Apple,iPhone11,2024-11-16 13:06:37.477000,ios,0,,0,5c9db3dd-9d10-4323-bff9-5ac5077f9d87,0,13,9a055810-777a-4fae-ad38-b0a7c5af7a9a,2024-11-11 19:43:06.323000,v1.10 - Skipits - Existing Users,Control
TW,2024-09-11T01:44:51.000Z,,0,62,0,0,,Apple,iPhoneXR,2024-11-16 13:06:39.177000,ios,0,,0,0179d323-668d-4bd8-aa04-d82bc88a9c8b,4227,239,b1376245-888e-41bc-b99c-5bbd439eae43,2024-11-15 00:54:59.647000,v1.10 - Skipits - Existing Users,Skipits - High Prices
IT,2024-10-22T10:03:41.000Z,0.024174455202454533,3,26,0,0,com.android.vending,samsung,SM-G780G,2024-11-16 13:08:29.022000,android,0.16733549902191258,0.143161043819458,9,028a6bcb-bb5c-4d55-b6a8-61d53909cbf2,1262,22,5914ea10-05f6-4bdb-9ff4-0e5a5f9188b8,2024-11-13 19:13:31.722000,v1.10 - Skipits - Existing Users,Control
JP,2024-11-13T04:20:36.000Z,0.022621815663006008,3,15,0,0,,Apple,iPhone14Pro,2024-11-16 13:09:07.501000,ios,0.04258585619370414,0.01996404053069814,2,6cf30b40-0e00-4705-be94-bc5f0f2244c2,1977,14,2fe69f34-48e1-43b1-b470-821c8e6304fb,2024-11-13 04:20:46.400000,v1.10 - Skipits - New Users,Skipits - High Prices
GB,2024-10-19T09:36:41.000Z,0.016485721501541137,5,23,0,0,com.android.vending,samsung,SM-S901B,2024-11-16 13:11:17.017000,android,0.05691437022132874,0.0404286487197876,3,0c873b78-8d9c-4659-9ec5-885d65bb7e39,1717,93,156d3103-0be1-407b-9ef8-1951d4b534c3,2024-11-08 08:19:48.653000,v1.10 - Skipits - Existing Users,Skipits - High Prices
GR,2024-11-10T13:17:38.000Z,,0,0,0,0,com.android.vending,motorola,motorola edge 30 neo,2024-11-16 13:13:55.331000,android,0,,0,da5aa626-4094-4ef8-a9dc-87f84e2f7115,5,40,8a2ac73b-271f-4cb2-8f25-77dd5b2575f5,2024-11-10 13:17:45.524000,v1.10 - Skipits - New Users,Control
ID,2024-10-18T11:17:14.000Z,0.00237,1,14,0,0,com.android.vending,OPPO,CPH2461,2024-11-16 13:14:46.408000,android,0.013214235000000001,0.010844235,1,9d39f8f6-b394-4298-abed-ed89bc53dcfd,1028,52,36659807-a3e4-4a55-bffb-b080f2f71024,2024-11-13 12:31:31.096000,v1.10 - Skipits - Existing Users,Skipits - Middle Prices
PH,2024-11-10T00:26:55.000Z,0.024767714377440353,29,160,0,0,,Apple,iPhone13ProMax,2024-11-16 13:16:12.838000,ios,0.09171423116483175,0.06694651678739141,71,c420c681-30bb-4f61-83f8-e8e0e1a8546e,13840,59,dbec8a32-26d5-4f22-98d0-41b9f8b9f462,2024-11-29 12:53:56.221000,v1.10 - Skipits - New Users,Skipits - High Prices
PH,2024-11-10T00:26:55.000Z,0.024767714377440353,29,160,0,0,,Apple,iPhone13ProMax,2024-11-16 13:16:12.838000,ios,0.09171423116483175,0.06694651678739141,71,c420c681-30bb-4f61-83f8-e8e0e1a8546e,13840,59,dbec8a32-26d5-4f22-98d0-41b9f8b9f462,2024-11-10 00:27:02.863000,v1.10 - Skipits - New Users,Skipits - High Prices
JP,2024-08-20T01:41:43.000Z,0.021850718605404804,1,15,0,0,com.android.vending,OPPO,CPH1983,2024-11-16 13:16:28.737000,android,0.23255644130297562,0.21070572269757082,8,0caddf97-8b5e-44f7-b2e4-8613f2ffa747,1114,23,62ed1738-e94f-45f9-8ef9-003985cafe06,2024-11-10 12:06:10.194000,v1.10 - Skipits - Existing Users,Skipits - Middle Prices
IT,2024-10-14T09:41:27.000Z,,0,12,0,0,,Apple,iPhone14,2024-11-16 13:17:23.203000,ios,0.009264278565187729,0.009264278565187729,4,11a8265d-8386-40d3-8dfc-64b71f589ef3,650,65,b60f3413-4085-4ea3-b110-5a2ec14d489e,2024-11-12 13:34:18.036000,v1.10 - Skipits - Existing Users,Skipits - Middle Prices
TR,2024-11-15T18:44:55.000Z,0.003158330323377609,7,78,0,0,com.android.vending,Xiaomi,M2003J15SC,2024-11-16 13:17:47.698000,android,0.01682418832337761,0.013665858,9,5f487d4b-943b-4b89-a51a-939b5b39d769,2907,15,55281e2f-d7f7-4eda-b73a-e340bd30361e,2024-11-15 19:48:39.204000,v1.10 - Skipits - Existing Users,Skipits - Middle Prices
DE,2024-09-27T22:33:32.000Z,0.0423589366661564,11,44,0,0,,Apple,iPhone13Pro,2024-11-16 13:20:04.096000,ios,0.0423589366661564,,0,ffc75e23-1f4f-4626-829e-ff4c8d226553,2753,86,40f96256-5c5e-4e8d-a026-52cd85caf547,2024-11-10 07:51:30.309000,v1.10 - Skipits - Existing Users,Skipits - High Prices
IN,2024-11-10T11:44:59.000Z,,0,4,0,0,com.android.vending,INFINIX,Infinix X677,2024-11-16 13:22:49.623000,android,0.006262982,0.006262982,0,4801dddd-fdab-4acb-b063-de0c7a0fa2e0,152,31,0e09e515-1fa6-48c0-96e8-237d018ab61d,2024-11-10 11:45:08.048000,v1.10 - Skipits - New Users,Skipits - Middle Prices
BR,2024-11-15T23:01:46.000Z,0.0015645095790332718,3,20,0,0,com.android.vending,samsung,SM-G780G,2024-11-16 13:23:39.192000,android,0.0015645095790332718,,0,c1b6cddd-aa8a-4f7a-a0f1-45b84ecda05a,853,4,7f89d695-c9fe-4b68-94c7-4c1a0de2c4f7,2024-11-15 23:01:54.295000,v1.10 - Skipits - New Users,Control
DE,2024-11-16T12:15:32.000Z,0.036361943920680456,3,22,0,0,,Apple,iPhone12,2024-11-16 13:25:32.934000,ios,0.06299194392068047,0.02663000000000001,1,28aa143e-6961-4973-9488-e8142f320848,881,5,480c2895-e902-4905-81ee-5c8ba2826c4b,2024-11-16 12:15:38.462000,v1.10 - Skipits - New Users,Skipits - Middle Prices
PL,2024-10-05T14:49:46.000Z,,0,5,0,0,com.android.vending,vivo,V2041,2024-11-16 13:28:07.852000,android,0.010373856304836273,0.010373856304836273,3,115eeabc-5b4e-4243-9f0b-b98fb83605ef,446,175,4f339867-947d-41f8-9859-feaad4aab1f2,2024-11-09 08:16:45.338000,v1.10 - Skipits - Existing Users,Skipits - High Prices
DE,2024-11-16T13:28:38.000Z,,0,10,0,0,,Apple,iPhone11,2024-11-16 13:28:45.168000,ios,0,,0,5ccf0a98-121e-4877-bf9a-1cf2fe199c19,222,1,21dce07d-e1c4-4628-86d2-c7e7ca3159f1,2024-11-16 13:28:45.169000,v1.10 - Skipits - New Users,Skipits - High Prices
IL,2024-08-11T12:07:36.000Z,0.004047069687223525,5,41,0,0,com.android.vending,Xiaomi,2201117TG,2024-11-16 13:28:57.795000,android,0.005192504687223525,0.001145435,1,39a17d4f-4a1e-418f-bfad-2b636c081778,1444,19,91e61142-f61e-4620-9640-afec39cf8a73,2024-11-15 09:27:15.066000,v1.10 - Skipits - Existing Users,Skipits - Middle Prices
BR,2024-11-10T19:52:19.000Z,0.001988539,2,11,0,0,,Apple,iPhone13,2024-11-16 13:29:27.994000,ios,0.001988539,,0,76903515-55c9-4f2c-8565-e169c368ba5d,529,27,849ff206-19b9-406a-9e34-df623368baa8,2024-11-10 19:52:26.799000,v1.10 - Skipits - New Users,Skipits - High Prices
JP,2024-10-23T02:11:20.000Z,,0,36,0,0,,Apple,iPhone13ProMax,2024-11-16 13:31:58.776000,ios,0,,0,5014952d-9b28-4bbd-a0e6-1f923f1a0793,1406,47,ca0eebb8-e6e5-4cfa-bbb2-df2aa8ee3a1e,2024-11-09 11:55:13.490000,v1.10 - Skipits - Existing Users,Control
ZZ,2024-11-16T13:33:38.000Z,0.0019640735387802125,2,47,0,0,com.android.vending,INFINIX,Infinix X6871,2024-11-16 13:33:48.010000,android,0.003517022490501404,0.0015529489517211914,1,dc8e4705-db28-4a5f-be13-d63dcf49f519,1469,1,770df28e-df01-482e-b415-819d9b1d39ff,2024-11-16 13:33:48.010000,v1.10 - Skipits - New Users,Skipits - Middle Prices
DE,2024-11-09T19:40:33.000Z,,0,4,0,0,com.android.vending,Xiaomi,Redmi Note 8 Pro,2024-11-16 13:33:57.617000,android,0,,0,b516f4ea-6e33-4948-b853-be04c7540202,169,9,d13ace71-691f-4415-83af-ed797b8719a0,2024-11-09 19:40:40.370000,v1.10 - Skipits - New Users,Control
FI,2024-10-27T08:32:20.000Z,0.011520362368861605,6,39,0,0,,Apple,iPhone13,2024-11-16 13:35:22.529000,ios,0.011520362368861605,,0,1e69b35f-e55e-453a-9903-986a63a2ab2b,1360,85,d5d3085d-5e3d-4aba-a2fc-6a0bf3ce0c5b,2024-11-12 17:05:25.847000,v1.10 - Skipits - Existing Users,Control
IN,2024-11-16T12:54:47.000Z,0.002051959993498666,0,1,0,0,com.android.vending,OPPO,CPH2565,2024-11-16 13:35:39.319000,android,0.002051959993498666,,0,d136c3a6-c118-44b5-beb2-a2510492775a,16,2,f2832952-fd20-4329-b259-abd040d7df1f,2024-11-16 12:54:55.729000,v1.10 - Skipits - New Users,Skipits - High Prices
FR,2024-10-31T22:41:20.000Z,0.000590501606464386,0,5,0,0,com.android.vending,Xiaomi,2201116SG,2024-11-16 13:37:34.670000,android,0.000590501606464386,,0,536de6f2-be87-4e73-a9f1-d92913e9282e,200,27,229f6a8e-d5d4-406b-826e-2ec1bf133f9c,2024-11-10 11:06:36.915000,v1.10 - Skipits - Existing Users,Skipits - Middle Prices
DE,2024-09-22T18:52:44.000Z,0.010417381630397978,6,11,0,0,com.android.vending,samsung,SM-S928B,2024-11-16 13:37:43.323000,android,0.01594738163039798,0.00553,0,aab95de3-7514-483b-aa4a-bac627684d4d,1648,528,497bd8b4-53e6-480a-8608-7157f37d8d2d,2024-11-07 22:14:42.941000,v1.10 - Skipits - Existing Users,Skipits - Middle Prices
JP,2024-11-16T09:34:12.000Z,0.18085845134581502,24,171,0,0,,Apple,iPhone12ProMax,2024-11-16 13:39:39.832000,ios,0.2730920272718157,0.09223357592600073,9,74f99b4b-63cd-45f8-8afa-d1691a0e65bd,6355,3,95518bc9-7721-42dd-b2d6-63036827f65a,2024-11-16 09:34:20.654000,v1.10 - Skipits - New Users,Control
IN,2024-11-10T11:44:59.000Z,0.002106666666666667,0,4,0,0,com.android.vending,INFINIX,Infinix X677,2024-11-16 13:40:00.842000,android,0.002106666666666667,,0,77ef6fb3-809d-4b2a-b201-2a3cfc7050a4,189,33,0e09e515-1fa6-48c0-96e8-237d018ab61d,2024-11-10 11:45:08.048000,v1.10 - Skipits - New Users,Skipits - Middle Prices
DE,2024-11-02T13:55:55.000Z,,0,23,0,0,,Apple,iPhone13Pro,2024-11-16 13:40:37.182000,ios,0.0996152168796176,0.0996152168796176,4,554cf699-9b3e-4d95-a6dc-435a3be2e401,1299,43,2b4de459-fc3d-4786-ac8b-839e41b644a0,2024-11-08 23:37:25.858000,v1.10 - Skipits - Existing Users,Skipits - High Prices
RO,2024-11-15T20:09:13.000Z,0.01040107519047619,2,15,0,0,,Apple,iPhoneXSMax,2024-11-16 13:41:06.479000,ios,0.01040107519047619,,0,bf04a744-0dc7-4c55-b4fe-81899e4a52bd,549,4,7a94d0e9-866f-4163-b681-24d097f6f06d,2024-11-15 21:55:38.796000,v1.10 - Skipits - Existing Users,Skipits - High Prices
BR,2024-10-25T11:39:04.000Z,0.006097182750701904,0,7,0,0,,Apple,iPhone11,2024-11-16 13:41:27.858000,ios,0.006097182750701904,,0,f6c2b455-8aba-499e-9b2d-87b25109cff1,189,6,cb336cbf-b86e-4ee6-960f-de95129112c8,2024-11-16 13:41:27.858000,v1.10 - Skipits - Existing Users,Skipits - Middle Prices
GR,2024-11-13T17:29:14.000Z,,0,0,0,0,com.android.vending,Xiaomi,22101316G,2024-11-16 13:41:51.481000,android,0,,0,807ddf55-569e-4765-b46a-8eece70e5fd3,151,19,86bf1b9d-34e0-4afd-ba6a-b0ec9aea4e39,2024-11-13 17:29:20.803000,v1.10 - Skipits - New Users,Control
BR,2024-11-16T13:44:18.000Z,,0,2,0,0,com.android.vending,realme,RMX3890,2024-11-16 13:44:26.979000,android,0,,0,bc1cad12-47b7-45aa-9318-d47f19541514,22,1,f61f25bc-537f-4c8e-bfd1-238495a9d359,2024-11-16 13:44:26.979000,v1.10 - Skipits - New Users,Skipits - Middle Prices
SA,2024-10-31T14:18:05.000Z,0.013819028243835449,2,29,0,0,,Apple,iPhone14Pro,2024-11-16 13:45:46.794000,ios,0.07418233439636229,0.060363306152526865,6,df1f25b2-0349-401a-877e-c86adbb1ef53,1221,22,d225e248-8008-49b9-b0b2-ee2d137b0a97,2024-11-11 10:00:23.978000,v1.10 - Skipits - Existing Users,Skipits - Middle Prices
TW,2024-10-31T14:55:56.000Z,0.021175520855170882,6,31,0,0,,Apple,iPhoneSE2Gen,2024-11-16 13:49:04.950000,ios,0.03419796990909418,0.013022449053923291,2,ff3003ff-b262-42f8-826e-95b8189869ca,2091,104,3e5d48e9-44d1-46c2-ae98-e22a2b9e4a81,2024-11-08 14:25:38.180000,v1.10 - Skipits - Existing Users,Skipits - High Prices
VN,2024-10-15T06:09:14.000Z,0.0037090038570518234,3,22,0,0,com.android.vending,samsung,SM-A715F,2024-11-16 13:50:19.833000,android,0.005681909850513433,0.001972905993461609,1,8d520cf3-15d5-48b7-9b67-feacbf3e0c09,761,8,c8bf587a-c10b-49f2-849b-a93f42d6d432,2024-11-14 05:39:25.277000,v1.10 - Skipits - Existing Users,Control
US,2024-10-04T02:00:56.000Z,0.03717915952380953,4,15,0,0,,Apple,iPhone13Pro,2024-11-16 13:50:47.105000,ios,0.03717915952380953,,0,0a572931-9f10-41cc-8d50-4a340d0eb53e,668,172,f3db0286-3d31-4956-a29e-03986a936eb5,2024-11-10 16:54:15.199000,v1.10 - Skipits - Existing Users,Skipits - Middle Prices
TR,2024-11-13T13:13:11.000Z,0.000259845,1,8,0,0,com.android.vending,Xiaomi,M2006C3MG,2024-11-16 13:51:01.079000,android,0.0011163578445625305,0.0008565128445625305,1,392d3d4c-3058-48e2-b0db-1f09715b03eb,571,42,f167e4d3-50aa-43fa-9978-d4192232f0a7,2024-11-13 16:07:36.429000,v1.10 - Skipits - Existing Users,Skipits - High Prices
RU,2024-11-10T13:54:59.000Z,0.008024144785057719,4,29,0,0,,Apple,"iPhone17,2",2024-11-16 13:51:01.445000,ios,0.008024144785057719,,0,9b67c984-f313-42b9-885f-5e0f53e1f165,953,30,4df19a6f-bba5-4716-8d7c-e73d5d5ff751,2024-11-10 13:55:06.134000,v1.10 - Skipits - New Users,Control
TH,2024-09-27T22:06:36.000Z,0.011985587461990473,2,13,0,0,,Apple,iPhone12ProMax,2024-11-16 13:51:04.556000,ios,0.031960855109049294,0.01997526764705882,2,46aef60b-c9a4-4699-aae6-efe376bb35a3,937,410,220d61d8-50d2-40df-ac4d-08fef0550ffe,2024-11-09 05:28:34.931000,v1.10 - Skipits - Existing Users,Skipits - Middle Prices
CH,2024-11-15T11:21:00.000Z,0.001575206545875186,1,9,0,0,com.android.vending,samsung,SM-G975F,2024-11-16 13:52:03.555000,android,0.00890215871720087,0.007326952171325684,1,98ca4a46-eaf8-41c5-9278-4257eb1543a3,571,17,d3cf5889-4406-4845-8878-2eef4d2af993,2024-11-15 11:21:04.832000,v1.10 - Skipits - New Users,Skipits - High Prices
GR,2024-11-14T17:05:26.000Z,,1,2,0,0,,Apple,iPhone14ProMax,2024-11-16 13:52:27.927000,ios,0,,0,2d10840c-fbd8-491f-8f43-f68b6ce93ed9,87,24,58290f2a-2e6c-4319-8a80-a4880531b9ca,2024-11-14 17:05:32.715000,v1.10 - Skipits - New Users,Skipits - High Prices
US,2024-11-16T12:47:06.000Z,0.029244452,2,19,0,0,com.android.vending,samsung,SM-G781V,2024-11-16 13:52:54.536000,android,0.0683815140727539,0.03913706207275391,1,c9d8e819-e573-4f13-b29a-ca38a75779f6,646,4,5e7d9e1b-a18b-4300-8b5f-5068d382500b,2024-11-16 12:47:13.269000,v1.10 - Skipits - New Users,Skipits - Middle Prices
VN,2024-10-06T14:26:19.000Z,0.005379680544435548,3,39,0,0,com.android.vending,OPPO,CPH2365,2024-11-16 13:54:31.160000,android,0.12371332191767248,0.11833364137323694,21,5b834c5f-4fad-43a2-8af3-2a1d58651723,2496,173,742a0289-8db1-4225-8395-6700e33d38ed,2024-11-12 00:15:37.094000,v1.10 - Skipits - Existing Users,Control
ID,2024-11-09T15:10:57.000Z,0.0006889925558999999,2,13,0,0,com.android.vending,OPPO,CPH2251,2024-11-16 13:57:02.306000,android,0.0015889925559,0.0009000000000000001,1,ef943637-7a78-44fd-b3d9-0cc670e60e17,729,42,aca69d9e-d259-4e1e-85b7-241c4b9df960,2024-11-09 15:11:07.493000,v1.10 - Skipits - New Users,Control
IN,2024-11-08T15:24:40.000Z,0.00047407100000000006,3,15,0,0,com.android.vending,Xiaomi,M2006C3LII,2024-11-16 13:58:57.945000,android,0.0016752914259475693,0.0012012204259475691,5,fb0f80bd-4d72-44dc-a9f0-350500dab0ce,1973,5,63743590-3a55-4729-a5a8-abc96ead2129,2024-11-12 14:23:25.622000,v1.10 - Skipits - Existing Users,Skipits - High Prices
GB,2024-10-15T13:28:23.000Z,,0,0,0,0,com.android.vending,samsung,SM-S926B,2024-11-16 13:59:12.061000,android,0.010019429034928052,0.010019429034928052,2,8aa8cbba-a3a3-4137-b979-e97996faa752,358,247,07355311-c324-4d82-b097-d52837e7ae5d,2024-11-10 11:54:43.512000,v1.10 - Skipits - Existing Users,Skipits - High Prices
TR,2024-11-14T18:02:17.000Z,0.011946052809523811,2,24,0,0,,Apple,iPhone12,2024-11-16 13:59:52.173000,ios,0.01610313536720203,0.004157082557678222,1,4892b361-3b16-444e-a7d5-b45b1331faef,1081,7,cce5a2a7-5e28-41a2-a842-21ac0d09bda4,2024-11-14 18:02:23.569000,v1.10 - Skipits - New Users,Skipits - Middle Prices
UA,2024-09-10T08:00:20.000Z,0.0020931999047619047,3,46,0,0,com.android.vending,samsung,SM-A525F,2024-11-16 14:03:40.490000,android,0.15647552698212802,0.1543823270773661,30,60763c94-7119-449c-8bad-f52f08533dc4,3321,115,68521fda-3663-4709-8d6d-88aaca639352,2024-11-09 07:18:22.451000,v1.10 - Skipits - Existing Users,Skipits - Middle Prices
US,2024-11-16T13:51:51.000Z,,0,3,0,0,com.android.vending,samsung,SM-S146VL,2024-11-16 14:06:10.128000,android,0,,0,c69458f4-448a-48b9-8813-60ed2c548f17,572,2,5a7d8a4d-d2a1-4254-9190-8a2b8a9c9ff5,2024-11-16 13:51:58.896000,v1.10 - Skipits - New Users,Control
FR,2024-10-07T18:15:20.000Z,,0,24,0,0,com.android.vending,Xiaomi,23124RA7EO,2024-11-16 14:06:23.376000,android,0,,0,ca93880c-b69a-4e68-a7dc-4ffa70bf871d,1102,126,13ad93b8-f288-4f52-b15a-43f4fe236f47,2024-11-08 12:39:07.842000,v1.10 - Skipits - Existing Users,Skipits - High Prices
BR,2024-09-30T15:47:57.000Z,,0,0,0,0,com.android.vending,samsung,SM-G780G,2024-11-16 14:06:44.252000,android,0,,0,803e2dd3-643e-4b6e-95a4-c70f42243ea0,31,159,7a63bd1f-3d34-4dc4-99b0-eaed8e8fc4bb,2024-11-11 19:50:23.250000,v1.10 - Skipits - Existing Users,Skipits - Middle Prices
CA,2024-11-09T04:18:49.000Z,0.008078597938844136,3,22,0,0,,Apple,iPhoneSE2Gen,2024-11-16 14:07:30.318000,ios,0.026328974040131976,0.018250376101287845,5,ad45bcbb-c8f0-496e-a803-f929ee15bfcc,1076,56,279fd2bc-bca5-4aab-a38c-46ed41885ced,2024-11-09 04:18:56.093000,v1.10 - Skipits - New Users,Skipits - High Prices
KR,2024-08-17T05:23:58.000Z,0.013648309999999999,4,21,0,0,com.android.vending,samsung,SM-S901N,2024-11-16 14:08:48.448000,android,0.019566339000000002,0.005918029,1,1dc6c899-89dc-4d6a-bc1f-e4d48e9fef46,988,240,b6effa55-8ff4-404e-84ed-8ed8dd85c21a,2024-11-08 03:20:07.241000,v1.10 - Skipits - Existing Users,Skipits - Middle Prices
GB,2024-11-15T16:36:33.000Z,0.044201375680367146,6,79,0,0,,Apple,iPhoneXS,2024-11-16 14:11:02.438000,ios,0.14204862252080672,0.09784724684043956,9,2c874490-8f88-4af1-bf4b-0faa5ab56b38,2759,15,3462e56a-c3d2-41cc-a96e-008935d5b99e,2024-11-15 16:36:39.984000,v1.10 - Skipits - New Users,Control
BR,2024-11-10T13:58:08.000Z,,0,3,0,0,com.android.vending,LGE,LM-K420,2024-11-16 14:11:48.073000,android,0.002918784856796265,0.002918784856796265,1,be4ef34c-08fc-4b79-bd41-5e47483dc0a5,228,6,4939c640-983f-40d5-8b11-032771fcad23,2024-11-10 20:09:21.896000,v1.10 - Skipits - Existing Users,Control
SE,2024-11-15T16:39:18.000Z,,0,31,0,0,com.android.vending,Xiaomi,22101316UG,2024-11-16 14:14:46.559000,android,0.0107902920349406,0.0107902920349406,3,034a5c70-cb23-4202-b920-c1845e46951c,1226,2,c656d97a-2e07-406f-b0a3-b62f293d8221,2024-11-15 16:39:31.671000,v1.10 - Skipits - New Users,Skipits - Middle Prices
IN,2024-09-30T18:20:57.000Z,,0,3,0,0,com.android.vending,samsung,SM-A536E,2024-11-16 14:15:21.556000,android,0,,0,a7156496-b806-445f-b75e-38fea90d0738,103,111,ef91ef41-645f-449f-87db-07dab5bdc04d,2024-11-13 05:39:02.638000,v1.10 - Skipits - Existing Users,Skipits - Middle Prices
EG,2024-11-07T12:20:05.000Z,0.0011317468684000002,2,27,0,0,com.android.vending,Xiaomi,M2101K7BG,2024-11-16 14:17:22.181000,android,0.012343129753241918,0.011211382884841917,9,ed504f34-05f9-42e1-90b8-70b00c27fe30,1628,38,63f7fd1d-157f-419e-adda-38644286d7a0,2024-11-07 12:20:13.625000,v1.10 - Skipits - New Users,Skipits - High Prices
IQ,2024-11-16T14:18:52.000Z,,0,10,0,0,com.android.vending,realme,RMX2151,2024-11-16 14:18:59.690000,android,0,,0,587c3f59-44de-4c06-adca-f7f19ec7d452,242,1,4714fc72-08bb-4061-bcce-9c7d4e6fb2fb,2024-11-16 14:18:59.690000,v1.10 - Skipits - New Users,Control
US,2024-10-15T19:39:57.000Z,0.03924559033557047,2,16,0,0,com.android.vending,TCL,T701DL,2024-11-16 14:21:16.853000,android,0.08595357769286557,0.0467079873572951,1,09d1f3af-560c-4819-82c9-2ff6ef0ae785,601,110,ace5f09b-310d-4fed-86d0-4874e32ccaa7,2024-11-12 07:15:14.404000,v1.10 - Skipits - Existing Users,Control
CO,2024-11-12T20:23:05.000Z,,0,2,0,0,com.android.vending,Xiaomi,2201117SL,2024-11-16 14:22:11.614000,android,0,,0,153f2f68-2dbe-4dca-9e70-f2357d403273,69,2,fea5c396-dfc4-4a43-8b4b-6bb8203b944e,2024-11-12 20:23:19.778000,v1.10 - Skipits - New Users,Skipits - High Prices
JP,2024-10-30T03:50:36.000Z,,0,51,0,0,,Apple,iPhone15,2024-11-16 14:25:44.402000,ios,0.6086634044647217,0.6086634044647217,31,d096b228-cb94-477d-a449-6919d3a8101a,3080,148,8d13f439-821b-43db-a9b1-3aee09cc2c6e,2024-11-09 22:45:25.670000,v1.10 - Skipits - Existing Users,Control
UA,2024-11-07T13:43:38.000Z,0.0032472760000000003,2,134,0,0,com.android.vending,samsung,SM-A405FN,2024-11-16 14:28:12.001000,android,0.0032472760000000003,,0,4c26fbcb-357e-409f-a837-90876d628030,3952,21,60adfa42-3e31-48f1-a458-99f3e0de5551,2024-11-12 11:39:31.198000,v1.10 - Skipits - Existing Users,Skipits - High Prices
DE,2024-11-05T15:56:06.000Z,,0,13,0,0,com.android.vending,samsung,SM-A546B,2024-11-16 14:28:20.740000,android,0,,0,575c4aa2-eb9d-4e98-9c78-39be9c346a2e,518,25,84398b2d-081a-4bb0-8f01-e3f883909ee3,2024-11-08 07:32:28.237000,v1.10 - Skipits - Existing Users,Control
ES,2024-11-13T20:53:45.000Z,,0,8,0,0,com.android.vending,samsung,SM-G990B,2024-11-16 14:28:56.874000,android,0.027501179523809528,0.027501179523809528,3,28e7f4da-e65a-4657-993f-e4e7b1e8aad7,676,3,03809b67-fac9-4972-908a-4fe058fd2ec7,2024-11-13 20:53:52.107000,v1.10 - Skipits - New Users,Skipits - High Prices
JP,2024-10-15T14:02:21.000Z,0.031483243670480714,9,28,0,0,com.android.vending,Sony,SOG09,2024-11-16 14:30:51.000000,android,0.031483243670480714,,0,a2452ca6-e6a2-4bd4-90a4-5ef1ab8831fc,2913,144,3eae67bf-1b85-40a9-bb1a-26bdcd3b6d14,2024-11-09 13:53:59.590000,v1.10 - Skipits - Existing Users,Skipits - Middle Prices
IN,2024-11-08T03:08:23.000Z,0.00006420478843507311,1,6,0,0,com.android.vending,vivo,vivo 1917,2024-11-16 14:31:25.771000,android,0.00006420478843507311,,0,d9ba26a2-08b6-42f5-890f-f1560100ad44,378,33,774002ef-cf4c-45db-8b8b-d1850f38ce22,2024-11-11 16:30:10.366000,v1.10 - Skipits - Existing Users,Skipits - High Prices
DE,2024-11-16T14:34:42.000Z,,0,9,0,0,com.android.vending,samsung,SM-S928B,2024-11-16 14:34:48.714000,android,0,,0,9bc6b904-ddcb-43ec-a44f-c44485b79be8,270,1,e06d69aa-18d7-46e7-b34f-8b00731049b4,2024-11-16 14:34:48.714000,v1.10 - Skipits - New Users,Control
US,2024-11-12T21:59:12.000Z,0.004985238075256346,1,1,0,0,,Apple,iPhone12,2024-11-16 14:34:54.829000,ios,0.004985238075256346,,0,3767d66b-4383-4da5-9fec-5dba0d2b662e,124,38,5f1ddeff-95d3-4f6f-807f-aca893df5aad,2024-11-23 03:40:37.293000,v1.10 - Skipits - New Users,Skipits - Middle Prices
US,2024-11-12T21:59:12.000Z,0.004985238075256346,1,1,0,0,,Apple,iPhone12,2024-11-16 14:34:54.829000,ios,0.004985238075256346,,0,3767d66b-4383-4da5-9fec-5dba0d2b662e,124,38,5f1ddeff-95d3-4f6f-807f-aca893df5aad,2024-11-12 21:59:19.442000,v1.10 - Skipits - New Users,Skipits - Middle Prices
TW,2024-10-10T03:09:04.000Z,,0,11,0,0,,Apple,iPhone12ProMax,2024-11-16 14:35:28.305000,ios,0.007972637952380951,0.007972637952380951,3,8c91ddbb-7766-4107-b30a-8776b7a4487b,849,164,5615a219-57b2-4870-a37a-599f72d6a80c,2024-11-10 22:56:23.961000,v1.10 - Skipits - Existing Users,Skipits - Middle Prices
DE,2024-11-02T13:55:55.000Z,,0,15,0,0,,Apple,iPhone13Pro,2024-11-16 14:35:42.530000,ios,0.02487529754638672,0.02487529754638672,1,134b56ec-ab10-4114-b151-eac9e386e1ee,783,44,2b4de459-fc3d-4786-ac8b-839e41b644a0,2024-11-08 23:37:25.858000,v1.10 - Skipits - Existing Users,Skipits - High Prices
TR,2024-11-16T14:36:01.000Z,,0,14,0,0,,Apple,"iPhone17,2",2024-11-16 14:36:07.949000,ios,0,,0,df170236-c81a-44e9-8dad-29e09b435033,322,1,a24818e0-f0c3-46ac-934e-3d7f494a6526,2024-11-16 14:36:07.950000,v1.10 - Skipits - New Users,Control
ID,2024-11-16T09:39:16.000Z,,0,0,0,0,com.android.vending,Xiaomi,23108RN04Y,2024-11-16 14:36:24.447000,android,0,,0,16f334f9-9381-4b65-beb8-d02b81f8b138,32,3,fb4db540-94c5-401d-bd21-2077aec57cfb,2024-11-16 09:39:26.081000,v1.10 - Skipits - New Users,Control
JP,2024-11-15T02:38:33.000Z,0.09886598111437953,17,40,0,0,,Apple,iPhone15Pro,2024-11-16 14:37:42.138000,ios,0.3580508961760299,0.2591849150616503,30,76c96da4-35f8-48df-b76c-fb9ee8e1f431,3755,7,e2afe9fb-c6d2-4a05-b9b7-b141fd63f238,2024-11-15 02:38:40.499000,v1.10 - Skipits - New Users,Skipits - High Prices
IE,2024-10-22T11:52:49.000Z,0.004168451380952381,3,15,0,0,com.android.vending,OnePlus,NE2213,2024-11-16 14:38:10.922000,android,0.022156235284838097,0.017987783903885717,6,a2ba3e2d-dfee-41c2-a8aa-3ccdf84ee367,930,62,d052a25c-db47-49ee-8f77-fa1fae7d6ba4,2024-11-08 19:16:58.092000,v1.10 - Skipits - Existing Users,Control
US,2024-11-16T14:38:07.000Z,0.32766334999999996,2,32,0,0,com.android.vending,samsung,SM-S908U,2024-11-16 14:38:13.282000,android,0.6318140763183593,0.3041507263183594,1,329e085e-f3f3-4df2-b7ec-e0ac3a90157e,1093,1,6491f6ab-0d01-4648-ba90-9b25bedbb625,2024-11-16 14:38:13.282000,v1.10 - Skipits - New Users,Control
KR,2024-11-13T13:40:35.000Z,,0,16,0,0,com.android.vending,samsung,SM-G996N,2024-11-16 14:39:54.544000,android,0.7071065542155575,0.7071065542155575,12,2e934e12-3ce4-429f-b092-47dd0189e23d,1315,19,8c9ba841-86c4-4496-a05d-ad3846d50764,2024-11-13 13:40:44.289000,v1.10 - Skipits - New Users,Skipits - Middle Prices
BR,2024-10-04T15:33:16.000Z,0.000611571,1,13,0,0,com.android.vending,samsung,SM-N9600,2024-11-16 14:41:20.886000,android,0.0046268837112,0.0040153127112,2,26d7f644-073d-4506-b81b-98210f521712,490,128,e0aec554-b070-4990-9912-602e6fcee4b8,2024-11-14 22:01:55.024000,v1.10 - Skipits - Existing Users,Skipits - Middle Prices
SE,2024-11-15T16:39:18.000Z,0.003899906412478336,2,16,0,0,com.android.vending,Xiaomi,22101316UG,2024-11-16 14:43:09.685000,android,0.012080356447418937,0.008180450034940601,1,f4b7edee-a8a6-4aae-9020-5a7a8f4f99ab,644,3,c656d97a-2e07-406f-b0a3-b62f293d8221,2024-11-15 16:39:31.671000,v1.10 - Skipits - New Users,Skipits - Middle Prices
JP,2024-11-05T03:37:21.000Z,0.02199100140713047,26,74,0,0,,Apple,iPad9Gen,2024-11-16 14:45:05.269000,ios,0.032727638726611365,0.010736637319480899,11,cc1df05c-a9e9-4c60-86ea-878fe1b769b7,4227,60,a42d470d-bc4e-4f62-a0e7-b6cd7d030717,2024-11-08 13:19:08.935000,v1.10 - Skipits - Existing Users,Skipits - Middle Prices
AR,2024-10-17T16:00:42.000Z,,0,5,0,0,com.android.vending,Xiaomi,23129RA5FL,2024-11-16 14:46:04.290000,android,0.0015688600532455445,0.0015688600532455445,2,3dbe1c4d-f40d-4b4b-a95f-c2bf08b434ce,349,77,6b34bdb7-30b9-4296-8fb2-21ad12b123ce,2024-11-09 16:08:33.391000,v1.10 - Skipits - Existing Users,Skipits - Middle Prices
GB,2024-11-02T10:24:51.000Z,0.026919102668762213,3,6,0,0,,Apple,iPhone13,2024-11-16 14:47:22.425000,ios,0.03956106948852539,0.01264196681976318,1,cf28879d-ce51-4538-990d-b12416937f4a,399,33,3c1719d3-c8b2-45fa-8f2d-bd91b5944d8a,2024-11-10 08:38:19.929000,v1.10 - Skipits - Existing Users,Skipits - High Prices
US,2024-10-22T14:59:36.000Z,,0,16,0,0,com.android.vending,samsung,SM-S916U,2024-11-16 14:50:25.010000,android,0.029122233390808105,0.029122233390808105,2,50626318-ff0f-4eff-a72a-528e42bdec4b,884,200,b3094bf1-2478-4b5e-b20c-e217d0daeb9a,2024-11-11 20:29:59.591000,v1.10 - Skipits - Existing Users,Control
MY,2024-11-15T04:26:33.000Z,0.05061702594343602,14,55,0,0,com.android.vending,OPPO,CPH2483,2024-11-16 14:51:04.327000,android,0.2615020171823741,0.21088499123893806,17,124bd135-a4c8-49af-9ab5-a957efe589ac,17514,19,d94aa4db-b75f-4767-b641-70e87d440e9c,2024-11-15 04:26:40.042000,v1.10 - Skipits - New Users,Skipits - High Prices
US,2024-11-02T15:03:36.000Z,0.018272876000000004,3,16,0,0,,Apple,iPhone14,2024-11-16 14:54:41.696000,ios,0.041914601717261725,0.02364172571726172,4,800079e0-8428-482a-95d0-2142fd889b4b,775,110,0bd4ad86-c001-4523-8c9f-1e98532689cd,2024-11-08 13:17:06.599000,v1.10 - Skipits - Existing Users,Skipits - High Prices
TH,2024-11-06T14:26:01.000Z,0.02159722489627411,6,36,0,0,com.android.vending,OPPO,CPH2365,2024-11-16 14:59:23.813000,android,0.04767572089627411,0.026078496,2,c5c2456c-5666-419e-9603-829de7028f7f,14435,2,4b95bddc-62b7-4bbf-b4d8-e80493719d7c,2024-11-16 14:59:23.813000,v1.10 - Skipits - Existing Users,Skipits - Middle Prices
AR,2024-10-08T11:44:07.000Z,,0,0,0,0,com.android.vending,samsung,SM-A546E,2024-11-16 14:59:57.039000,android,0,,0,c815d5f8-4058-4206-854f-f94f4aa4b7fe,1,138,95b729d3-4dbe-4ccb-90ec-a70b7629d051,2024-11-07 17:44:24.853000,v1.10 - Skipits - Existing Users,Control
CZ,2024-11-16T13:00:43.000Z,,0,4,0,0,,Apple,iPhone14,2024-11-16 15:05:38.072000,ios,0,,0,81f45dd4-eb6e-4487-8e8d-ad8cd3255bf6,108,4,e34be36f-8688-4f72-959d-b17bf5c58215,2024-11-16 13:00:49.190000,v1.10 - Skipits - New Users,Skipits - High Prices
KR,2024-11-05T11:09:49.000Z,0.020526855000000004,4,16,0,0,com.android.vending,samsung,SM-S928N,2024-11-16 15:05:48.400000,android,0.06449307566788429,0.04396622066788428,4,789709c7-d1ff-4d97-91d8-faf50193b450,1262,43,f229c82b-dc5b-4f89-84b6-bcdacc4371e2,2024-11-12 10:59:32.826000,v1.10 - Skipits - Existing Users,Control
PL,2024-11-10T11:36:11.000Z,0.00256895500421524,3,15,0,0,,Apple,iPhone11,2024-11-16 15:06:21.143000,ios,0.00256895500421524,,0,b14f5dc8-1772-401a-a101-120d7fec8172,667,39,68c19dfd-7f70-4138-834a-fe71123afce8,2024-11-10 11:36:18.300000,v1.10 - Skipits - New Users,Skipits - Middle Prices
IN,2024-10-07T07:13:01.000Z,0.000229758,2,8,0,0,com.android.vending,Xiaomi,Redmi Note 9 Pro Max,2024-11-16 15:10:40.943000,android,0.000824832,0.0005950739999999999,3,36144bd9-2252-47f9-891e-7e45e7024f58,723,244,c2619937-51b7-48e8-83bd-1d2bfd6d62d3,2024-11-10 05:13:28.315000,v1.10 - Skipits - Existing Users,Skipits - Middle Prices
CA,2024-10-19T20:22:17.000Z,0.01670527,3,6,0,0,com.android.vending,samsung,SM-G781W,2024-11-16 15:11:00.762000,android,0.048931699999999995,0.03222643,2,8d800d64-d78b-4bb4-843b-f3cfe1358d66,686,135,9ebfca62-a1cc-4c30-b43a-c168909df08f,2024-11-08 14:06:46.648000,v1.10 - Skipits - Existing Users,Control
TW,2024-11-16T15:12:52.000Z,,0,14,0,0,,Apple,iPadPro11Inch3Gen,2024-11-16 15:13:00.837000,ios,0,,0,65dabaa7-378e-4384-94a5-2c84e176e510,423,1,5b5b0020-c92c-48ce-9db7-814cd7819d0f,2024-11-16 15:13:00.837000,v1.10 - Skipits - New Users,Skipits - Middle Prices
US,2024-11-03T00:13:48.000Z,,0,1,0,0,,Apple,iPhone15,2024-11-16 15:14:06.597000,ios,0,,0,52d336ba-165a-4f1c-9273-0ac24addc3d7,30,36,352fd2eb-43af-4b71-9a66-c55be8a1a08b,2024-11-10 16:33:28.283000,v1.10 - Skipits - Existing Users,Control
BW,2024-11-16T06:43:49.000Z,,0,6,0,0,com.android.vending,TECNO,TECNO BG7,2024-11-16 15:14:43.302000,android,0,,0,e1329217-3729-47ab-8bf3-973fa0ff10a1,162,2,ab74475d-3cfc-4a39-abcc-becbf2c82828,2024-11-16 06:44:02.557000,v1.10 - Skipits - New Users,Skipits - High Prices
IN,2024-09-22T16:28:40.000Z,,0,10,0,0,com.android.vending,realme,RMX2193,2024-11-16 15:14:49.993000,android,0,,0,ec525353-9e54-433c-a821-dd34ac7ea6f2,385,175,b822a983-f7d4-4f8e-9d46-1c5305556157,2024-11-15 11:22:14.069000,v1.10 - Skipits - Existing Users,Control
IN,2024-09-22T16:28:40.000Z,,0,17,0,0,com.android.vending,realme,RMX2193,2024-11-16 15:14:50.689000,android,0,,0,4ceaf4ae-422d-4737-abc2-24de197f8f43,450,176,b822a983-f7d4-4f8e-9d46-1c5305556157,2024-11-15 11:22:14.069000,v1.10 - Skipits - Existing Users,Control
US,2024-11-03T03:30:04.000Z,,0,6,0,0,com.android.vending,motorola,moto g play - 2024,2024-11-16 15:15:01.017000,android,0,,0,24d8ef70-d4f3-4c56-ba40-c7f193b98f25,211,25,17484dc1-da34-4b79-ae3f-56edef19a8ad,2024-11-08 20:32:21.795000,v1.10 - Skipits - Existing Users,Skipits - Middle Prices
PE,2024-10-09T14:02:49.000Z,0.006844129941062927,6,35,0,0,com.android.vending,samsung,SM-A256E,2024-11-16 15:15:50.217000,android,0.030702759772407526,0.023858629831344604,3,7e12e735-8d85-4bc2-9c68-e77efd26e25a,1978,28,f5d8128d-cdf9-4df4-90bd-db18586fd5be,2024-11-16 15:15:50.218000,v1.10 - Skipits - Existing Users,Control
PH,2024-10-28T03:24:19.000Z,0.007971284933792615,5,28,0,0,com.android.vending,Nothing,A142,2024-11-16 15:16:17.939000,android,0.007971284933792615,,0,badc9f0a-dcec-41c6-a532-24019950aa15,1183,46,9b4da842-18c3-4368-9bb2-7688373fe9e8,2024-11-10 05:41:08.514000,v1.10 - Skipits - Existing Users,Skipits - High Prices
RS,2024-09-15T16:36:55.000Z,,0,0,0,0,com.android.vending,samsung,SM-S916B,2024-11-16 15:17:47.822000,android,0,,0,150bf882-5130-49b3-a58d-3a2c97b9f643,0,255,c49b3e4d-4ad4-48d9-afc8-0097cbc627cf,2024-11-08 07:26:17.525000,v1.10 - Skipits - Existing Users,Control
TR,2024-10-18T09:37:47.000Z,,0,49,0,0,com.android.vending,Xiaomi,2312DRA50G,2024-11-16 15:18:04.615000,android,0.15976580784692418,0.15976580784692418,18,200abc80-c915-4a98-b031-14643a403e78,3631,157,4909fdd7-b823-4a89-89d8-618a42d6b95a,2024-11-09 08:27:16.402000,v1.10 - Skipits - Existing Users,Skipits - High Prices
RU,2024-11-16T15:18:07.000Z,,0,3,0,0,com.android.vending,TECNO,TECNO CI6n,2024-11-16 15:18:14.281000,android,0,,0,3551285d-ab1e-4091-b20b-5143451f4d6e,59,1,71a0f702-edd6-49db-8733-ff64e8de2e72,2024-11-16 15:18:14.281000,v1.10 - Skipits - New Users,Control
GB,2024-11-16T14:01:41.000Z,0.17897875582312012,11,82,0,0,,Apple,iPhone14,2024-11-16 15:19:49.921000,ios,0.210437278619751,0.03145852279663088,1,60114be4-8a12-44ec-a351-601f870613fa,3531,2,1da2e309-662d-4ea6-87ad-52179cb658c3,2024-11-16 14:01:47.234000,v1.10 - Skipits - New Users,Skipits - Middle Prices
SA,2024-10-03T11:47:49.000Z,,0,43,0,0,,Apple,iPhone11,2024-11-16 15:19:50.138000,ios,0.01713149987033435,0.01713149987033435,1,c0436d20-ae83-47fd-ba13-d03c642b2c10,2449,204,3e1e6aa2-4ddd-4db6-aad4-e78a2b8b4f7f,2024-11-09 21:32:13.786000,v1.10 - Skipits - Existing Users,Skipits - Middle Prices
US,2024-11-07T00:38:32.000Z,0.0006467867078825348,1,12,0,0,com.android.vending,vivo,V2237,2024-11-16 15:19:50.454000,android,0.009916280627066528,0.009269493919183995,6,caac384a-bde5-4a00-8a31-7118ba4a1fa7,1486,32,205432ed-2f24-4479-ae1a-50bc5cd12588,2024-11-10 14:25:57.064000,v1.10 - Skipits - Existing Users,Control
US,2024-11-08T05:01:23.000Z,0.13385160531677248,7,42,0,0,,Apple,iPhone13ProMax,2024-11-16 15:20:32.378000,ios,0.13385160531677248,,0,3549ae1b-db3b-4975-8ecf-cacb301433da,1803,9,80e18b43-55e6-43cd-8961-13a869d8e025,2024-11-08 05:01:31.459000,v1.10 - Skipits - New Users,Control
US,2024-06-06T06:52:36.000Z,0.007391935999999999,1,9,0,0,com.android.vending,Wingtech,WTCELERO5G,2024-11-16 15:20:52.918000,android,0.007391935999999999,,0,925b9c4e-7f43-495b-addf-d7001afc5dd0,412,118,a7abcf1c-e0fa-40f7-83dd-82977367cf80,2024-11-15 04:50:36.839000,v1.10 - Skipits - Existing Users,Skipits - High Prices
CZ,2024-09-04T17:52:49.000Z,0.014617833939338323,9,74,0,0,com.android.vending,Xiaomi,2306EPN60G,2024-11-16 15:21:22.610000,android,0.035850262313585186,0.021232428374246867,7,cf52754c-c2ea-40f5-810c-d87a7442802a,2891,13,3d9fb237-8336-423d-bd65-6d60efcaad79,2024-11-10 10:16:14.547000,v1.10 - Skipits - Existing Users,Control
TR,2024-11-15T22:19:03.000Z,0.012399684000000001,6,69,0,0,,Apple,iPhone11,2024-11-16 15:21:52.521000,ios,0.05446345999601964,0.04206377599601963,14,ce3bd1af-7618-4726-94a2-599fa43739df,3005,7,78d898d6-f402-40d9-a2df-df820abefdb4,2024-11-15 22:19:09.680000,v1.10 - Skipits - New Users,Skipits - Middle Prices
JP,2024-10-15T09:24:38.000Z,0.009219422,4,31,0,0,,Apple,iPhone14,2024-11-16 15:22:04.274000,ios,0.029109753216829026,0.019890331216829028,8,090572d3-cb88-4c37-adf9-9a57238b6047,1724,67,d58f8a93-2bea-4594-9d59-3e397ca28d33,2024-11-14 11:22:23.538000,v1.10 - Skipits - Existing Users,Skipits - Middle Prices
RS,2024-09-15T16:36:55.000Z,,0,46,0,0,com.android.vending,samsung,SM-S916B,2024-11-16 15:24:32.445000,android,0.07305922239505006,0.07305922239505006,11,27b77264-f559-42f4-b57e-7837b27d3dec,3451,256,c49b3e4d-4ad4-48d9-afc8-0097cbc627cf,2024-11-08 07:26:17.525000,v1.10 - Skipits - Existing Users,Control
ES,2024-11-16T15:24:49.000Z,,0,23,0,0,,Apple,iPhone12,2024-11-16 15:24:56.056000,ios,0,,0,e88da0b9-a783-4c78-a86f-8226fb5885f4,631,1,17852d48-d689-4e58-ae22-f10238ed05c7,2024-11-16 15:24:56.056000,v1.10 - Skipits - New Users,Skipits - Middle Prices
US,2024-11-11T11:46:37.000Z,,0,2,0,0,,Apple,iPhone15,2024-11-16 15:25:04.390000,ios,0.015131055,0.015131055,1,a9b62c4c-0beb-4d95-88aa-c90b1b9018bc,404,43,f58521fb-6266-4dac-9537-53657b810c9a,2024-11-11 11:47:06.718000,v1.10 - Skipits - New Users,Skipits - High Prices
JP,2024-09-12T11:02:02.000Z,,0,14,0,0,,Apple,"iPhone17,3",2024-11-16 15:25:22.158000,ios,0,,0,158e26ec-d4d1-4b91-b7f6-3b62857dd838,687,223,1f6665fd-e913-45bc-9fe8-355827ef6576,2024-11-09 01:25:31.612000,v1.10 - Skipits - Existing Users,Skipits - Middle Prices
IL,2024-10-19T09:33:54.000Z,,0,28,0,0,com.android.vending,Google,Pixel 8,2024-11-16 15:25:39.511000,android,0.43123301619384596,0.43123301619384596,6,80ef62be-e451-41b7-8e88-1c202598ba7f,1639,135,ca359196-c452-4bfa-b5f6-decbfecf8806,2024-11-09 04:58:22.566000,v1.10 - Skipits - Existing Users,Control
TH,2024-10-18T19:40:18.000Z,0.005388435523809523,2,9,0,0,,Apple,"iPad14,8",2024-11-16 15:26:55.295000,ios,0.008257715523809524,0.002869280000000001,1,48ff8a14-a494-430f-9e54-9f49dffc3e96,592,115,0a3f10c7-47b5-4931-8af3-11ad1c02d4f7,2024-11-09 09:19:32.129000,v1.10 - Skipits - Existing Users,Skipits - Middle Prices
US,2024-11-15T20:38:32.000Z,,0,1,0,0,,Apple,"iPhone17,1",2024-11-16 15:27:10.244000,ios,0,,0,3fc6e729-91e7-42fe-8362-ac840099ab6d,17,5,6a4c8cf7-5230-4440-aa43-96b12c98974b,2024-11-15 20:38:40.147000,v1.10 - Skipits - New Users,Skipits - High Prices
TW,2024-11-07T12:34:30.000Z,0.0653184814453125,1,14,0,0,,Apple,iPhone13ProMax,2024-11-16 15:28:43.047000,ios,0.2560301695068359,0.1907116880615234,2,871b47fe-4b62-4f31-ac96-991f2c2db9c7,641,34,9f697108-b439-4f08-94e8-d6ce1b5a2b97,2024-11-11 01:16:25.682000,v1.10 - Skipits - Existing Users,Control
JP,2024-11-13T22:31:14.000Z,0.02792921404464086,8,59,0,0,,Apple,iPhoneSE3Gen,2024-11-16 15:29:47.471000,ios,0.10259008634279723,0.07466087229815638,17,38faa4e7-c09f-4848-88ea-b2f0b7e85fb7,4061,24,f39cc5bb-1f0e-4864-a22d-02519586d736,2024-11-13 22:31:22.099000,v1.10 - Skipits - New Users,Control
JP,2024-11-16T07:04:47.000Z,0.06114228799999999,1,5,0,0,,Apple,iPhone13,2024-11-16 15:31:57.818000,ios,0.06114228799999999,,0,9934f02f-a082-49ed-beff-b0e8b21602dc,161,2,a54d813f-cd5d-4a0d-9df5-8869864c6a9c,2024-11-16 07:04:55.630000,v1.10 - Skipits - New Users,Skipits - High Prices
ZA,2024-10-08T06:30:25.000Z,0.004671124839423809,4,21,0,0,com.android.vending,samsung,SM-N960F,2024-11-16 15:34:10.724000,android,0.012927133506090474,0.008256008666666667,5,c8179de4-ddb5-4be6-a77e-7ce0c3ce0cee,1349,119,936e6dc9-6824-43dc-9b24-d30f78fb6da9,2024-11-15 10:09:16.232000,v1.10 - Skipits - Existing Users,Control
AT,2024-10-20T19:28:17.000Z,,0,45,0,0,,Apple,iPhone12,2024-11-16 15:37:47.080000,ios,0.008428439140319821,0.008428439140319821,1,839d59ae-19c8-45b8-adc8-838d9569729e,994,733,5ae8bd3a-8a8e-43cd-99d9-e55ef8491541,2024-11-09 07:26:19.119000,v1.10 - Skipits - Existing Users,Control
ES,2024-11-06T07:01:41.000Z,0.00364636332777771,2,13,0,0,com.android.vending,OPPO,CPH2687,2024-11-16 15:38:14.373000,android,0.00364636332777771,,0,e7562558-e415-44cf-9ee9-b0d1deaaa406,599,33,678448b4-2435-43c5-bcf9-5a84e74d4763,2024-11-09 12:42:58.269000,v1.10 - Skipits - Existing Users,Skipits - Middle Prices
UY,2024-10-23T08:01:19.000Z,0.002960887,6,41,0,0,com.android.vending,HONOR,CRT-NX3,2024-11-16 15:39:53.498000,android,0.002960887,,0,cad03b9a-6183-4d3a-8979-d7ae18d102ea,1461,142,3bb9e859-6b67-468d-8243-5ff0d9c96238,2024-11-08 12:18:00.790000,v1.10 - Skipits - Existing Users,Control
AR,2024-10-17T16:00:42.000Z,,0,2,0,0,com.android.vending,Xiaomi,23129RA5FL,2024-11-16 15:41:01.338000,android,0.002333547,0.002333547,1,425f3768-1aba-4aeb-9302-1fa372193691,173,79,6b34bdb7-30b9-4296-8fb2-21ad12b123ce,2024-11-09 16:08:33.391000,v1.10 - Skipits - Existing Users,Skipits - Middle Prices
US,2024-11-16T15:47:36.000Z,,0,0,0,0,,Apple,iPhone11,2024-11-16 15:47:43.278000,ios,0,,0,4a5f92a2-004a-42e7-93b1-7b3715ecd351,1,1,77439f9b-3502-4222-b14a-19c0507abfba,2024-11-16 15:47:43.278000,v1.10 - Skipits - New Users,Skipits - Middle Prices
US,2024-11-03T00:57:38.000Z,,0,2,0,0,com.android.vending,samsung,SM-S908U,2024-11-16 15:48:21.369000,android,0,,1,b3257579-6559-4a18-a0fd-a85dbe0001ae,86,13,a22f4769-f326-4c81-80b6-8c5dd8d46402,2024-11-08 20:47:30.695000,v1.10 - Skipits - Existing Users,Control
NL,2024-10-22T17:07:37.000Z,0.003306666666666667,5,36,0,0,com.android.vending,Google,Pixel 8a,2024-11-16 15:50:37.321000,android,0.022079143439263416,0.01877247677259675,19,232a4599-7141-4354-bf75-ba3ba90a66f9,2913,84,16ca1877-1661-427b-8842-38f9ad187e57,2024-11-11 15:27:22.838000,v1.10 - Skipits - Existing Users,Skipits - Middle Prices
FR,2024-10-29T13:09:07.000Z,,0,16,0,0,,Apple,iPhone15ProMax,2024-11-16 15:52:52.193000,ios,0,,0,4d59dac2-3647-4fc4-a930-8b7442d8265d,645,29,dcc3f453-38da-4118-8900-6b8e574763f7,2024-11-09 12:26:10.054000,v1.10 - Skipits - Existing Users,Control
PH,2024-11-16T08:08:58.000Z,,0,2,0,0,com.android.vending,INFINIX,Infinix X6525,2024-11-16 15:53:28.498000,android,0,,0,b6faae63-0f6e-41e2-90b4-71bc17c1510d,91,4,c95531a4-5fcb-442f-8d57-54ab619f6500,2024-11-16 08:09:07.931000,v1.10 - Skipits - New Users,Skipits - High Prices
US,2024-11-16T15:43:09.000Z,0.16634490883081055,4,52,0,0,,Apple,iPhone15,2024-11-16 15:54:10.665000,ios,0.22240885883081055,0.05606394999999999,1,88480fad-38da-4087-822a-3bb3d3c1bedc,2305,2,fca7ad04-93e8-4348-a6ee-91ca96b1c98f,2024-11-16 15:43:16.291000,v1.10 - Skipits - New Users,Skipits - Middle Prices
AR,2024-11-16T14:53:33.000Z,0.001512040776525316,2,44,0,0,com.android.vending,motorola,moto e32,2024-11-16 15:54:11.016000,android,0.022560530257418044,0.02104848948089273,13,d4cb80e1-335e-454a-a4c4-133d10a7a549,2531,2,a76bf046-cc0b-4f38-9c1b-92f7d97503e6,2024-11-16 15:54:11.017000,v1.10 - Skipits - Existing Users,Skipits - High Prices
JP,2024-11-07T06:15:39.000Z,,0,15,0,0,,Apple,iPhone13,2024-11-16 15:58:55.861000,ios,0,,0,2174633d-2ba6-4c2a-b83b-e05d455878fe,552,3,342467d0-47eb-4b99-8d13-3059818ddbd6,2024-11-16 15:58:55.861000,v1.10 - Skipits - Existing Users,Skipits - Middle Prices
JP,2024-10-27T14:55:14.000Z,0.009763187999999999,1,33,0,0,com.android.vending,samsung,SC-51B,2024-11-16 15:59:43.791000,android,0.18557435993865148,0.17581117193865148,14,78ef4bd6-f23c-4cc9-ba61-3fe5624d6701,23035,89,867e7f15-9601-4925-9fb9-cd48e91b4244,2024-11-12 09:08:06.874000,v1.10 - Skipits - Existing Users,Skipits - Middle Prices
MA,2024-07-20T09:51:21.000Z,0.009223800049834027,3,15,0,0,,Apple,iPhone11,2024-11-16 15:59:43.881000,ios,0.009223800049834027,,0,a4b9c716-c5ac-4a19-95eb-77bbf29962a2,751,219,71e36bee-4e20-4969-a621-cb46a20f95c5,2024-11-14 19:27:15.157000,v1.10 - Skipits - Existing Users,Skipits - High Prices
MY,2024-11-11T09:33:15.000Z,,0,0,0,0,com.android.vending,OPPO,CPH2565,2024-11-16 16:00:10.824000,android,0,,0,fb74e4b8-dd5e-4211-9a2f-d2ca64abad32,33,33,87b11d22-c5bc-4851-937a-b825f98ebd27,2024-11-11 09:33:23.848000,v1.10 - Skipits - New Users,Skipits - Middle Prices
CH,2024-11-04T14:03:21.000Z,0.1169667,1,15,0,0,com.android.vending,samsung,SM-S908B,2024-11-16 16:04:06.640000,android,1.375926859301758,1.2589601593017579,5,f7c65fb1-757c-42b3-8656-07ebb161e07e,1040,39,74713f4e-91ef-4f89-b28f-ba42173789de,2024-11-09 15:29:21.107000,v1.10 - Skipits - Existing Users,Skipits - High Prices
ID,2024-11-13T15:37:58.000Z,0.0004286440000000001,1,14,0,0,com.android.vending,INFINIX,Infinix X6837,2024-11-16 16:08:13.284000,android,0.0004286440000000001,,0,60f642fc-8991-4f62-a9a8-be59aac279bf,589,11,c9d096ba-b7e6-4f47-b68d-5121da797c56,2024-11-13 15:38:07.567000,v1.10 - Skipits - New Users,Control
BR,2024-09-30T15:47:57.000Z,,0,1,0,0,com.android.vending,samsung,SM-G780G,2024-11-16 16:09:22.510000,android,0,,0,dca8f176-8879-4b9c-a5a4-f4894eae8ff1,61,160,7a63bd1f-3d34-4dc4-99b0-eaed8e8fc4bb,2024-11-11 19:50:23.250000,v1.10 - Skipits - Existing Users,Skipits - Middle Prices
BR,2024-10-24T15:23:29.000Z,,0,9,0,0,com.android.vending,Xiaomi,M2102J20SG,2024-11-16 16:10:02.932000,android,0,,0,5481f2ff-cc34-44af-8e35-9f8cabb666d9,272,37,03fe2d00-cf40-47af-bd83-772fc9fcd377,2024-11-10 07:43:45.969000,v1.10 - Skipits - Existing Users,Skipits - Middle Prices
BR,2024-11-16T00:50:26.000Z,0.0034814047813415527,1,12,0,0,com.android.vending,samsung,SM-A146M,2024-11-16 16:10:05.207000,android,0.0034814047813415527,,0,8fb5cdd9-7b4e-4d83-9d1e-bdfb4e451a8a,385,3,bc029aed-ea87-49f9-a3f7-d86a7a5e0d1f,2024-11-16 00:50:34.466000,v1.10 - Skipits - New Users,Control
IT,2024-10-06T19:04:02.000Z,0.002348383188247681,1,10,0,0,com.android.vending,samsung,SM-S918B,2024-11-16 16:10:19.701000,android,0.012655570268630982,0.010307187080383301,2,a6d312dd-50db-4625-bfc2-e8e81ec65270,543,70,df433aa7-ed6b-4cb0-8639-bddbb664c4d1,2024-11-09 09:08:28.239000,v1.10 - Skipits - Existing Users,Skipits - Middle Prices
JP,2024-11-07T01:30:27.000Z,0.017718484192202875,9,23,0,0,,Apple,iPhone14ProMax,2024-11-16 16:11:04.773000,ios,0.028928193859273265,0.011209709667070392,5,2c938f1d-c7c9-4d17-b5b5-48b63ab21d1e,1163,55,9e80ce10-49ab-431c-93c1-51da489d2760,2024-11-09 13:17:19.033000,v1.10 - Skipits - Existing Users,Skipits - Middle Prices
US,2024-11-14T01:16:21.000Z,,0,10,0,0,,Apple,iPhone12Pro,2024-11-16 16:12:08.334000,ios,0.035141510009765634,0.035141510009765634,1,25f87aab-b5da-4bda-ad15-e1909956ca78,2437,14,f0c73ad7-cb49-4009-baf4-afcef93bba3e,2024-11-14 01:16:29.638000,v1.10 - Skipits - New Users,Control
JP,2024-10-10T13:22:59.000Z,,0,1,0,0,,Apple,iPhone14Pro,2024-11-16 16:12:28.026000,ios,0,,0,d0d559ae-364e-40fe-98ef-2c1ef526870a,31,135,3d369d53-e4cb-421f-9f2e-f1fc798d75f4,2024-11-09 15:34:29.451000,v1.10 - Skipits - Existing Users,Skipits - High Prices
US,2024-11-07T03:14:46.000Z,,0,0,0,0,com.android.vending,samsung,SM-S928U,2024-11-16 16:13:52.988000,android,0.011982146798542568,0.011982146798542568,1,3d5aa7fb-1a7d-413b-b712-2a03a2677e16,47,164,a0fc97f7-6e69-44c8-88cb-ec1084cabe79,2024-11-09 12:01:43.235000,v1.10 - Skipits - Existing Users,Skipits - Middle Prices
HK,2024-11-03T05:58:57.000Z,,0,0,0,0,,Apple,"iPhone17,3",2024-11-16 16:14:01.106000,ios,0,,0,51376cea-98ad-4452-8b47-31ee94025bf1,32,125,f1121abf-3117-491e-b8d9-25f693952a5c,2024-11-09 11:45:40.374000,v1.10 - Skipits - Existing Users,Skipits - High Prices
DK,2024-11-09T17:26:13.000Z,,0,56,0,0,com.android.vending,samsung,SM-A546B,2024-11-16 16:14:37.952000,android,2.709766760865766,2.709766760865766,6,98e5c1b4-2c28-4e1e-b8ce-b8e6c2aec114,2582,24,8b684058-e769-437a-8d36-9535a4c55098,2024-11-09 17:26:18.027000,v1.10 - Skipits - New Users,Skipits - Middle Prices
AL,2024-10-04T13:19:28.000Z,,0,10,0,0,,Apple,iPhone13ProMax,2024-11-16 16:15:22.071000,ios,0,,0,8c7c5f8d-eebd-49b2-b37d-295aff4b7846,352,276,9f2a32a5-1f25-4a2b-8677-405e68a01187,2024-11-09 12:59:30.416000,v1.10 - Skipits - Existing Users,Control
TR,2024-10-30T12:37:57.000Z,,1,1,0,0,com.android.vending,Xiaomi,23117RA68G,2024-11-16 16:15:44.779000,android,0.008927465438842774,0.008927465438842774,1,9a805652-ed79-46f1-b03f-dabf12431cfc,243,59,3e97fb2b-d97e-4fbb-b0ec-25942b235a04,2024-11-12 11:24:42.010000,v1.10 - Skipits - Existing Users,Skipits - High Prices
US,2024-10-31T03:51:29.000Z,0.4682496794778898,14,30,0,0,,Apple,iPhone14Pro,2024-11-16 16:19:42.673000,ios,0.49222342983864015,0.02397375036075036,1,ffc95149-134f-4b57-b30c-59de291cae23,2770,6,e520d9d0-618c-4436-8079-2084accead2f,2024-11-16 16:19:42.673000,v1.10 - Skipits - Existing Users,Skipits - Middle Prices
US,2024-11-11T16:16:12.000Z,0.20602319423809526,9,46,0,0,,Apple,iPhone12ProMax,2024-11-16 16:20:45.371000,ios,0.23797319423809526,0.03195,1,ff9228a1-a6c4-4b75-9581-8809a8747c65,2315,4,eb619064-5e1a-4ed6-b19b-86d17b2ad985,2024-11-11 16:16:19.733000,v1.10 - Skipits - New Users,Control
BE,2024-10-07T11:28:12.000Z,0.01336431978691864,7,47,0,0,com.android.vending,samsung,SM-S928B,2024-11-16 16:21:17.792000,android,0.02721886709679413,0.01385454730987549,3,4da9f299-44cf-4e9a-921c-480bb5c16054,2144,101,422232b3-0f3c-4418-82ea-1f8f51c82068,2024-11-09 14:36:14.367000,v1.10 - Skipits - Existing Users,Skipits - High Prices
US,2024-10-23T14:41:56.000Z,0.012519553380952377,2,15,0,0,,Apple,iPhone11,2024-11-16 16:21:37.020000,ios,0.012519553380952377,,0,4566bc19-b3a3-409e-ae9a-ed087b8f3f8e,546,131,a5ddc3e4-200d-46a1-a409-15fe313f3b68,2024-11-09 16:52:40.168000,v1.10 - Skipits - Existing Users,Skipits - Middle Prices
OM,2024-09-18T09:50:56.000Z,,0,28,0,0,com.android.vending,samsung,SM-G955F,2024-11-16 16:21:48.597000,android,0.007370946361707688,0.007370946361707688,16,804bca2b-d450-41a2-b008-99a72e9c0005,1932,151,1c8d0b37-be70-491b-a314-d8987ae38697,2024-11-10 01:57:04.869000,v1.10 - Skipits - Existing Users,Control
US,2024-11-07T16:02:49.000Z,0.009815440000000002,1,6,0,0,com.android.vending,Google,Pixel 9 Pro,2024-11-16 16:23:38.263000,android,0.009815440000000002,,0,c2c02f5d-0122-40f7-b2dd-395c9c3d1b0e,549,7,57ae44bb-aeb8-446a-bed8-273d1152c58d,2024-11-08 14:50:41.456000,v1.10 - Skipits - Existing Users,Skipits - Middle Prices
US,2024-11-07T03:14:46.000Z,0.023599321763629007,3,16,0,0,com.android.vending,samsung,SM-S928U,2024-11-16 16:24:33.752000,android,0.11363327228975206,0.09003395052612305,10,b1afc7f8-08fd-48cf-a3e6-0cdccd240658,1575,166,a0fc97f7-6e69-44c8-88cb-ec1084cabe79,2024-11-09 12:01:43.235000,v1.10 - Skipits - Existing Users,Skipits - Middle Prices
BR,2024-11-16T16:24:41.000Z,0.002893164335,1,35,0,0,com.android.vending,Multilaser,Multilaser_GMax_2,2024-11-16 16:27:26.097000,android,0.0049978107236,0.0021046463886,1,ca797f4f-ec89-46c4-ae46-a3319b66ff91,1361,3,6dac7a6b-00ca-448c-ac1e-bbcd1e1bdf9e,2024-11-16 16:24:52.200000,v1.10 - Skipits - New Users,Control
FR,2024-11-11T07:53:51.000Z,,0,70,0,0,com.android.vending,samsung,SM-G996B,2024-11-16 16:28:22.106000,android,0,,0,195b90e7-042f-47e2-91fe-1eb981f0a3cc,4943,45,fa2f1e6e-c5c1-4fb6-98c9-2b524e2f411b,2024-11-11 07:53:58.204000,v1.10 - Skipits - New Users,Control
PT,2024-11-16T16:29:19.000Z,0.012654865292504175,3,56,0,0,com.android.vending,Xiaomi,23108RN04Y,2024-11-16 16:29:26.575000,android,0.04832214792790685,0.03566728263540268,6,e9065e50-d0a4-4622-9946-0cccba3e5866,2196,1,0dd43732-bc33-4f28-b1ca-54bc82b55be1,2024-11-16 16:29:26.575000,v1.10 - Skipits - New Users,Skipits - High Prices
LT,2024-11-05T12:54:28.000Z,,0,4,0,0,com.android.vending,samsung,SM-A546B,2024-11-16 16:31:48.138000,android,0.005955665826797485,0.005955665826797485,2,c859ab1a-efec-4f65-85ed-1ec173797797,239,39,24fe7e55-8857-4ee5-bdfd-64784e3b1813,2024-11-10 18:02:48.655000,v1.10 - Skipits - Existing Users,Skipits - Middle Prices
BG,2024-08-15T09:27:44.000Z,0.018450745486304876,2,13,0,0,,Apple,iPhone15Pro,2024-11-16 16:34:18.389000,ios,0.018450745486304876,,0,ffc18672-0e5d-40b8-9385-4ebb2429c4b5,584,66,73241abb-8a39-47ae-b1f9-e9beb5fa9058,2024-11-16 16:34:18.389000,v1.10 - Skipits - Existing Users,Skipits - Middle Prices
US,2024-11-13T21:56:51.000Z,0.02061131553649902,2,15,0,0,,Apple,iPhoneXS,2024-11-16 16:34:37.157000,ios,0.05698306816101074,0.03637175262451172,3,e0b0ec8a-7113-4654-8913-95c6090e82f9,1017,12,b21875c6-eb40-4f0d-9ebf-73485f12da6e,2024-11-13 21:56:57.915000,v1.10 - Skipits - New Users,Control
CA,2024-11-14T19:15:37.000Z,,0,4,0,0,,Apple,iPhone13ProMax,2024-11-16 16:35:18.909000,ios,0,,0,fb3e1d5c-7395-4c9b-be88-b3f0ee937d1c,96,22,3bfb9a7c-513f-4c86-ba78-9db016aa6da5,2024-11-14 19:15:44.011000,v1.10 - Skipits - New Users,Skipits - Middle Prices
CN,2024-10-02T05:47:13.000Z,0.10944416900000001,21,110,0,0,com.android.vending,Google,Pixel 7 Pro,2024-11-16 16:35:22.661000,android,0.10944416900000001,,0,144df453-d20d-4a2f-b3ba-96c38e468e4b,4800,83,5ff1eff5-4daa-4818-87c0-e3bf5c39e717,,v1.10 - Skipits - Existing Users,Skipits - Middle Prices
CA,2024-11-15T02:12:39.000Z,0.012610306000000002,3,11,0,0,com.android.vending,motorola,motorola edge (2022),2024-11-16 16:35:57.666000,android,0.18079197428007487,0.16818166828007486,7,d59d5966-991b-49bb-af03-e11f7ede97eb,1947,14,198072b7-4658-455a-b8e8-5f6f835bdc85,2024-11-15 02:12:44.799000,v1.10 - Skipits - New Users,Skipits - High Prices
PL,2024-11-14T03:01:22.000Z,,0,39,0,0,,Apple,iPhone13Pro,2024-11-16 16:37:48.774000,ios,0,,0,e646aa5d-3e49-49fc-81bb-07fc257f5bb9,1225,11,e861227b-f1c2-4bb4-9d05-1858e5d371a1,2024-11-14 03:01:28.306000,v1.10 - Skipits - New Users,Skipits - Middle Prices
US,2024-10-17T18:47:33.000Z,,0,0,0,0,com.android.vending,samsung,SM-S911U1,2024-11-16 16:38:35.569000,android,0,,0,d04d820e-b4a9-46db-b820-6520e93f5ff3,1,155,eee475b7-1866-4f12-9613-f5339a1f48c4,2024-11-09 12:12:33.565000,v1.10 - Skipits - Existing Users,Skipits - High Prices
US,2024-11-16T03:34:04.000Z,0.06314,5,26,0,0,,Apple,iPhone11,2024-11-16 16:42:20.413000,ios,0.06314,,0,e5e0fcc4-c947-418c-b71d-1a27ba387e78,1533,5,c5ece423-4c23-4a2b-a8e1-fc4713238526,2024-11-16 03:34:13.874000,v1.10 - Skipits - New Users,Skipits - Middle Prices
ES,2024-11-16T16:43:02.000Z,,0,17,0,0,com.android.vending,Xiaomi,23117RA68G,2024-11-16 16:43:09.871000,android,0.024030000000000003,0.024030000000000003,1,c2cafda3-0537-4843-9b7f-7368213ad06e,692,1,59b43eed-f8a9-4b7a-a70e-644ba6797621,2024-11-16 16:43:09.871000,v1.10 - Skipits - New Users,Skipits - Middle Prices
US,2024-11-13T00:15:53.000Z,,0,0,0,0,com.android.vending,motorola,moto g play - 2023,2024-11-16 16:43:45.937000,android,0,,0,c8fc9d03-df81-41e8-b77e-2b2ec3ea6a70,3,16,776c57b3-f8d8-4fe1-baae-d708803fe62f,2024-11-13 00:16:04.625000,v1.10 - Skipits - New Users,Control
DO,2024-11-14T19:48:34.000Z,,0,12,0,0,com.android.vending,TECNO,TECNO LH7n,2024-11-16 16:45:03.961000,android,0,,0,d488eb92-d13a-4a70-8b4e-cdad48a6cbd7,421,8,1e080261-911e-466f-b52b-dcb794c0eabd,2024-11-15 18:43:19.505000,v1.10 - Skipits - Existing Users,Control
BR,2024-11-15T19:20:52.000Z,0.005624030962343096,2,15,0,0,com.android.vending,motorola,moto g84 5G,2024-11-16 16:45:29.881000,android,0.005624030962343096,,0,370a91de-5e50-4b5b-80e8-7a92ab6a0d10,626,2,036bb9fd-15dd-40dd-9456-acf18f8c6aac,2024-11-15 19:18:57.730000,v1.10 - Skipits - New Users,Skipits - High Prices
MY,2024-09-21T03:40:17.000Z,0.01415588265571685,23,130,0,0,com.android.vending,Nothing,A065,2024-11-16 16:45:46.501000,android,0.02158137662900634,0.00742549397328949,5,1ca4a45b-50e4-4b17-8c69-81c723b916e7,5787,232,ce7a19b0-05a2-4714-81fa-82e2afd907d3,2024-11-09 02:06:14.266000,v1.10 - Skipits - Existing Users,Control
PL,2024-11-16T12:10:07.000Z,0.002162508,2,10,0,0,com.android.vending,Xiaomi,M2007J20CG,2024-11-16 16:46:40.712000,android,0.002162508,,0,749abc01-2bed-47a2-9209-dfd0d092e397,399,8,a120d0b0-11c9-4f35-a23b-666db481304c,2024-11-16 12:10:14.021000,v1.10 - Skipits - New Users,Skipits - Middle Prices
US,2024-11-16T16:12:46.000Z,,1,0,0,0,,Apple,iPhone14,2024-11-16 16:47:29.566000,ios,0,,0,578b122d-6337-4076-befa-ef67240ccd68,32,2,1072611c-822f-4a0d-99dc-b97ec3d74bd7,2024-11-16 16:12:53.014000,v1.10 - Skipits - New Users,Control
US,2024-11-12T06:04:22.000Z,0.19687315612819997,3,22,0,0,,Apple,iPhone13ProMax,2024-11-16 16:49:14.864000,ios,0.699247228791915,0.5023740726637151,5,87172904-274e-4195-8171-967cdc58800b,1246,21,6e406ea3-6040-43bd-9a2c-e6a3b4a839c7,2024-11-12 06:04:29.698000,v1.10 - Skipits - New Users,Control
EG,2024-10-31T06:45:18.000Z,0.00056,1,10,0,0,com.android.vending,OPPO,CPH2145,2024-11-16 16:50:45.030000,android,0.007385300517210629,0.00682530051721063,5,b0a5d4a7-bf0f-417a-b946-175c319796de,719,35,21bd29e8-5254-43f5-8bc2-56b2edb5ef31,2024-11-12 08:01:05.306000,v1.10 - Skipits - Existing Users,Control
UZ,2024-11-15T17:43:44.000Z,,0,7,0,0,com.android.vending,samsung,SM-A245F,2024-11-16 16:51:03.223000,android,0,,0,3b3309c2-e267-4d9c-8622-670e04f601f1,182,3,4fdf5dbf-f9ec-49ae-8512-f4d1097bd682,2024-11-15 17:43:52.324000,v1.10 - Skipits - New Users,Control
JP,2024-10-15T11:12:52.000Z,0.047032993939067375,5,10,0,0,com.android.vending,asus,ASUS_AI2302,2024-11-16 16:52:57.956000,android,0.047032993939067375,,0,e9c05d8b-c60e-417e-93f3-e6ba9a51d5d4,612,45,5c37badc-ceb4-462f-9b3d-6e337db75fc6,2024-11-10 15:26:41.576000,v1.10 - Skipits - Existing Users,Control
ID,2024-11-09T15:10:57.000Z,0.000922554882342384,4,21,0,0,com.android.vending,OPPO,CPH2251,2024-11-16 16:53:23.143000,android,0.002925131591136024,0.00200257670879364,2,016dbbb9-7e32-4eb2-a8f3-83fb2c16da9e,1206,45,aca69d9e-d259-4e1e-85b7-241c4b9df960,2024-11-09 15:11:07.493000,v1.10 - Skipits - New Users,Control
IE,2024-10-26T12:26:57.000Z,0.005606779098510742,1,7,0,0,,Apple,iPhone11Pro,2024-11-16 16:54:24.662000,ios,0.005606779098510742,,0,44a9dcaf-ed32-4d43-9bfe-58083678bda4,234,94,d65bb1ef-1141-43ef-8f82-9d70643848df,2024-11-12 12:57:18.713000,v1.10 - Skipits - Existing Users,Skipits - High Prices
HU,2024-10-18T07:40:04.000Z,,0,3,0,0,,Apple,iPhone11,2024-11-16 16:55:19.874000,ios,0.008421176997362865,0.008421176997362865,2,9e8250b6-e3ea-4d82-a883-cd030cd14acc,183,60,4afbf4a7-f44e-4a4d-b19f-ac0da3749d8c,2024-11-18 17:53:40.826000,v1.10 - Skipits - Existing Users,Skipits - Middle Prices
AU,2024-11-14T04:02:54.000Z,0.006819020342857143,2,0,0,0,com.android.vending,samsung,SM-G991B,2024-11-16 16:56:56.551000,android,0.013119020342857144,0.0063,1,5e5b8070-77fc-47b7-bf02-190d1960d71b,249,36,cb63b8c3-6d74-4d05-95cc-50d739c46d03,2024-11-14 04:03:04.356000,v1.10 - Skipits - New Users,Skipits - High Prices
PL,2024-11-16T12:10:07.000Z,0.0007329220400000001,1,6,0,0,com.android.vending,Xiaomi,M2007J20CG,2024-11-16 16:59:54.634000,android,0.017788985064261475,0.017056063024261475,4,5579216b-7ae5-459e-8c12-cfc4b6a4694c,938,9,a120d0b0-11c9-4f35-a23b-666db481304c,2024-11-16 12:10:14.021000,v1.10 - Skipits - New Users,Skipits - Middle Prices
IN,2024-11-09T13:37:55.000Z,0.004055022794612158,8,46,0,0,com.android.vending,vivo,I2126,2024-11-16 17:00:41.776000,android,0.004055022794612158,,0,a5b2d8ca-f0b9-4832-ad6c-1a6e2377ab79,1744,82,c22f19c7-d46f-4cee-902f-01feb694b7d1,2024-11-09 18:31:46.871000,v1.10 - Skipits - Existing Users,Skipits - Middle Prices
FI,2024-10-27T08:32:20.000Z,0.005670062666666666,4,33,0,0,,Apple,iPhone13,2024-11-16 17:00:43.423000,ios,0.012048833803892864,0.0063787711372261975,1,17854464-9d03-4bb2-b2e3-05426e571f27,1126,88,d5d3085d-5e3d-4aba-a2fc-6a0bf3ce0c5b,2024-11-12 17:05:25.847000,v1.10 - Skipits - Existing Users,Control
FR,2024-10-28T15:59:15.000Z,0.042240704894292935,4,24,0,0,,Apple,iPhone14Pro,2024-11-16 17:03:15.777000,ios,0.16458500306629,0.12234429817199707,6,b83cfc9a-652f-437b-87af-7f5bf61d020a,1433,66,1a954ab0-dc1c-4138-bfd0-2e9b3d11d0f9,2024-11-09 18:57:10.463000,v1.10 - Skipits - Existing Users,Skipits - High Prices
IN,2024-09-08T05:58:41.000Z,0.00165567684173584,1,13,0,0,,Apple,iPhone14,2024-11-16 17:03:23.345000,ios,0.00350621584173584,0.001850539,1,c9011e94-5b51-49f2-a555-b74ba3b582f7,537,114,1825dc7a-083c-4429-85e3-0601d6aca962,2024-11-13 10:35:31.964000,v1.10 - Skipits - Existing Users,Skipits - High Prices
RU,2024-11-12T15:57:46.000Z,0.022191177164825437,4,23,0,0,,Apple,iPhone11,2024-11-16 17:05:48.646000,ios,0.03596210029034643,0.01377092312552099,2,1b5e686e-a39e-4dde-b779-97a0894df642,884,11,9493cb72-fd32-45f7-803a-67ad7c664aeb,2024-11-12 15:57:52.983000,v1.10 - Skipits - New Users,Skipits - High Prices
ZZ,2024-11-10T05:40:03.000Z,0.0179922445086,7,29,0,0,com.android.vending,samsung,SM-N980F,2024-11-16 17:06:23.417000,android,0.033956815551095726,0.015964571042495726,3,acb7fdcf-5ae2-4feb-83be-bdf51105f190,1444,5,c38777f6-4538-4eca-b505-55db869ca6b1,2024-11-10 05:40:10.971000,v1.10 - Skipits - New Users,Control
US,2024-11-16T03:47:43.000Z,,0,15,0,0,,Apple,iPhone13,2024-11-16 17:08:04.465000,ios,0.034577062,0.034577062,0,70623b10-f67f-485e-8a83-501b92615e20,425,2,2f709133-3af1-4aa8-9147-e834a851e969,2024-11-16 03:47:50.492000,v1.10 - Skipits - New Users,Skipits - Middle Prices
DE,2024-10-29T20:44:25.000Z,0.03996417687869263,6,40,0,0,,Apple,iPhone15Pro,2024-11-16 17:08:32.780000,ios,0.07629219339188133,0.03632801651318869,3,496aad69-4b48-4bdf-8d23-615f1849be81,1546,28,6dad3544-1314-46cb-9cef-7b93935aac7b,2024-11-10 12:23:04.848000,v1.10 - Skipits - Existing Users,Skipits - Middle Prices
US,2024-11-16T17:08:24.000Z,,0,7,0,0,com.android.vending,Xiaomi,22021211RG,2024-11-16 17:08:34.744000,android,0,,0,de8cceaa-c904-4670-8844-dfd6533b3506,181,1,746f549c-ab04-48f1-bc8d-4c69df592bc2,2024-11-16 17:08:34.745000,v1.10 - Skipits - New Users,Control
DE,2024-11-14T18:14:24.000Z,,0,28,0,0,com.android.vending,samsung,SM-S911B,2024-11-16 17:09:11.386000,android,0,,0,46925610-e257-429c-838d-0bd5a0095fe9,865,2,60f3e58f-35c3-4c1d-ad2b-15cf15a3cbf5,2024-11-14 18:14:30.794000,v1.10 - Skipits - New Users,Skipits - Middle Prices
RU,2024-11-14T14:09:14.000Z,0.04436766907076264,4,54,0,0,,Apple,iPhone14,2024-11-16 17:11:57.953000,ios,0.04436766907076264,,0,5274dfb2-c844-45c3-87fa-bf32fbd70042,1983,2,398cfad2-6f39-4b02-81f3-f96867f8ec23,2024-11-14 14:08:56.804000,v1.10 - Skipits - New Users,Skipits - High Prices
TR,2024-11-15T22:19:03.000Z,0.003476666666666666,1,12,0,0,,Apple,iPhone11,2024-11-16 17:12:18.498000,ios,0.003476666666666666,,0,da6958ee-55ef-4269-985c-0dbd309a891d,413,8,78d898d6-f402-40d9-a2df-df820abefdb4,2024-11-15 22:19:09.680000,v1.10 - Skipits - New Users,Skipits - Middle Prices
KZ,2024-11-13T11:40:26.000Z,0.003932791765757971,2,10,0,0,,Apple,iPhone13Pro,2024-11-16 17:13:43.857000,ios,0.003932791765757971,,0,7c8345eb-a13b-4783-9680-71a586e75c80,368,3,1fa78463-de13-4235-9322-a0cb08fe7973,2024-11-13 11:40:33.009000,v1.10 - Skipits - New Users,Skipits - Middle Prices
FR,2024-07-02T14:11:40.000Z,,0,16,0,0,com.android.vending,Xiaomi,M2101K6G,2024-11-16 17:13:49.061000,android,0,,0,b93f0061-f262-4cb1-a3fa-984ae8f848f3,549,173,94dc9e43-0acd-47e3-beb7-8a1e4f26063d,2024-11-10 10:07:28.102000,v1.10 - Skipits - Existing Users,Skipits - High Prices
US,2024-11-04T15:11:16.000Z,0.6267570800000001,3,15,0,0,com.android.vending,samsung,SM-S908U,2024-11-16 17:14:19.200000,android,1.483399841230469,0.8566427612304688,2,33f5f607-aaa4-42ee-a45c-c3950522a018,1103,4,51a14847-ef3a-454d-a367-c01cf57e639b,2024-11-16 17:14:19.200000,v1.10 - Skipits - Existing Users,Skipits - Middle Prices
ME,2024-11-10T13:13:50.000Z,0.0025271344135413395,4,41,0,0,com.android.vending,Xiaomi,Redmi Note 9 Pro,2024-11-16 17:16:45.426000,android,0.09882468274075079,0.09629754832720946,13,c17ac3f8-7f10-4694-b737-ebc849fb35f5,1857,44,7d37bf91-bcef-437c-ac8a-fa4d403ea078,2024-11-10 13:13:57.798000,v1.10 - Skipits - New Users,Control
ID,2024-10-21T17:37:20.000Z,0.002797677854360204,2,15,0,0,com.android.vending,samsung,SM-A156E,2024-11-16 17:17:11.705000,android,0.010944250854360205,0.008146573,2,f5595d78-3018-4c84-a596-c5d6e7a10fc5,760,167,0750f2bc-8366-43d5-9a29-7e4dfed161a6,2024-11-10 10:54:17.230000,v1.10 - Skipits - Existing Users,Control
DE,2024-11-03T07:21:26.000Z,,0,39,0,0,com.android.vending,samsung,SM-X200,2024-11-16 17:17:49.144000,android,0.030970000000000004,0.030970000000000004,2,622907a1-ef32-4ed4-8f41-005b96ab2ef4,1444,71,782b3892-85a4-4aed-8e1b-9deee9cccfc3,2024-11-08 12:51:59.826000,v1.10 - Skipits - Existing Users,Skipits - Middle Prices
RU,2024-11-15T07:21:38.000Z,0.004000869691528571,1,12,0,0,com.android.vending,Xiaomi,M2101K7BNY,2024-11-16 17:18:40.996000,android,0.004000869691528571,,0,75a9eb42-3791-4e4e-a21a-841dd65db23f,419,5,636fb45b-a1bf-46b5-b0df-ceb43eb49e44,2024-11-15 07:21:46.574000,v1.10 - Skipits - New Users,Control
BR,2024-09-11T19:38:40.000Z,0.002986666666666667,1,14,0,0,,Apple,iPhone11,2024-11-16 17:18:55.318000,ios,0.002986666666666667,,0,d534f16b-1dae-4b42-8a9e-d567e5387243,412,69,9323c893-7666-4c71-a012-b58272b4bf5d,2024-11-10 22:57:51.191000,v1.10 - Skipits - Existing Users,Skipits - Middle Prices
GB,2024-08-29T15:51:19.000Z,,0,2,0,0,,Apple,iPhone14ProMax,2024-11-16 17:18:57.339000,ios,0,,0,35a6f8f4-ffde-4a34-a379-bf4043ffb7db,115,568,757ce1d5-6e66-436a-b10c-7c39f540c1f6,2024-11-08 18:28:46.740000,v1.10 - Skipits - Existing Users,Skipits - High Prices
AE,2024-11-12T13:34:55.000Z,0.015298919000000001,2,12,0,0,,Apple,iPhoneXS,2024-11-16 17:20:22.475000,ios,0.015298919000000001,,0,c873d516-26e1-412b-a744-af0d5ca46d0b,450,26,f3847c6a-a22c-4ce6-8007-1704191199c4,2024-11-12 13:35:01.974000,v1.10 - Skipits - New Users,Skipits - Middle Prices
IT,2024-10-27T13:22:02.000Z,0.007903868198394778,1,15,0,0,,Apple,iPhone15ProMax,2024-11-16 17:20:34.619000,ios,0.03446737146377564,0.02656350326538086,2,79d3b86c-ca33-4397-a470-e263db0f16d9,691,30,93bb6bf1-bd3e-416a-98e4-dd8c281b4687,2024-11-10 18:38:32.366000,v1.10 - Skipits - Existing Users,Control
MX,2024-11-11T04:09:42.000Z,,0,11,0,0,com.android.vending,samsung,SM-G950F,2024-11-16 17:24:06.052000,android,0.014840825,0.014840825,4,f06e6609-b31e-4b85-9dbb-f636e4bde128,469,39,b8ca77b4-7a69-459a-9e9e-d96de170b163,2024-11-11 04:10:33.689000,v1.10 - Skipits - New Users,Control
DK,2024-11-09T17:26:13.000Z,,0,58,0,0,com.android.vending,samsung,SM-A546B,2024-11-16 17:25:08.647000,android,1.7752945968447706,1.7752945968447706,13,14f0d993-e42d-4ee7-9fed-6fa2e114cf12,3035,25,8b684058-e769-437a-8d36-9535a4c55098,2024-11-09 17:26:18.027000,v1.10 - Skipits - New Users,Skipits - Middle Prices
AR,2024-11-15T20:17:19.000Z,,0,2,0,0,com.android.vending,Quantum,Qrash,2024-11-16 17:25:18.424000,android,0.0012149336934089662,0.0012149336934089662,3,8aa048bb-320f-4bdc-acb9-c98c4dc32ee3,358,6,f98d819c-a29d-48a5-b147-7c69a92fa346,2024-11-15 20:17:30.280000,v1.10 - Skipits - New Users,Skipits - Middle Prices
US,2024-11-08T12:11:34.000Z,0.009938238000000002,1,3,0,0,,Apple,iPhone14,2024-11-16 17:25:47.100000,ios,0.019296801423156748,0.009358563423156744,0,5f1c75f2-e4a1-4b3a-bb45-9ec026e78ec2,121,53,59c0998d-78eb-4d5d-83e0-cc7ff755e4ff,2024-11-08 12:11:41.615000,v1.10 - Skipits - New Users,Control
US,2024-11-05T04:03:33.000Z,0.024848146545466666,6,28,0,0,com.android.vending,Google,Pixel 6a,2024-11-16 17:28:01.256000,android,0.06612781882378843,0.041279672278321765,8,5750e2fa-6ff3-4655-8150-f96a5b47d0db,2232,61,d5b54dc7-85f2-435a-a9f9-3d7bf98f5c3e,2024-11-08 23:49:10.604000,v1.10 - Skipits - Existing Users,Skipits - High Prices
BW,2024-11-16T06:43:49.000Z,0.0003547,1,7,0,0,com.android.vending,TECNO,TECNO BG7,2024-11-16 17:28:03.164000,android,0.0003547,,0,0e3df351-6588-4f28-afbb-97b4690652cc,317,5,ab74475d-3cfc-4a39-abcc-becbf2c82828,2024-11-16 06:44:02.557000,v1.10 - Skipits - New Users,Skipits - High Prices
MY,2024-10-29T18:27:58.000Z,,0,14,0,0,com.android.vending,vivo,vivo 1920,2024-11-16 17:28:04.096000,android,0,,0,df2ae0c1-85e4-4b71-97d2-4dbcfe804007,515,38,18eb67f0-93cd-47f1-b43c-7a05529e7531,2024-11-10 00:40:16.338000,v1.10 - Skipits - Existing Users,Skipits - High Prices
FR,2024-11-13T04:22:44.000Z,0.008514648000000001,2,27,0,0,,Apple,iPhone14ProMax,2024-11-16 17:28:54.653000,ios,0.008514648000000001,,0,e08d7bc8-c740-4dd0-9c6a-edc0f9c64da0,1178,36,2b0b7f42-0f94-4000-9db8-8b19557a6ff0,2024-11-13 04:22:50.142000,v1.10 - Skipits - New Users,Control
US,2024-10-17T16:07:29.000Z,,0,15,0,0,,Apple,iPhone12,2024-11-16 17:29:20.099000,ios,0,,0,cb8fe84b-b408-4b7d-a51e-73f22977ff9f,406,133,202bde17-9dc0-492a-b4a4-9a74ff3e9c4c,2024-11-10 03:54:43.582000,v1.10 - Skipits - Existing Users,Control
BR,2024-11-15T17:18:46.000Z,,0,0,0,0,com.android.vending,samsung,SM-A315G,2024-11-16 17:29:49.412000,android,0,,0,bb94a198-6cf8-44d6-b4a7-118757846355,37,33,0628687f-ddac-433a-9927-c3887d587b22,2024-11-15 17:18:56.640000,v1.10 - Skipits - New Users,Skipits - Middle Prices
RU,2024-11-16T10:08:18.000Z,0.0651367,1,7,0,0,com.android.vending,OPPO,PFDM00,2024-11-16 17:30:13.619000,android,0.0651367,,0,bc5065fa-2864-4a7a-84d5-e3d302fdf45c,310,3,dd3f6511-1cb6-442e-b230-fcf0e95c0699,2024-11-16 10:08:28.087000,v1.10 - Skipits - New Users,Control
FR,2024-09-29T15:02:00.000Z,,0,7,0,0,com.android.vending,samsung,SM-G781B,2024-11-16 17:30:18.377000,android,0,,0,354e3021-7256-4508-8968-5fb14adf8650,221,120,6fe29f66-b482-4f39-8837-ac8a0e287b66,2024-11-11 13:14:34.120000,v1.10 - Skipits - Existing Users,Skipits - Middle Prices
RU,2024-11-16T16:07:44.000Z,,0,2,0,0,com.android.vending,LENOVO,Lenovo TB-X304L,2024-11-16 17:30:32.200000,android,0,,0,f34b120c-d1d4-4f48-bb1c-35487ff47eb9,159,4,fed4be01-1817-4008-9acc-189d9411b917,2024-11-16 16:06:18.997000,v1.10 - Skipits - New Users,Control
US,2024-10-30T21:42:08.000Z,0.026195819552575973,6,37,0,0,,Apple,iPhoneXR,2024-11-16 17:35:06.049000,ios,0.03905894392315093,0.012863124370574953,2,97e4afa8-d1bb-4b4b-a062-3aa1c3768051,1884,52,83519edd-b643-463e-a22a-9c499c424ff1,2024-11-09 19:32:27.309000,v1.10 - Skipits - Existing Users,Skipits - High Prices
US,2024-08-23T03:01:15.000Z,,0,29,0,0,com.android.vending,samsung,SM-S918U,2024-11-16 17:35:13.152000,android,0.7148784363781194,0.7148784363781194,4,d118b4d5-7651-4bdb-922f-1eacdf0b623a,1342,189,ce8deb56-e3dd-4836-bafa-4aa8b45ddaaa,2024-11-09 12:20:29.002000,v1.10 - Skipits - Existing Users,Skipits - Middle Prices
MD,2024-11-16T17:35:15.000Z,,0,9,0,0,com.android.vending,samsung,SM-A546E,2024-11-16 17:35:22.137000,android,0,,0,59df073a-e9e6-4a94-bcc9-7c1f1846f901,244,1,db51ca44-d13f-4c1e-9b12-8b2da7095f86,2024-11-16 17:35:22.138000,v1.10 - Skipits - New Users,Skipits - Middle Prices
IN,2024-10-03T20:02:31.000Z,,0,11,0,0,com.android.vending,Xiaomi,22101316UP,2024-11-16 17:35:44.459000,android,0,,0,1dfb9078-79d8-4746-9d0f-3bbc1270a376,579,27,59f8230d-6cd1-42f7-b108-702d99fc7b22,2024-11-16 17:35:44.459000,v1.10 - Skipits - Existing Users,Control
GB,2024-10-06T22:32:35.000Z,0.009880300549697876,5,29,0,0,com.android.vending,samsung,SM-G988B,2024-11-16 17:37:24.331000,android,0.024220300549697878,0.01434,1,40e20edd-c247-4268-b118-72ed3801284e,1609,72,96fda941-c28d-426e-be34-1a7ae3f921e3,2024-11-11 20:39:07.835000,v1.10 - Skipits - Existing Users,Control
MX,2024-08-30T16:45:33.000Z,0.015188831939214071,5,35,0,0,com.android.vending,motorola,motorola edge 50 fusion,2024-11-16 17:42:23.862000,android,0.02093617593921407,0.005747344,1,ffc23789-ec5e-45f0-9511-9980d4676d4e,1650,13,507d47e4-86d9-4646-9cbd-621ca278abc6,2024-11-09 17:29:11.860000,v1.10 - Skipits - Existing Users,Skipits - High Prices
US,2024-09-09T21:14:12.000Z,,0,3,0,0,,Apple,iPhone14Plus,2024-11-16 17:43:12.331000,ios,0.05616442359924316,0.05616442359924316,3,74caed54-d4b3-4f6d-9509-676d2e257ac5,246,224,53cbb28c-041d-43db-8ef5-65f60af3f11a,2024-11-10 01:02:43.917000,v1.10 - Skipits - Existing Users,Skipits - High Prices
ES,2024-11-16T16:43:02.000Z,0.05640540545091247,13,109,0,0,com.android.vending,Xiaomi,23117RA68G,2024-11-16 17:47:04.433000,android,0.11303049112901306,0.056625085678100595,5,598e4a19-b2fb-40e9-b648-814287565d4e,4623,2,59b43eed-f8a9-4b7a-a70e-644ba6797621,2024-11-16 16:43:09.871000,v1.10 - Skipits - New Users,Skipits - Middle Prices
JP,2024-11-16T07:28:02.000Z,,0,6,0,0,,Apple,iPhone14Plus,2024-11-16 17:47:59.831000,ios,0,,0,2928869b-329f-4c87-a240-419f06ee45b9,179,8,8b7e6b05-cde9-485a-82dc-4f79a568abed,2024-11-16 07:28:10.406000,v1.10 - Skipits - New Users,Skipits - Middle Prices
BR,2024-11-12T20:16:01.000Z,0.0021302660000000005,1,0,0,0,com.android.vending,samsung,SM-S906E,2024-11-16 17:50:04.889000,android,0.0021302660000000005,,0,7d8766e8-1354-405b-9fe5-385c655559e0,76,13,e7aa0428-14d5-4fb9-b70b-6638ee1f2006,2024-11-12 20:16:09.495000,v1.10 - Skipits - New Users,Control
CO,2024-08-22T23:20:21.000Z,0.0011226367137355585,1,10,0,0,com.android.vending,Xiaomi,22101320G,2024-11-16 17:50:21.432000,android,0.00663903852664274,0.0055164018129071814,5,59d3722e-3dbc-4ed6-9187-dac1fda86ace,411,112,c45f030f-25b9-4bd0-91f0-a1be73653ab5,2024-11-09 02:55:37.531000,v1.10 - Skipits - Existing Users,Skipits - High Prices
TW,2024-11-15T03:46:37.000Z,,0,11,0,0,,Apple,iPhone13Pro,2024-11-16 17:50:43.615000,ios,0.2792766685233419,0.2792766685233419,14,d65c9526-9c0c-4ff6-afa9-51c384f39198,1085,13,140fb6b0-b656-42e9-a8b4-20cdc122911b,2024-11-15 03:46:50.145000,v1.10 - Skipits - New Users,Skipits - High Prices
JO,2024-10-24T11:25:07.000Z,,0,0,0,0,com.android.vending,TECNO,TECNO LI9,2024-11-16 17:51:27.936000,android,0,,0,af874314-6ba5-4e0d-a9db-a0b132dff09a,31,122,36a4f2c6-cf22-4af7-9f35-99afb7fb8bf1,2024-11-08 07:06:30.178000,v1.10 - Skipits - Existing Users,Skipits - High Prices
US,2024-08-24T03:00:54.000Z,,0,1,0,0,,Apple,iPhone6SPlus,2024-11-16 17:57:36.949000,ios,0,,0,d4b6c22c-2089-4d3c-aa45-d80914cf1a72,155,35,48447c0e-a482-419f-883c-7227e90828d9,2024-11-16 17:57:36.949000,v1.10 - Skipits - Existing Users,Skipits - High Prices
IT,2024-09-24T15:30:39.000Z,0.006482993342857143,3,14,0,0,com.android.vending,samsung,SM-M127F,2024-11-16 17:59:37.656000,android,0.016553485264350673,0.010070491921493532,3,208a1179-e5ff-4033-8a58-798baccd288c,1091,288,7b586bcb-7b6a-4852-95e0-a6655d711a0a,2024-11-10 09:39:41.445000,v1.10 - Skipits - Existing Users,Control
IE,2024-10-26T12:26:57.000Z,0.005776184000000001,0,1,0,0,,Apple,iPhone11Pro,2024-11-16 18:00:24.723000,ios,0.005776184000000001,,0,b71af592-5775-4cc8-be4b-0533cb45ddc4,29,97,d65bb1ef-1141-43ef-8f82-9d70643848df,2024-11-12 12:57:18.713000,v1.10 - Skipits - Existing Users,Skipits - High Prices
FR,2024-11-11T15:31:47.000Z,0.003924249612944467,1,8,0,0,com.android.vending,samsung,SM-G973F,2024-11-16 18:00:57.304000,android,0.013779952463081908,0.00985570285013744,1,53de8cab-8e87-4125-b0c9-48ea70fb46cb,483,28,ff8122e6-0a07-4edb-bd5d-563548052d20,2024-11-11 15:31:52.304000,v1.10 - Skipits - New Users,Control
CA,2024-11-16T18:03:14.000Z,0.25005884246826177,3,46,0,0,,Apple,iPhone15Plus,2024-11-16 18:03:21.196000,ios,0.5121692037963868,0.26211036132812504,1,8906070a-9633-491a-af43-e911888565bf,1655,1,d685f8b0-b607-4986-a342-cc62e19264f9,2024-11-16 18:03:21.196000,v1.10 - Skipits - New Users,Skipits - Middle Prices
US,2024-10-13T12:26:53.000Z,0.02599942207336426,2,10,0,0,,Apple,iPad10Gen,2024-11-16 18:03:53.431000,ios,0.02599942207336426,,0,5f28ee61-7bfd-4eda-bd8e-76078432c386,509,24,1283a948-7015-479d-b43e-ee842807b941,2024-11-14 12:22:33.680000,v1.10 - Skipits - Existing Users,Skipits - High Prices
NO,2024-10-20T20:06:52.000Z,0.006750565893990651,2,15,0,0,,Apple,iPhone13,2024-11-16 18:04:08.722000,ios,0.006750565893990651,,0,5fde10cc-8710-4126-afee-bad0eaaa190b,879,45,4632e2e8-8d25-4d8b-86a2-9a986c032bc9,2024-11-09 11:53:57.348000,v1.10 - Skipits - Existing Users,Control
DE,2024-10-28T09:44:33.000Z,0.024044472515838623,3,15,0,0,,Apple,iPhone12Mini,2024-11-16 18:04:23.455000,ios,0.08173645539547732,0.05769198287963869,4,004f9836-c5c7-45be-8497-9a10aa3ff4f0,1041,120,a2541b2d-ba71-46d0-86ec-8353b59e754a,2024-11-08 08:14:25.179000,v1.10 - Skipits - Existing Users,Skipits - Middle Prices
US,2024-10-17T18:47:33.000Z,0.006,1,0,0,0,com.android.vending,samsung,SM-S911U1,2024-11-16 18:05:17.692000,android,0.006,,0,accf7b7d-4f0e-4e85-a7d3-eef7a80724a4,249,158,eee475b7-1866-4f12-9613-f5339a1f48c4,2024-11-09 12:12:33.565000,v1.10 - Skipits - Existing Users,Skipits - High Prices
DE,2024-11-16T18:06:43.000Z,0.11938619344042968,5,51,0,0,,Apple,iPhone14,2024-11-16 18:06:49.085000,ios,0.15127002064990233,0.03188382720947266,1,1917381f-e130-4cb1-8283-50284e4d1962,1936,1,82162897-61be-45db-947f-9c4e13f2bcd7,2024-11-16 18:06:49.086000,v1.10 - Skipits - New Users,Skipits - Middle Prices
US,2024-10-12T00:11:01.000Z,,0,2,0,0,com.android.vending,samsung,SM-S908U,2024-11-16 18:07:46.358000,android,0,,0,e688756c-6168-4e96-8c32-c5b2c40caebb,120,131,7a4ccb67-76ce-42f9-877f-d4698e02ea96,2024-11-08 16:20:56.235000,v1.10 - Skipits - Existing Users,Skipits - High Prices
US,2024-09-03T14:53:11.000Z,0.03391359936804998,2,20,0,0,com.android.vending,samsung,SM-S908U,2024-11-16 18:08:18.609000,android,0.18155328888717412,0.14763968951912412,4,aae0df74-2882-476d-ba80-dfcc83732bcb,1625,153,46488d5e-94da-43ac-895c-06c69ee79128,2024-11-08 05:57:26.858000,v1.10 - Skipits - Existing Users,Skipits - Middle Prices
CH,2024-11-16T07:49:31.000Z,0.060629076000000004,2,13,0,0,,Apple,iPhone14,2024-11-16 18:09:37.230000,ios,0.060629076000000004,,0,7ae6ff54-b7e0-43fe-94d3-f8250e64015f,462,7,cac348c7-aa00-4e8c-9234-7d919e05f59d,2024-11-16 07:49:37.602000,v1.10 - Skipits - New Users,Skipits - Middle Prices
JP,2024-09-28T04:01:35.000Z,,0,0,0,0,,Apple,iPhone15,2024-11-16 18:10:06.196000,ios,0,,0,b82d50a2-2d63-4168-9230-4a59b86a2277,1,86,77e22d61-3cb5-4d88-831b-2b34fd9130ae,2024-11-16 18:10:06.196000,v1.10 - Skipits - Existing Users,Skipits - High Prices
GB,2024-09-27T05:07:35.000Z,,0,0,0,0,,Apple,iPhone14ProMax,2024-11-16 18:13:01.577000,ios,0,,0,87a8a1c5-dbe5-4437-8e60-9536b480a2f5,2,211,2feb4f7b-affa-42a7-a801-8e16a09d0498,2024-11-10 03:35:23.571000,v1.10 - Skipits - Existing Users,Skipits - Middle Prices
GB,2024-10-22T16:08:23.000Z,0.006416937351226806,1,7,0,0,,Apple,iPhone13ProMax,2024-11-16 18:13:07.988000,ios,0.015013081073760988,0.008596143722534182,1,8abe6abd-964e-40c3-ae4b-0e1dc060c3c2,390,44,0ca16429-83bb-47d1-987b-aaacf45a0dab,2024-11-09 20:54:56.186000,v1.10 - Skipits - Existing Users,Skipits - High Prices
DE,2024-09-27T16:17:18.000Z,0.03911024340064494,7,23,0,0,,Apple,iPhone13,2024-11-16 18:15:49.078000,ios,0.05641303782921636,0.017302794428571428,3,f9fdf511-59cc-4c7f-9944-fa18b7882157,1419,123,8dd7f454-577e-4fcd-aeb9-d39b629ac8e5,2024-11-09 15:30:53.374000,v1.10 - Skipits - Existing Users,Control
ZZ,2024-11-16T18:17:24.000Z,0.052080745828204,8,85,0,0,com.android.vending,Xiaomi,2311DRK48G,2024-11-16 18:17:31.701000,android,0.07100540061223899,0.01892465478403499,3,8ff61d04-92a2-4e55-8ea9-127bd92f7f04,3261,1,a20254df-74da-408b-84c4-6341e8e8a4d6,2024-11-16 18:17:31.702000,v1.10 - Skipits - New Users,Control
US,2024-11-09T20:36:34.000Z,0.02019301460266113,1,7,0,0,,Apple,iPhone13,2024-11-16 18:18:11.129000,ios,0.05635206222170877,0.03615904761904763,2,515cfea6-5101-48e6-a76c-529397ab4ca7,781,26,743fabe1-bb06-41cb-98b8-75a5b423f236,2024-11-09 20:36:41.909000,v1.10 - Skipits - New Users,Control
BR,2024-11-08T18:06:40.000Z,0.018910817428571425,9,115,0,0,,Apple,iPhone14,2024-11-16 18:20:20.886000,ios,0.1978967099276151,0.17898589249904368,31,2da65a5f-73d5-4bee-bb13-7668eef60014,5771,6,5940b0db-f311-4f37-9581-8abc128fa09d,2024-11-08 18:06:48.994000,v1.10 - Skipits - New Users,Control
TW,2024-11-15T03:46:37.000Z,0.19149695879617057,15,47,0,0,,Apple,iPhone13Pro,2024-11-16 18:21:37.472000,ios,0.779646921641206,0.5881499628450355,37,6f38d8d7-e312-4a67-9b48-613730e1e67e,4705,14,140fb6b0-b656-42e9-a8b4-20cdc122911b,2024-11-15 03:46:50.145000,v1.10 - Skipits - New Users,Skipits - High Prices
CO,2024-11-08T19:09:35.000Z,0.011861332194705147,13,76,0,0,com.android.vending,samsung,SM-G610M,2024-11-16 18:21:37.611000,android,0.014063551062629673,0.0022022188679245284,1,b7b8d3db-51cf-4186-b588-fb829d8f3de9,3957,15,63b3f0f5-7e00-4ba1-a637-9a897b4a1775,2024-11-12 14:17:25.921000,v1.10 - Skipits - Existing Users,Skipits - High Prices
US,2024-10-06T04:15:41.000Z,0.02415358352661134,2,11,0,0,,Apple,iPhone13ProMax,2024-11-16 18:22:56.481000,ios,0.02415358352661134,,0,d779f3f5-ca70-4770-9df4-05526f1b354d,422,93,4f846e46-b199-4e27-b889-34aa796a5f0b,2024-11-11 21:32:44.998000,v1.10 - Skipits - Existing Users,Skipits - High Prices
ES,2024-11-14T18:42:13.000Z,0.001077402,1,2,0,0,,Apple,iPad6Gen,2024-11-16 18:22:57.409000,ios,0.0026188739999999998,0.001541472,2,a35c1019-99d1-4512-a59d-642d2ee1cbc8,253,10,9ec72b4d-c5b8-492e-bc40-b23e15b0cc34,2024-11-14 18:42:19.623000,v1.10 - Skipits - New Users,Skipits - Middle Prices
BR,2024-10-28T21:38:54.000Z,0.010633243466719048,3,15,0,0,com.android.vending,samsung,SM-S921B,2024-11-16 18:23:30.500000,android,0.023473311330183405,0.012840067863464356,2,9ef8d88f-06f3-4099-bed0-8249d360e246,999,17,1ee20783-99e0-417f-8fda-a03b283df819,2024-11-11 09:20:36.765000,v1.10 - Skipits - Existing Users,Skipits - High Prices
US,2024-10-20T20:31:40.000Z,0.11005121421813967,6,47,0,0,,Apple,iPhone14Plus,2024-11-16 18:23:31.169000,ios,0.38892752647399903,0.2788763122558594,9,1c6f596e-14e2-46de-acba-8c3d50a42fe1,2728,29,da022ba8-0811-451e-995e-a33ab0787e28,2024-11-15 15:17:30.289000,v1.10 - Skipits - Existing Users,Skipits - High Prices
GB,2024-11-02T18:38:34.000Z,,0,15,0,0,com.android.vending,samsung,SM-S918B,2024-11-16 18:23:52.714000,android,0,,0,a868b70b-73c0-4212-8bbd-b42a8bff7345,3167,43,57e81897-604d-40d5-a19a-9b62d832107f,2024-11-11 13:13:18.562000,v1.10 - Skipits - Existing Users,Skipits - Middle Prices
BE,2024-11-14T09:01:36.000Z,0.0027833000000000003,1,14,0,0,com.android.vending,samsung,SM-G780G,2024-11-16 18:24:10.290000,android,0.008611608614095052,0.0058283086140950525,2,2cb67d5b-a49b-4b72-a627-a7e24a942546,666,19,6c0400c5-15be-4c5c-b4a0-321ccd4ecc2a,2024-11-14 09:01:47.082000,v1.10 - Skipits - New Users,Skipits - High Prices
EG,2024-10-31T06:45:18.000Z,0.0008447909379524302,2,33,0,0,com.android.vending,OPPO,CPH2145,2024-11-16 18:25:54.450000,android,0.0334234675921347,0.03257867665418227,23,5ea39b1c-0da1-4285-937a-79d0d2499c5c,2508,38,21bd29e8-5254-43f5-8bc2-56b2edb5ef31,2024-11-12 08:01:05.306000,v1.10 - Skipits - Existing Users,Control
US,2024-11-15T01:59:05.000Z,,0,2,0,0,,Apple,iPhone13,2024-11-16 18:26:18.081000,ios,0,,0,26a97a2b-c47d-4c02-9e0b-ce48117c0a66,41,11,9f3fd9bd-89c8-4d4b-8634-29b56df66230,2024-11-15 01:59:12.570000,v1.10 - Skipits - New Users,Skipits - High Prices
IQ,2024-11-13T21:01:02.000Z,0.0007413614003118198,7,52,0,0,com.android.vending,INFINIX,Infinix X6833B,2024-11-16 18:26:55.528000,android,0.00132716040031182,0.000585799,0,fb9eac57-4de6-454e-875b-747e3bcfe46d,2228,14,2249172b-1469-43d0-badb-5be75464c42f,2024-11-13 21:01:08.654000,v1.10 - Skipits - Existing Users,Skipits - High Prices
US,2024-09-05T14:32:49.000Z,0.1327864722442627,5,33,0,0,,Apple,iPhone12Pro,2024-11-16 18:31:19.021000,ios,0.36376329001574714,0.2309768177714844,7,5299bdeb-92b7-4dd3-b98d-6f8563e10cd4,2425,126,e789d388-19b0-4fa3-b547-994b9b61ad81,2024-11-10 19:56:29.469000,v1.10 - Skipits - Existing Users,Control
SA,2024-11-15T14:33:16.000Z,,0,1,0,0,,Apple,"iPhone17,4",2024-11-16 18:35:43.348000,ios,0,,0,9860549d-a3ba-460b-8d90-3b2dd7af1f30,23,9,f2ba892c-442e-4893-ade8-4ad99b1f965b,2024-11-15 14:33:23.409000,v1.10 - Skipits - New Users,Skipits - Middle Prices
US,2024-11-15T16:48:26.000Z,0.02510183715820313,1,3,0,0,,Apple,iPhone15,2024-11-16 18:36:05.375000,ios,0.02510183715820313,,0,794ae4bb-d938-4f1a-9e29-775521085b53,181,13,bc44154b-85e5-4274-b745-00a983308f97,2024-11-15 16:48:35.442000,v1.10 - Skipits - New Users,Control
US,2024-11-09T22:40:18.000Z,0.08260999999999999,0,1,0,0,,Apple,iPhone13,2024-11-16 18:38:25.311000,ios,0.08260999999999999,,0,1f0f22c7-c115-4717-ba57-a02542f98e8c,848,10,d0228c78-fc7f-4b53-87a3-ff03edb5c063,2024-11-09 22:40:25.562000,v1.10 - Skipits - New Users,Control
US,2024-11-06T18:01:16.000Z,0.015833982,1,11,0,0,,Apple,iPhone14ProMax,2024-11-16 18:39:38.993000,ios,0.04003046370471191,0.02419648170471191,1,94242a2b-4e98-4a54-bca7-03c39d4fd899,804,43,9a77fb66-9190-48ac-98db-253621669d16,2024-11-10 17:45:28.005000,v1.10 - Skipits - Existing Users,Skipits - Middle Prices
IN,2024-10-03T05:56:16.000Z,0.0010621529823483058,2,23,0,0,com.android.vending,vivo,V2036,2024-11-16 18:40:56.268000,android,0.010012922542447227,0.00895076956009892,14,7fc59261-86ba-4790-b44a-b4a3b5d64688,1665,78,5fa6143f-119e-457a-a4f7-1e16deab7a93,2024-11-11 05:23:43.728000,v1.10 - Skipits - Existing Users,Skipits - Middle Prices
US,2024-11-16T18:24:54.000Z,,0,0,0,0,,Apple,iPhone13,2024-11-16 18:42:31.954000,ios,0,,0,9a750075-09af-4bbd-ac03-99a098a29ac5,13,2,549e8958-3686-4854-8757-bca44b44434f,2024-11-16 18:25:01.151000,v1.10 - Skipits - New Users,Skipits - High Prices
FR,2024-10-25T22:15:10.000Z,,0,0,0,0,,Apple,iPhone14,2024-11-16 18:42:43.333000,ios,0,,0,54a5427b-eaf2-4f9b-8c30-82c7613aad78,0,66,81a69dd4-61da-49c6-bd68-fc4ce3baa4e8,2024-11-09 19:44:43.433000,v1.10 - Skipits - Existing Users,Skipits - Middle Prices
US,2024-11-05T15:53:36.000Z,,0,0,0,0,,Apple,iPhone14Pro,2024-11-16 18:44:00.900000,ios,0,,0,28337f1d-0168-443d-bd66-d738a4c2e2d2,0,4,297fa1cd-7b3d-4391-a596-a3c5025847e0,2024-11-11 04:21:31.356000,v1.10 - Skipits - Existing Users,Skipits - Middle Prices
CA,2024-11-04T00:47:54.000Z,,0,21,0,0,,Apple,iPhone15,2024-11-16 18:44:30.203000,ios,0,,0,b48090d1-25fd-4fa4-98b5-2b1967bd5875,647,37,6b0f9879-f04b-46d7-8913-0b01abf3722f,2024-11-14 03:18:33.996000,v1.10 - Skipits - Existing Users,Skipits - Middle Prices
CA,2024-11-04T00:47:54.000Z,0.01722721481323243,0,9,0,0,,Apple,iPhone15,2024-11-16 18:44:30.209000,ios,0.01722721481323243,,0,ea8670f6-d39d-441f-a427-d1a696688f7d,464,35,6b0f9879-f04b-46d7-8913-0b01abf3722f,2024-11-14 03:18:33.996000,v1.10 - Skipits - Existing Users,Skipits - Middle Prices
US,2024-10-09T00:38:05.000Z,0.0153167,1,4,0,0,com.android.vending,samsung,SM-S908U,2024-11-16 18:45:48.540000,android,0.046123438,0.030806738,1,338c5962-e1a9-4530-ab7a-1f650a966a3e,416,89,a780839b-2ed3-4fcc-aa56-eea12d1f5190,2024-11-08 20:58:48.593000,v1.10 - Skipits - Existing Users,Skipits - Middle Prices
US,2024-09-17T17:41:29.000Z,,0,11,0,0,com.android.vending,samsung,SM-S928U,2024-11-16 18:46:44.337000,android,0.6025819865009765,0.6025819865009765,3,ce894307-4659-4db3-ac06-2a51a2050923,1105,150,56fa0ed7-1914-49fb-a15f-dc64d148210a,2024-11-12 08:36:52.465000,v1.10 - Skipits - Existing Users,Skipits - Middle Prices
AT,2024-10-28T17:49:11.000Z,,0,5,0,0,com.android.vending,samsung,SM-S928B,2024-11-16 18:46:56.046000,android,0,,0,0bd7823d-4eac-44a3-aad3-8e02ced3c5ae,185,20,51c188b3-b2de-425d-bd96-825d7c332fab,2024-11-15 21:04:41.134000,v1.10 - Skipits - Existing Users,Skipits - Middle Prices
BR,2024-11-07T11:22:28.000Z,,0,0,0,0,com.android.vending,samsung,SM-G9650,2024-11-16 18:47:25.155000,android,0,,0,c7e1ab12-6652-4dd9-9258-5c48a24b201d,1,3,4a7e383b-44b0-4d1e-8fb4-c5e1b4ed51cc,2024-11-16 18:47:25.155000,v1.10 - Skipits - Existing Users,Control
IT,2024-11-08T18:29:42.000Z,0.0029614083136547177,3,23,0,0,,Apple,iPhone11,2024-11-16 18:51:14.756000,ios,0.010437349704248566,0.007475941390593847,4,f1dc226b-37f6-4478-b9d7-de9c9d421d4d,1392,22,140f4f45-8324-475e-bc4a-fc87e8e2e83e,2024-11-08 18:29:48.812000,v1.10 - Skipits - New Users,Skipits - High Prices
US,2024-11-16T15:56:47.000Z,,0,60,0,0,com.android.vending,samsung,SM-S908U,2024-11-16 18:52:12.555000,android,1.7814382909863282,1.7814382909863282,6,636f9091-f745-422f-88fc-a63474d51186,2590,3,62b84f44-8c8a-47c0-a6e4-f28a07262226,2024-11-16 15:56:54.951000,v1.10 - Skipits - New Users,Control
PL,2024-11-13T10:25:34.000Z,0.01150352850956726,4,27,0,0,,Apple,iPhone11,2024-11-16 18:54:42.589000,ios,0.01150352850956726,,0,5efc9d17-6b85-4508-8759-304d85d8eb19,902,12,0ff02e34-fb8a-4617-b8a8-a424f4bb8a12,2024-11-13 10:25:42.192000,v1.10 - Skipits - New Users,Control
AU,2024-10-09T20:50:01.000Z,0.01783782528571429,2,15,0,0,,Apple,iPhone14,2024-11-16 18:55:21.240000,ios,0.06490507505883063,0.04706724977311634,5,79be442c-d917-4257-8cc4-0e1bcd9237e3,948,103,46c9489a-b7f7-4a69-9c56-5188d471c3b2,2024-11-09 07:02:11.316000,v1.10 - Skipits - Existing Users,Skipits - Middle Prices
US,2024-08-29T18:46:19.000Z,0.05394018519357518,8,31,0,0,,Apple,iPhone13ProMax,2024-11-16 18:55:22.553000,ios,0.13270180908431572,0.07876162389074054,10,8ffe0774-50b7-4082-a3d3-4308d39d21a0,1677,65,89b1ce68-eb90-4f3f-a617-9a2d30fe1d1c,2024-11-12 15:08:47.259000,v1.10 - Skipits - Existing Users,Skipits - Middle Prices
TR,2024-08-25T11:51:21.000Z,0.008215854626773654,5,16,0,0,,Apple,iPhone15,2024-11-16 18:56:11.819000,ios,0.01486835191248794,0.006652497285714286,4,0b884c0e-38fa-49a7-8b63-1bcaeb7b8d49,1097,49,2710f316-7273-4376-bd5a-9c912d879074,2024-11-09 22:49:48.706000,v1.10 - Skipits - Existing Users,Control
UA,2024-10-19T17:23:42.000Z,0.0004264935238095238,1,8,0,0,com.android.vending,HONOR,VNE-LX1,2024-11-16 18:58:30.553000,android,0.001142518716534569,0.0007160251927250452,2,e9f8f47b-b1f0-43a0-971e-f832de97e41d,763,149,3d994366-1c2e-47f9-9e25-69405678ff72,2024-11-07 23:10:49.256000,v1.10 - Skipits - Existing Users,Skipits - High Prices
US,2024-11-16T19:00:11.000Z,,0,0,0,0,,Apple,iPhone8Plus,2024-11-16 19:02:39.723000,ios,0,,0,f6e88d48-30df-42b9-aeed-512805f4dd48,1,2,296699bf-36ea-4b94-a1bd-28b21ec2bdcf,2024-11-16 19:00:20.403000,v1.10 - Skipits - New Users,Skipits - Middle Prices
US,2024-09-19T00:13:39.000Z,0.01175132846832276,2,4,0,0,,Apple,iPhone15Plus,2024-11-16 19:06:07.948000,ios,0.04769254875183106,0.035941220283508296,2,d4a1b197-4e0a-4b52-973a-cf0af711e984,697,283,a6f0be56-94e5-4c3f-b1aa-722e7f426169,2024-11-16 16:25:04.395000,v1.10 - Skipits - Existing Users,Skipits - Middle Prices
ES,2024-11-09T08:45:56.000Z,,0,54,0,0,com.android.vending,Google,Pixel 7,2024-11-16 19:06:39.721000,android,0.10726814270019533,0.10726814270019533,3,4c5de7ac-8d9e-4080-9b7e-d875b14904d6,2115,14,d68b858b-2706-4b2a-aab6-13d3f80b0c53,2024-11-09 08:46:01.316000,v1.10 - Skipits - New Users,Control
IE,2024-10-26T12:26:57.000Z,0.006112583637237549,1,13,0,0,,Apple,iPhone11Pro,2024-11-16 19:08:24.322000,ios,0.006112583637237549,,0,42b64c02-350e-49a5-a99c-ba2738ec2a15,414,98,d65bb1ef-1141-43ef-8f82-9d70643848df,2024-11-12 12:57:18.713000,v1.10 - Skipits - Existing Users,Skipits - High Prices
CA,2024-11-11T11:47:48.000Z,,0,4,0,0,com.android.vending,Google,Pixel 6,2024-11-16 19:09:19.591000,android,0,,0,4395306d-1cde-4c42-964d-b3dca1f6214d,151,22,e2998c65-defb-4249-8c65-46827b91a2ca,2024-11-11 11:47:54.354000,v1.10 - Skipits - New Users,Skipits - Middle Prices
US,2024-11-16T18:11:23.000Z,0.004164147,1,7,0,0,com.android.vending,motorola,moto g stylus (2021),2024-11-16 19:09:35.107000,android,0.013747761571380614,0.009583614571380615,2,c3ab20ce-f72d-450b-8cb0-82a14c2c0a70,363,5,21a1fc46-aa39-4551-87cf-b433e2f005b4,2024-11-16 18:11:30.345000,v1.10 - Skipits - New Users,Skipits - Middle Prices
CA,2024-11-04T03:03:30.000Z,0.00422001266479492,1,7,0,0,,Apple,iPhone11,2024-11-16 19:11:26.872000,ios,0.00422001266479492,,0,1b5d781d-20a0-4608-b784-7357485db2c8,346,41,646cf81b-922a-4bd3-a719-0a01ac4f0b50,2024-11-09 07:04:45.779000,v1.10 - Skipits - Existing Users,Control
AT,2024-10-28T17:49:11.000Z,,0,5,0,0,com.android.vending,samsung,SM-S928B,2024-11-16 19:12:49.003000,android,0,,0,3a9056bd-06d2-471e-91d8-3af2e575b16e,203,24,51c188b3-b2de-425d-bd96-825d7c332fab,2024-11-15 21:04:41.134000,v1.10 - Skipits - Existing Users,Skipits - Middle Prices
IT,2024-09-28T13:09:19.000Z,0.003874600410461425,0,5,0,0,,Apple,iPhone11,2024-11-16 19:13:48.882000,ios,0.003874600410461425,,0,0bc9349d-01ec-42be-a90c-535878f03f34,188,57,65fd10d3-afbe-47c4-861b-212140487021,2024-11-13 20:43:07.751000,v1.10 - Skipits - Existing Users,Control
JP,2024-10-30T00:18:37.000Z,0.04070075487227667,2,13,0,0,,Apple,iPhone14Plus,2024-11-16 19:15:42.753000,ios,0.04070075487227667,,0,0b50cfed-c820-4486-a019-21609d768ddb,638,69,f5b1ea19-8d53-4932-9033-0f6b5317004a,2024-11-09 19:52:39.744000,v1.10 - Skipits - Existing Users,Skipits - High Prices
US,2024-11-13T19:53:11.000Z,,0,8,0,0,,Apple,"iPhone17,1",2024-11-16 19:16:16.752000,ios,0,,0,36760ff4-d1a2-4205-a01a-518f3e11d22c,263,37,1f86b2ea-140d-44d1-b1c8-d00f1a59fe99,2024-11-13 19:53:18.166000,v1.10 - Skipits - New Users,Control
TW,2024-09-23T01:39:09.000Z,,0,15,0,0,com.android.vending,samsung,SM-G9980,2024-11-16 19:18:07.546000,android,0,,0,c48a00a4-4fe5-4a95-905f-dd890bab9dca,661,225,e17b48e7-5c84-4ed8-9d7e-d62011aa4092,2024-11-08 21:27:44.707000,v1.10 - Skipits - Existing Users,Skipits - High Prices
NL,2024-06-01T14:58:39.000Z,0.002366919972555978,1,3,0,0,,Apple,iPhone13,2024-11-16 19:18:45.068000,ios,0.002366919972555978,,0,8e836916-9749-4b20-97f5-c1b71eb07d0a,270,199,57375475-14b4-4684-8719-d392a3c2e732,2024-11-12 11:28:35.589000,v1.10 - Skipits - Existing Users,Skipits - High Prices
IN,2024-07-25T17:28:44.000Z,0.0013837006900991712,2,16,0,0,com.android.vending,vivo,V2303,2024-11-16 19:22:51.523000,android,0.003981840524276098,0.0025981398341769265,1,abeb8fde-3a44-4371-9204-0af1b02256dc,580,20,6802293d-f34b-41a5-b843-99e0bdea74c6,2024-11-16 19:22:51.523000,v1.10 - Skipits - Existing Users,Control
AT,2024-10-20T14:40:12.000Z,,0,32,0,0,com.android.vending,samsung,SM-A546B,2024-11-16 19:23:14.473000,android,0.0758031861904762,0.0758031861904762,3,33b714ac-ae4a-4f3a-95cd-e31229073272,749,346,ac616b5f-5b87-481e-b412-5b37c61dcd7f,2024-11-11 05:55:11.808000,v1.10 - Skipits - Existing Users,Skipits - Middle Prices
JP,2024-10-03T23:35:42.000Z,0.015401768571428574,2,11,0,0,,Apple,iPhone7,2024-11-16 19:23:52.460000,ios,0.03950351965202862,0.02410175108060005,0,a4aafb5a-c729-4207-8807-31f2d7be0c01,644,116,e21e09eb-008e-41d0-b35c-95356a8aeeb7,2024-11-10 17:17:58.798000,v1.10 - Skipits - Existing Users,Skipits - Middle Prices
MX,2024-11-16T19:25:29.000Z,,0,0,0,0,com.android.vending,OPPO,CPH2185,2024-11-16 19:25:36.745000,android,0,,0,dcc8c532-c805-4ca2-a226-14c8db8ec2a1,33,1,c26b9bbd-5b2a-431e-bcd4-64e3f6e1fec9,2024-11-16 19:25:36.746000,v1.10 - Skipits - New Users,Skipits - High Prices
AT,2024-10-28T17:49:11.000Z,,0,6,0,0,com.android.vending,samsung,SM-S928B,2024-11-16 19:27:15.684000,android,0,,0,bdfd0bb9-8024-4477-99a2-cd507c092311,196,28,51c188b3-b2de-425d-bd96-825d7c332fab,2024-11-15 21:04:41.134000,v1.10 - Skipits - Existing Users,Skipits - Middle Prices
FI,2024-10-25T18:58:25.000Z,0.014564305074246723,9,53,0,0,,Apple,iPhone15ProMax,2024-11-16 19:30:10.547000,ios,0.014564305074246723,,0,93662425-a437-4240-98a9-5435c18f5885,2361,102,2eb0035c-73d7-4d56-8085-9c8edf6a7ffe,2024-11-12 10:36:18.723000,v1.10 - Skipits - Existing Users,Skipits - Middle Prices
US,2024-11-13T20:18:22.000Z,,0,14,0,0,,Apple,iPhone13ProMax,2024-11-16 19:30:57.787000,ios,0,,0,ad69a9f2-7922-4110-b209-03ecf39214ae,0,26,587d7ee9-b210-486e-8b7f-399609255d16,2024-11-13 20:18:33.486000,v1.10 - Skipits - New Users,Skipits - High Prices
MX,2024-11-14T03:24:26.000Z,,0,3,0,0,com.android.vending,samsung,SM-N960U,2024-11-16 19:31:52.895000,android,0,,0,da4d97b3-001c-455d-a09b-00f682d3844b,66,4,d80dd5b6-daf4-43d0-8ad7-7b81a66c9b09,2024-11-14 03:24:33.372000,v1.10 - Skipits - New Users,Skipits - Middle Prices
IQ,2024-10-28T19:00:45.000Z,,0,15,0,0,com.android.vending,realme,RMX2151,2024-11-16 19:32:18.520000,android,0,,0,c91fc2ec-fde9-4fbc-8da9-9ca4f92cdc33,492,117,6dd29c76-4d40-4039-afef-a77416aeed00,2024-11-08 05:24:38.500000,v1.10 - Skipits - Existing Users,Skipits - Middle Prices
BR,2024-11-11T03:02:36.000Z,,0,15,0,0,com.android.vending,samsung,SM-G9600,2024-11-16 19:32:26.229000,android,0,,0,34730187-8882-4fc0-b457-d3067bb52614,598,25,2c992a5f-c27a-4391-9f0a-c8e58f429018,2024-11-11 03:02:45.949000,v1.10 - Skipits - New Users,Skipits - Middle Prices
US,2024-10-05T00:51:43.000Z,,0,0,0,0,,Apple,iPhone11,2024-11-16 19:32:42.949000,ios,0,,0,f5eed497-73c0-463b-a159-c70d24262f2d,19,123,4ebec12d-989c-4983-a61c-270a998c8074,2024-11-09 20:24:49.820000,v1.10 - Skipits - Existing Users,Control
US,2024-09-02T16:03:53.000Z,0.01358857142857143,0,4,0,0,,Apple,iPhone14ProMax,2024-11-16 19:33:47.029000,ios,0.01358857142857143,,0,2a31e9a0-def1-47cd-9566-a697d7e3e76e,223,167,ca7acfb1-9fb7-4045-a35a-3d1532bec35f,2024-11-09 16:21:59.233000,v1.10 - Skipits - Existing Users,Skipits - High Prices
TH,2024-10-10T18:24:40.000Z,0.002840172564114286,1,13,0,0,,Apple,iPad9Gen,2024-11-16 19:38:02.924000,ios,0.002840172564114286,,0,081e71dc-2716-43da-9b06-a4d4c8c6b66e,456,42,69362faa-be0e-4958-91d2-25e5b9d45983,2024-11-11 16:36:46.188000,v1.10 - Skipits - Existing Users,Skipits - Middle Prices
BR,2024-09-08T19:26:22.000Z,,0,0,0,0,com.android.vending,motorola,moto g32,2024-11-16 19:39:50.375000,android,0,,0,611ea362-bf33-4392-a5ff-847b963b422d,1,207,da1ddcc3-6601-4ac6-a040-65901cb1f6c3,2024-11-16 19:39:50.375000,v1.10 - Skipits - Existing Users,Skipits - Middle Prices
KZ,2024-11-16T16:54:29.000Z,0.00616372551676069,3,99,0,0,,Apple,iPhone11,2024-11-16 19:39:58.489000,ios,0.00616372551676069,,0,03f75822-2fbb-4216-b3a6-59e30f276951,3847,2,ad8f32f9-5454-415b-aae2-463107e46f26,2024-11-16 16:54:36.389000,v1.10 - Skipits - New Users,Skipits - High Prices
AR,2024-10-21T11:54:20.000Z,,0,30,0,0,com.android.vending,motorola,moto e32,2024-11-16 19:40:56.738000,android,0,,0,1723f4f6-4249-4c66-b8a2-e89b4a6151be,1258,51,a7294eb4-8adc-46e3-8667-d63a2817de10,2024-11-11 23:47:07.781000,v1.10 - Skipits - Existing Users,Control
MX,2024-11-08T20:51:39.000Z,,0,0,0,0,com.android.vending,motorola,moto g pure,2024-11-16 19:41:16.852000,android,0,,0,18a9db64-bf42-45c2-9392-3cd69119dda4,31,6,480f260d-d6d5-409e-97e8-5a2ea53c8e4c,2024-11-08 21:39:30.902000,v1.10 - Skipits - Existing Users,Skipits - High Prices
LT,2024-11-05T12:54:28.000Z,,0,2,0,0,com.android.vending,samsung,SM-A546B,2024-11-16 19:42:16.364000,android,0.00292,0.00292,2,f8189b04-9633-4143-8f1f-2a87f1262cc5,205,41,24fe7e55-8857-4ee5-bdfd-64784e3b1813,2024-11-10 18:02:48.655000,v1.10 - Skipits - Existing Users,Skipits - Middle Prices
PL,2024-10-16T10:31:06.000Z,,0,10,0,0,com.android.vending,Nothing,A065,2024-11-16 19:45:02.173000,android,0.005592380952380952,0.005592380952380952,1,fbf37383-020f-41e9-89b2-f1660d4e16d3,358,67,f944a507-ef3c-4c40-bdfe-6c8b18d0c566,2024-11-08 19:57:08.054000,v1.10 - Skipits - Existing Users,Skipits - High Prices
UZ,2024-11-10T10:05:44.000Z,0.000453397,1,12,0,0,com.android.vending,Xiaomi,2203129G,2024-11-16 19:45:12.001000,android,0.021149112999999994,0.020695715999999996,9,9a96881e-765d-40ec-8358-3948db6dbf03,946,40,7a9ba17f-425b-45cb-95ad-3459634e0b40,2024-11-10 10:05:52.935000,v1.10 - Skipits - New Users,Control
NL,2024-11-16T09:51:53.000Z,0.30970792681970216,8,37,0,0,,Apple,iPhone15ProMax,2024-11-16 19:45:34.627000,ios,0.30970792681970216,,0,110337f6-65ed-4f4c-bcd4-5be0ff6dd792,2270,3,6496e064-0a3e-4512-8423-be37ba9db3bd,2024-11-16 09:51:59.309000,v1.10 - Skipits - New Users,Skipits - High Prices
BR,2024-11-16T13:35:23.000Z,,0,3,0,0,com.android.vending,Xiaomi,23122PCD1G,2024-11-16 19:50:20.960000,android,0.03390543842315674,0.03390543842315674,1,48892e52-12f1-4676-b640-3cefe015c3fc,180,2,d277c603-4ae3-43b6-8f09-a8bf35136997,2024-11-16 13:35:31.088000,v1.10 - Skipits - New Users,Skipits - High Prices
US,2024-10-18T18:42:24.000Z,0.14938741864820002,3,49,0,0,com.android.vending,Google,Pixel 7,2024-11-16 19:50:49.862000,android,0.6830469165915594,0.5336594979433594,4,2cef3e3f-8875-4074-b87e-fafba4eae30c,2657,22,0f427f3c-85c7-416a-99fa-207a8413ae64,2024-11-15 23:50:26.464000,v1.10 - Skipits - Existing Users,Skipits - High Prices
BR,2024-11-16T19:43:18.000Z,,0,6,0,0,com.android.vending,samsung,SM-A146M,2024-11-16 19:51:54.460000,android,0.02534652528839111,0.02534652528839111,1,207c4fd6-c367-4526-977d-dd052e8bbf20,360,2,f223b9dd-5703-4111-bfec-ee98a7f2d97d,2024-11-16 19:43:31.655000,v1.10 - Skipits - New Users,Skipits - Middle Prices
BY,2024-09-30T08:05:02.000Z,0.004576926778795332,5,16,0,0,,Apple,iPhone15Pro,2024-11-16 19:53:41.505000,ios,0.012590393269011088,0.008013466490215754,8,af0fae07-ab96-45e5-9232-d9256ac924d3,1533,67,0f8fdbdf-4bd4-43c2-bb51-08ff277aee88,2024-11-09 21:34:25.511000,v1.10 - Skipits - Existing Users,Skipits - High Prices
US,2024-11-08T05:35:55.000Z,,0,8,0,0,,Apple,iPad7Gen,2024-11-16 19:54:45.370000,ios,0,,0,c21e6734-b54a-46ae-becc-dba86ad833a7,389,6,f99119c4-5de0-4202-a606-83457a9ed2c7,2024-11-08 05:36:03.950000,v1.10 - Skipits - New Users,Skipits - Middle Prices
US,2024-10-22T21:59:41.000Z,0.03654264450073242,2,15,0,0,,Apple,iPhone14ProMax,2024-11-16 19:58:26.359000,ios,0.09103058964221192,0.05448794514147949,2,65692c1c-0422-466b-87a6-42313959b501,782,21,03b07d94-c1ec-4b60-9bb9-c408df744d68,2024-11-11 17:41:50.526000,v1.10 - Skipits - Existing Users,Skipits - Middle Prices
MX,2024-11-16T19:58:35.000Z,,0,15,0,0,com.android.vending,vivo,V2057,2024-11-16 19:59:45.760000,android,0,,0,196f3562-0eaa-48e3-bdeb-e97eaeeb2a1b,380,1,1f4a6a75-72a7-4d91-82e7-e7b3562226f2,2024-11-16 19:59:45.760000,v1.10 - Skipits - New Users,Skipits - Middle Prices
US,2024-09-24T17:00:34.000Z,,0,43,0,0,com.android.vending,TECNO,TECNO KJ6,2024-11-16 20:02:50.625000,android,0,,0,daf2a695-ae3f-47d9-9a21-75c2b835294e,1824,66,d7ec9ea3-ebab-4830-8c4f-f3a35958fa03,2024-11-12 00:26:56.720000,v1.10 - Skipits - Existing Users,Control
BR,2024-09-30T20:04:06.000Z,0.007684104843969079,3,32,0,0,com.android.vending,Xiaomi,Redmi Note 8 Pro,2024-11-16 20:02:56.682000,android,0.022658214105314073,0.014974109261344997,3,ef4c1457-5d8e-40c8-a591-29e603a7cdee,1225,166,d23fdc3e-ad26-4145-88f4-fbcac210c83a,2024-11-08 11:52:46.047000,v1.10 - Skipits - Existing Users,Skipits - Middle Prices
US,2024-11-16T17:36:15.000Z,0.036128919258117675,4,17,0,0,,Apple,iPhone14,2024-11-16 20:04:12.111000,ios,0.056546486701965326,0.020417567443847658,2,f6455ced-8ed3-46d0-a7cb-86a276ce03fc,882,9,7193c52b-54cc-4326-bc64-677364fb614b,2024-11-16 17:36:22.125000,v1.10 - Skipits - New Users,Skipits - Middle Prices
DE,2024-11-10T14:56:57.000Z,0.03397110462188721,4,26,0,0,,Apple,iPhone15Pro,2024-11-16 20:04:15.783000,ios,0.05633110462188721,0.022359999999999998,2,1ce7fe2c-484d-45ec-8057-69267746a78f,1386,6,d6b1d342-af5a-47f4-9f08-644498188ed0,2024-11-10 14:57:03.455000,v1.10 - Skipits - New Users,Skipits - Middle Prices
BR,2024-08-20T10:39:19.000Z,0.013446178490506399,7,37,0,0,,Apple,iPhone13,2024-11-16 20:06:09.557000,ios,0.016906178490506397,0.00346,1,78f86b58-98ef-48a2-9901-ae2012c153b0,1703,220,bfa0d91d-182c-4ccc-9e51-a85e19ad4a47,2024-11-09 19:56:53.340000,v1.10 - Skipits - Existing Users,Skipits - High Prices
ES,2024-09-24T22:30:13.000Z,,0,4,0,0,,Apple,iPhone15,2024-11-16 20:07:54.672000,ios,0.004670410000000002,0.004670410000000002,1,23fb0eb6-e94c-43ad-834a-516af739f4be,237,319,296ed036-551a-4328-8001-290a5e8be3f5,2024-11-10 21:51:41.686000,v1.10 - Skipits - Existing Users,Control
NL,2024-07-23T17:48:18.000Z,,0,22,0,0,com.android.vending,samsung,SM-S911B,2024-11-16 20:08:51.142000,android,0.03558765403747559,0.03558765403747559,2,f7350619-eaa0-4de8-a986-f0de84d2da88,1551,183,95096a60-ae77-4a39-a962-a0bb595587b6,2024-11-10 22:35:27.439000,v1.10 - Skipits - Existing Users,Skipits - High Prices
US,2024-11-13T22:38:03.000Z,0.0015321174285714287,2,14,0,0,com.android.vending,TECNO,TECNO CK8n,2024-11-16 20:09:05.552000,android,0.004620119043956044,0.0030880016153846156,1,2f1d1b6d-e054-42db-ac7f-59187bb9640a,510,2,e440f385-0ff3-43de-8b59-dd7deb908978,2024-11-13 22:38:10.396000,v1.10 - Skipits - New Users,Control
US,2024-11-14T15:23:47.000Z,,0,55,0,0,com.android.vending,samsung,SM-S918U1,2024-11-16 20:09:24.655000,android,1.979202663345032,1.979202663345032,14,bd0ac098-fc36-4c40-a95d-32514882dc5b,2801,21,725f9756-261a-42c5-a8b1-8ea2712df20a,2024-11-14 15:23:57.013000,v1.10 - Skipits - New Users,Control
IL,2024-07-15T15:18:35.000Z,0.005517735647928147,2,15,0,0,com.android.vending,samsung,SM-N975U1,2024-11-16 20:11:17.622000,android,0.005517735647928147,,0,48ea4ccb-b41d-4b26-8001-e43105683903,697,232,f76bf8e1-d674-47d9-921c-055b0617ccc0,2024-11-08 18:23:48.612000,v1.10 - Skipits - Existing Users,Skipits - High Prices
BR,2024-07-19T15:42:11.000Z,,0,15,0,0,com.android.vending,Xiaomi,23122PCD1G,2024-11-16 20:14:29.966000,android,0.017932973,0.017932973,5,3c185139-088f-4790-9e23-4be55f9c8f9e,892,226,fd14ef2a-8410-40eb-80aa-cf192c9caf5d,2024-11-09 01:17:21.258000,v1.10 - Skipits - Existing Users,Control
PL,2024-11-15T11:40:38.000Z,0.06934972478322057,11,72,0,0,com.android.vending,Xiaomi,M2012K11G,2024-11-16 20:15:10.310000,android,0.09662578078322057,0.027276056,1,19bf5756-4997-43b3-8035-8e8dbe1730cc,2559,5,73cb90c2-ba5d-43ea-8c52-efe9d6e765c0,2024-11-15 11:41:13.274000,v1.10 - Skipits - New Users,Skipits - High Prices
TR,2024-11-03T15:31:55.000Z,0.005506666666666667,0,3,0,0,com.android.vending,Xiaomi,2312FPCA6G,2024-11-16 20:20:26.198000,android,0.020069597666666668,0.014562931,1,6c3a81ef-fffe-4bcc-b5bc-c0f7e757f77d,516,78,618b5055-220a-4f0b-99cc-53815f4a8503,2024-11-10 14:05:09.925000,v1.10 - Skipits - Existing Users,Control
JP,2024-11-16T02:59:34.000Z,,0,0,0,0,,Apple,iPhoneX,2024-11-16 20:22:08.583000,ios,0,,0,e928c58b-a492-4e1d-90db-7fc55965a201,270,6,26224e6a-2ea8-4858-87a9-931a7a76c397,2024-11-16 02:59:43.288000,v1.10 - Skipits - New Users,Skipits - Middle Prices
US,2024-11-16T06:58:21.000Z,0.022441860013433186,3,19,0,0,,Apple,iPhone15Pro,2024-11-16 20:22:17.756000,ios,0.03795186001343318,0.01551,1,8eaf5369-96e3-450a-a6ae-d6f6b37c35af,967,5,9069c01f-1fe7-425f-b293-c6ddc5f1f694,2024-11-16 06:58:29.010000,v1.10 - Skipits - New Users,Control
US,2024-11-15T16:19:10.000Z,0.07579342466229248,11,72,0,0,,Apple,iPhone14,2024-11-16 20:22:47.493000,ios,0.09517707258099366,0.01938364791870117,1,494106c6-ade1-419c-956a-baf9a0382403,3101,6,af3edd48-24f4-4604-a0d8-03dff93c74c4,2024-11-15 16:19:17.058000,v1.10 - Skipits - New Users,Skipits - Middle Prices
BR,2024-11-16T20:23:32.000Z,0.02231575760610962,2,40,0,0,,Apple,iPhone14ProMax,2024-11-16 20:23:39.447000,ios,0.03450929160610962,0.012193534,1,7b4db653-0c95-438f-a524-a51ab548b4c8,1436,1,c0700353-98cc-441b-b72d-92013dbca245,2024-11-16 20:23:39.447000,v1.10 - Skipits - New Users,Skipits - Middle Prices
FR,2024-11-16T19:13:46.000Z,0.036133787536621095,9,69,0,0,com.android.vending,INFINIX,Infinix X6716,2024-11-16 20:25:12.633000,android,0.036133787536621095,,0,03861567-ef32-4922-ae25-90e5d99894e8,2513,2,428a76ad-0b8f-4837-9d18-bbd28a1671cc,2024-11-16 19:13:57.367000,v1.10 - Skipits - New Users,Skipits - Middle Prices
GB,2024-11-10T09:26:41.000Z,,0,24,0,0,,Apple,iPhone12,2024-11-16 20:26:17.809000,ios,0,,0,5d6a3df1-17aa-4749-94dc-a40f63cbaa33,773,6,5c266a4f-0302-4f9c-a17c-9579fd72be51,2024-11-10 09:26:48.452000,v1.10 - Skipits - New Users,Control
US,2024-11-10T12:35:22.000Z,0.06106760786766324,5,30,0,0,,Apple,iPhone13ProMax,2024-11-16 20:27:58.736000,ios,0.06106760786766324,,0,30b4d990-3cb9-4f05-b820-aeb3836c0d66,1317,13,c6fb6f80-baf2-459a-a5ec-415c732acbbe,2024-11-10 12:35:30.305000,v1.10 - Skipits - New Users,Skipits - High Prices
US,2024-11-09T01:03:57.000Z,0.1394071084982903,4,22,0,0,com.android.vending,samsung,SM-S918U,2024-11-16 20:32:41.225000,android,0.25816405847309964,0.11875694997480936,1,71907c48-0d01-4f75-ae6c-91807ed5f8de,850,57,ef2ea376-8a6e-4188-b8ce-7a5da66810aa,2024-11-09 01:04:05.567000,v1.10 - Skipits - New Users,Skipits - High Prices
CO,2024-10-02T05:09:46.000Z,0.0012933079557876591,2,14,0,0,,Apple,iPhone11,2024-11-16 20:37:55.358000,ios,0.005334796798843384,0.004041488843055725,4,60ebc11b-e762-41dd-b42d-eefbabfd256a,886,152,3799c366-2c28-4ff6-8b01-7e9b8c5ac096,2024-11-09 16:47:05.043000,v1.10 - Skipits - Existing Users,Skipits - Middle Prices
GB,2024-11-16T12:31:32.000Z,0.004370572566986085,1,11,0,0,,Apple,iPhone14,2024-11-16 20:38:43.275000,ios,0.004370572566986085,,0,3515e279-3c60-4b29-b949-9243f688f8dc,369,7,7a11d3ec-2473-4dc0-8d0b-641434988672,2024-11-16 12:31:37.851000,v1.10 - Skipits - New Users,Skipits - High Prices
BE,2024-11-16T11:43:54.000Z,,0,2,0,0,com.android.vending,samsung,SM-A528B,2024-11-16 20:44:59.047000,android,0,,0,1b4eaa34-2a25-439a-9fbf-b627168b8cbf,120,3,13aa77f3-13ad-4efc-a13a-2a5cbe423d7b,2024-11-16 11:44:00.858000,v1.10 - Skipits - New Users,Control
DE,2024-10-28T15:52:17.000Z,,0,0,0,0,,Apple,iPhone15,2024-11-16 20:45:01.610000,ios,0,,0,b2ad06d7-135c-4903-b1b0-7e008cef0d0d,30,109,3c5f669f-beea-47e2-a25d-77b266c2cad1,2024-11-08 08:14:58.486000,v1.10 - Skipits - Existing Users,Skipits - High Prices
BR,2024-11-15T21:53:45.000Z,0.025697005000000002,2,14,0,0,com.android.vending,samsung,SM-S711B,2024-11-16 20:45:25.345000,android,0.025697005000000002,,0,a8cc7cc7-ae15-4989-b2e7-dcf1b6ba70ed,571,3,dd06f63d-87a0-4684-adb6-4ac32d789ec1,2024-11-15 21:53:54.631000,v1.10 - Skipits - New Users,Skipits - High Prices
ID,2024-11-15T00:25:29.000Z,,0,0,0,0,com.android.vending,vivo,V2131,2024-11-16 20:45:32.715000,android,0,,0,9280a74e-e409-4036-bc13-83f3e61a5a68,1,14,28bfb0ea-69dd-4ade-a463-b1e4e2a71a03,2024-11-15 00:25:38.131000,v1.10 - Skipits - New Users,Control
US,2024-10-02T15:31:33.000Z,0.0046173831307877704,4,19,0,0,com.android.vending,INFINIX,Infinix X6525,2024-11-16 20:46:15.600000,android,0.005623578681139059,0.001006195550351288,1,95eefd2f-5fcf-41e4-aaad-b89ca7676ca0,650,122,12a22e1b-98e9-43da-b8fd-52ceefddef9a,2024-11-09 01:36:27.293000,v1.10 - Skipits - Existing Users,Skipits - Middle Prices
AR,2024-09-17T19:47:59.000Z,,0,11,0,0,com.android.vending,samsung,SM-A225M,2024-11-16 20:47:02.239000,android,0.00635334890965732,0.00635334890965732,4,b7ab019a-5a22-48a8-a06b-efc8ce47229d,592,316,45497566-aa31-4198-8104-d047c21136cd,2024-11-12 19:37:43.483000,v1.10 - Skipits - Existing Users,Skipits - Middle Prices
JP,2024-11-10T00:14:21.000Z,0.002970709,3,27,0,0,com.android.vending,Alldocube,iPlay60_mini_Pro,2024-11-16 20:47:56.669000,android,0.021618512813121982,0.01864780381312198,14,fa9fb290-d194-4cb6-ad4d-97ff77d04fd0,2120,24,c277244b-0551-44a5-9c22-1e8819251be7,2024-11-10 00:14:29.772000,v1.10 - Skipits - New Users,Control
NL,2024-10-28T16:01:25.000Z,0.0056399390697479245,2,11,0,0,,Apple,iPhone15,2024-11-16 20:49:48.492000,ios,0.010554884195327758,0.004914945125579833,1,8dc0c0f6-ddda-49d8-9788-5f0023cf5e93,471,64,d2e9993e-c0a9-4929-a56f-3dbbb76b832a,2024-11-09 10:00:21.033000,v1.10 - Skipits - Existing Users,Skipits - High Prices
US,2024-11-14T18:13:46.000Z,,0,5,0,0,,Apple,iPhone12,2024-11-16 20:50:34.118000,ios,0.02901049613952637,0.02901049613952637,2,4a9f94e9-28dc-4b0d-aa31-8f9ba5f7533e,474,26,33720af1-c191-41b9-b2d0-4eaf9cc1d98a,2024-11-14 18:13:53.789000,v1.10 - Skipits - New Users,Control
US,2024-10-22T05:21:14.000Z,,0,9,0,0,,Apple,iPhone15,2024-11-16 20:51:55.429000,ios,0.4944334106445313,0.4944334106445313,1,1d0c27d4-3216-488a-9ef4-78c185e14188,1782,22,7eb4f984-beb8-46d8-9936-34c5cf926790,2024-11-09 22:53:55.433000,v1.10 - Skipits - Existing Users,Skipits - High Prices
JP,2024-11-14T23:32:17.000Z,0.019492668115511213,9,30,0,0,,Apple,iPhone11,2024-11-16 20:55:03.883000,ios,0.03439193611551122,0.014899268,5,0d99ee84-efb2-4078-bc26-4569a5c359c6,1539,29,3ba86918-17c8-44a6-9443-fc951e0a1caf,2024-11-14 23:32:25.019000,v1.10 - Skipits - New Users,Skipits - High Prices
US,2024-10-09T02:58:24.000Z,0.10699976704761904,2,16,0,0,com.android.vending,samsung,SM-S911U,2024-11-16 20:57:12.307000,android,0.10699976704761904,,0,c6fba2f7-5352-47f2-827b-fe861bb34be4,600,52,7a00b043-a4f5-4d3a-ae59-ef2c8d469710,2024-11-09 23:07:18.748000,v1.10 - Skipits - Existing Users,Skipits - High Prices
JP,2024-10-20T18:18:17.000Z,,0,0,0,0,com.android.vending,Sony,901SO,2024-11-16 20:57:40.966000,android,0,,0,0a83a013-72b1-4a58-86ae-031b247f07e3,62,109,696af131-e334-4073-8037-09cb6db59209,2024-11-10 21:31:21.594000,v1.10 - Skipits - Existing Users,Control
ES,2024-11-05T09:49:11.000Z,0.014106359464263918,5,29,0,0,com.android.vending,realme,RMX3853,2024-11-16 21:01:11.065000,android,0.014106359464263918,,0,bd2609ca-84fd-454d-9c24-b05858d8624c,1250,24,5685a74d-34e7-4481-ba71-9073b5fbf476,2024-11-09 18:35:38.485000,v1.10 - Skipits - Existing Users,Skipits - Middle Prices
TR,2024-11-15T22:19:03.000Z,0.007599935718459448,5,38,0,0,,Apple,iPhone11,2024-11-16 21:02:21.706000,ios,0.013526916247972125,0.0059269805295126795,3,24ec1daa-8d35-4db9-a573-a0685a895055,1606,16,78d898d6-f402-40d9-a2df-df820abefdb4,2024-11-15 22:19:09.680000,v1.10 - Skipits - New Users,Skipits - Middle Prices
ES,2024-09-24T22:30:13.000Z,0.03010260836426108,15,48,0,0,,Apple,iPhone15,2024-11-16 21:02:42.613000,ios,0.03881390644069235,0.008711298076431276,3,54c5012f-311a-4871-9b10-3071f9204b59,3234,320,296ed036-551a-4328-8001-290a5e8be3f5,2024-11-10 21:51:41.686000,v1.10 - Skipits - Existing Users,Control
CA,2024-11-05T00:13:38.000Z,,0,3,0,0,com.android.vending,samsung,SM-S908W,2024-11-16 21:04:03.779000,android,0,,0,de1306cd-12d7-4a1c-b86c-4a2d159344a0,157,27,f7f31c20-bdbb-47d2-84b7-1a2c95a1b3ef,2024-11-10 23:56:10.920000,v1.10 - Skipits - Existing Users,Skipits - High Prices
LY,2024-11-15T01:59:50.000Z,0.0002,1,21,0,0,com.android.vending,TECNO,TECNO KI7,2024-11-16 21:04:15.972000,android,0.0043813275538847115,0.004181327553884712,4,752fe5d9-c24b-477e-84ec-a39a435acc85,1075,17,024628d4-177e-44f5-aa77-9f4fa7967b54,2024-11-15 14:32:38.004000,v1.10 - Skipits - Existing Users,Control
CO,2024-09-13T14:46:58.000Z,,0,2,0,0,com.android.vending,vivo,V2109,2024-11-16 21:04:25.164000,android,0,,0,0e2b4194-5538-48fd-94cd-e871d6ff4035,53,122,a2ab04eb-78ed-4e86-9583-9a3b9ba97dff,2024-11-11 13:53:32.006000,v1.10 - Skipits - Existing Users,Skipits - Middle Prices
US,2024-10-23T19:51:53.000Z,0.01734386825561523,1,8,0,0,,Apple,iPhone15Pro,2024-11-16 21:11:13.133000,ios,0.01734386825561523,,0,52c72f21-2bcd-4079-8e2d-ff862b4c5618,404,40,98e2514b-5ee6-4da8-b5b9-ab370a9b01e0,2024-11-14 18:52:49.322000,v1.10 - Skipits - Existing Users,Control
MX,2024-11-02T19:21:23.000Z,0.00519855,1,7,0,0,,Apple,iPhone13,2024-11-16 21:12:02.265000,ios,0.00977924,0.00458069,1,884fa90a-db38-45e1-811e-149c17d15cac,299,59,6730ff52-f869-48a5-8041-1003f035f7c9,2024-11-08 23:28:42.662000,v1.10 - Skipits - Existing Users,Skipits - High Prices
TR,2024-11-16T21:12:39.000Z,,0,0,0,0,com.android.vending,OMIX,X600,2024-11-16 21:12:49.778000,android,0,,0,0f12152a-8e8f-4f6f-ad34-bb0bf0c0ccc6,36,1,7ddd972d-e3a2-44dd-a689-ee884a9bb4c9,2024-11-16 21:12:49.778000,v1.10 - Skipits - New Users,Control
BR,2024-11-07T18:07:15.000Z,0.0033655914235115048,2,15,0,0,,Apple,iPhone15,2024-11-16 21:12:54.702000,ios,0.0033655914235115048,,0,26e7ef19-c5c9-4554-baf0-f0e9da4c69fa,602,41,4203fbea-206e-4ca9-8411-23d7b8344c54,2024-11-08 13:47:34.170000,v1.10 - Skipits - Existing Users,Skipits - High Prices
US,2024-07-23T16:34:28.000Z,0.08856981212672732,2,11,0,0,,Apple,iPhone14Plus,2024-11-16 21:13:00.019000,ios,0.14705768992336024,0.05848787779663291,1,b79f16bc-bc70-40f4-b778-b1245d02b810,726,382,c406a734-dfa6-4f06-abe5-2ce4544f1bb1,2024-11-11 20:03:37.304000,v1.10 - Skipits - Existing Users,Control
BR,2024-11-10T21:54:09.000Z,0.008080080734090478,10,60,0,0,com.android.vending,samsung,SM-S918B,2024-11-16 21:13:51.074000,android,0.015681836781709528,0.007601756047619047,5,51a54a0c-ed57-4506-bfce-21c6779ce25f,3106,12,fe339f7a-22f2-423e-a8f0-f600890489bf,2024-11-10 21:54:17.722000,v1.10 - Skipits - New Users,Skipits - Middle Prices
US,2024-10-13T17:22:40.000Z,0.00391249,3,8,0,0,,Apple,iPhone15Pro,2024-11-16 21:16:51.339000,ios,0.00611249,0.0022,1,e755db7b-32b2-4919-824f-7db741cfcd13,451,92,f7eb6bdd-b78e-46c1-926b-28de08074027,2024-11-09 16:49:00.950000,v1.10 - Skipits - Existing Users,Control
NL,2024-11-16T21:17:07.000Z,0.02129873698351233,2,44,0,0,,Apple,iPhone11,2024-11-16 21:17:14.040000,ios,0.03137873698351233,0.01008,1,686dad45-bea6-438f-8a75-94db88f803d3,1532,1,e65a0456-699d-4e8c-a6d0-0f6c58441e17,2024-11-16 21:17:14.040000,v1.10 - Skipits - New Users,Control
US,2024-10-17T03:32:01.000Z,,0,30,0,0,,Apple,iPhone11Pro,2024-11-16 21:17:17.254000,ios,0.7068165294726563,0.7068165294726563,5,a5fa91ed-61bf-42c8-97a8-d2090b1c66de,1565,38,44270867-252a-4e3a-b708-2355346fa656,2024-11-09 01:35:00.251000,v1.10 - Skipits - Existing Users,Skipits - Middle Prices
FR,2024-09-10T16:15:50.000Z,,0,15,0,0,com.android.vending,samsung,SM-A156B,2024-11-16 21:18:54.056000,android,0,,0,f4cc0cf4-eaf4-4c9f-9c03-e2dc871e96be,2115,28,3bc5c313-1700-469b-9ffd-4b087cd7f748,2024-11-09 21:57:26.625000,v1.10 - Skipits - Existing Users,Skipits - High Prices
GB,2024-09-20T07:54:52.000Z,0.028,3,20,0,0,com.android.vending,samsung,SM-G973F,2024-11-16 21:22:20.062000,android,0.070106493,0.042106493,6,5c71f926-a903-4c58-b649-75acef8e519f,1107,78,cb3009e7-b2b8-48ea-a337-4b314b910ff6,2024-11-15 09:21:00.508000,v1.10 - Skipits - Existing Users,Skipits - Middle Prices
US,2024-09-22T17:01:56.000Z,0.012531929555969237,1,16,0,0,,Apple,iPhone14Pro,2024-11-16 21:26:24.742000,ios,0.03663431321496873,0.024102383658999492,2,5498e57b-a919-48f3-ad61-f77a3c1fc9cb,816,95,12708bcc-b179-4aa5-8263-4cc48c3a0998,2024-11-15 17:58:05.245000,v1.10 - Skipits - Existing Users,Control
US,2024-11-12T05:03:35.000Z,0.02428455285714286,1,8,0,0,,Apple,iPhone14,2024-11-16 21:26:24.879000,ios,0.02428455285714286,,0,238982bd-861e-4840-83a8-beffcda887ae,349,29,c937285c-44d2-4367-9bea-35f152ebbfe7,2024-11-12 05:03:42.032000,v1.10 - Skipits - New Users,Skipits - High Prices
DE,2024-11-10T11:01:56.000Z,0.003810453886985779,3,15,0,0,com.android.vending,samsung,SM-A146P,2024-11-16 21:27:04.636000,android,0.003810453886985779,,0,bc73cd57-d1d9-4297-8583-d0cfcb64f882,733,40,a1c44394-e617-48d4-80a0-1d1fd38e9ec3,2024-11-10 11:02:03.088000,v1.10 - Skipits - New Users,Skipits - Middle Prices
UA,2024-07-17T09:02:59.000Z,,0,5,0,0,com.android.vending,samsung,SM-A325F,2024-11-16 21:27:13.162000,android,0,,0,bca60241-5cc4-4ef1-8e6f-81946b026a2c,212,11,8cd97962-ca22-4ecd-bc3e-ec6161ee1c35,2024-11-16 21:23:11.413000,v1.10 - Skipits - Existing Users,Skipits - Middle Prices
PE,2024-11-15T15:25:48.000Z,0.0006841855986913045,1,5,0,0,com.android.vending,Xiaomi,23100RN82L,2024-11-16 21:28:32.259000,android,0.0006841855986913045,,0,1d02c84a-7cb8-4ca1-982e-aba9079fc7fa,280,6,54980771-1c58-4e9d-a129-54ccd652f40d,2024-11-15 15:25:57.592000,v1.10 - Skipits - New Users,Skipits - Middle Prices
IT,2024-10-28T17:45:29.000Z,,0,0,0,0,com.android.vending,OPPO,CPH2219,2024-11-16 21:29:30.803000,android,0,,0,d488c1e8-c592-4088-a263-0e4c511ec742,66,91,5dc86032-8014-40b1-9957-6a68e4a89db2,2024-11-12 18:18:57.342000,v1.10 - Skipits - Existing Users,Skipits - High Prices
FR,2024-11-13T10:11:07.000Z,,0,16,0,0,com.android.vending,samsung,SM-S918B,2024-11-16 21:29:33.569000,android,0,,0,43041e0e-e6a5-4358-810b-d4d6d79a1d53,870,16,84d05e4d-e3e6-4261-b530-2691adc056dd,2024-11-13 10:11:12.724000,v1.10 - Skipits - New Users,Skipits - High Prices
BR,2024-11-16T19:43:18.000Z,0.0027276190476190477,1,32,0,0,com.android.vending,samsung,SM-A146M,2024-11-16 21:34:16.950000,android,0.11021261403245272,0.10748499498483367,14,25995ec2-77f6-4011-8c83-1b0deee349fb,1864,12,f223b9dd-5703-4111-bfec-ee98a7f2d97d,2024-11-16 19:43:31.655000,v1.10 - Skipits - New Users,Skipits - Middle Prices
US,2024-11-16T21:37:26.000Z,,0,19,0,0,,Apple,iPhone14ProMax,2024-11-16 21:37:35.057000,ios,0,,0,f2fb71ea-cde6-4ed7-9b56-5f6558a4e46c,500,1,2a251e16-d875-48f8-bcac-d4993cf5e52f,2024-11-16 21:37:35.057000,v1.10 - Skipits - New Users,Control
JP,2024-11-10T00:14:21.000Z,0.0036294731356,3,16,0,0,com.android.vending,Alldocube,iPlay60_mini_Pro,2024-11-16 21:37:41.851000,android,0.007121979224096617,0.0034925060884966165,3,38e8429f-2864-4e8f-a529-aeb9b3ef061b,1060,25,c277244b-0551-44a5-9c22-1e8819251be7,2024-11-10 00:14:29.772000,v1.10 - Skipits - New Users,Control
IE,2024-10-14T11:20:48.000Z,,1,3,0,0,,Apple,iPhone14,2024-11-16 21:38:38.597000,ios,0.014226393699645994,0.014226393699645994,3,c0b1f38c-5914-4446-b2a6-9031c30aecc7,222,215,75d15df3-d61c-4ac0-abc7-9de75f84de5a,2024-11-09 19:36:08.172000,v1.10 - Skipits - Existing Users,Skipits - Middle Prices
GB,2024-08-19T23:52:45.000Z,0.0271107765563,11,32,0,0,com.android.vending,samsung,SM-S918B,2024-11-16 21:40:39.768000,android,0.0271107765563,,1,15352978-f75f-4a87-878f-ac3c9b5cce6c,3119,133,8032d968-9acf-4a7e-8b36-f2f1b61999d1,2024-11-08 23:48:48.595000,v1.10 - Skipits - Existing Users,Skipits - High Prices
US,2024-11-16T21:41:35.000Z,,0,24,0,0,com.android.vending,motorola,moto g stylus (2022),2024-11-16 21:41:44.627000,android,0,,0,3361451c-c155-41bc-b2c3-82e76970b12a,812,1,531e2392-210e-4893-9345-b3d1082b21e3,2024-11-16 21:41:44.627000,v1.10 - Skipits - New Users,Skipits - Middle Prices
GB,2024-10-19T06:51:45.000Z,,0,1,0,0,,Apple,iPadAir4Gen,2024-11-16 21:42:35.045000,ios,0,,0,84127bb8-ebe4-47f2-90b0-82f07d4d89ff,37,5,ee385ef6-f6b8-40c4-b6e9-e6bf8934cbb3,2024-11-16 21:42:35.045000,v1.10 - Skipits - Existing Users,Control
DO,2024-11-15T03:31:51.000Z,0.014870681809523808,4,15,0,0,com.android.vending,Xiaomi,2210132C,2024-11-16 21:43:21.710000,android,0.04870154563305323,0.033830863823529414,3,d1c50d33-bfec-479f-8a4f-21db643723f0,689,8,88ba8e0e-610b-479c-9ec4-db2a7701f91b,2024-11-15 03:31:58.350000,v1.10 - Skipits - New Users,Control
US,2024-09-14T17:31:38.000Z,,0,1,0,0,,Apple,iPhone12ProMax,2024-11-16 21:43:32.247000,ios,0.1997901736450195,0.1997901736450195,1,c5d17c06-9d8c-4f24-9d95-bfad3f1e1faf,146,378,641d65e5-c61c-4f46-89d9-9b7ca75703d9,2024-11-09 18:09:03.376000,v1.10 - Skipits - Existing Users,Skipits - Middle Prices
DE,2024-10-24T12:01:06.000Z,0.0073678150714011435,3,33,0,0,,Apple,iPhone12,2024-11-16 21:44:11.285000,ios,0.0388552001059623,0.03148738503456116,7,afaf4639-ad8a-44e3-9a9e-489caa778409,1588,91,9895f723-e23a-43d1-b916-581094b9789c,2024-11-09 10:22:36.865000,v1.10 - Skipits - Existing Users,Skipits - High Prices
US,2024-11-16T01:48:46.000Z,,0,1,0,0,,Apple,iPhone11,2024-11-16 21:45:47.907000,ios,0,,0,74f7875c-bcb5-4f81-a3bd-ea8e13f2785a,62,5,126c8a51-4c12-4878-be7d-8a668c823f78,2024-11-16 01:55:13.897000,v1.10 - Skipits - Existing Users,Skipits - High Prices
CA,2024-11-13T21:40:18.000Z,,0,269,0,0,com.android.vending,Google,Pixel 8 Pro,2024-11-16 21:46:24.255000,android,4.250062703940319,4.250062703940319,19,7f260775-a5cc-4400-8bd4-c2e80f26ece8,10320,24,f32caa22-501d-4b36-a4a8-0b3f824e7d28,2024-11-13 21:40:25.408000,v1.10 - Skipits - New Users,Control
JP,2024-11-02T22:25:14.000Z,0.012546151675835835,5,41,0,0,,Apple,iPhoneSE2Gen,2024-11-16 21:47:52.084000,ios,0.061415890723325546,0.04886973904748971,17,8b9b6e4f-e0e1-4953-a629-c4ae7681f685,2934,66,7d83e7f0-eb83-41d1-8d19-993fe203d809,2024-11-09 20:29:53.130000,v1.10 - Skipits - Existing Users,Skipits - Middle Prices
FR,2024-10-20T11:28:43.000Z,,0,25,0,0,,Apple,"iPhone17,2",2024-11-16 21:48:05.934000,ios,0,,0,52d8e915-6afa-4f50-85d2-59a273192924,832,219,25f94e2b-fd8b-4acf-9f77-bbf840b2c630,2024-11-09 05:51:07.335000,v1.10 - Skipits - Existing Users,Skipits - Middle Prices
BR,2024-11-08T02:55:11.000Z,0.03242761595971244,10,68,0,0,,Apple,iPhone11,2024-11-16 21:50:03.858000,ios,0.04528761595971244,0.01286,1,1f88b561-75cd-4e8f-a977-eaa66101e67a,2635,26,c689b1d6-7325-4d39-8d95-f5d239834a9e,2024-11-08 02:55:18.851000,v1.10 - Skipits - New Users,Control
US,2024-10-31T19:04:38.000Z,0.01628001553353882,3,9,0,0,,Apple,iPhone15ProMax,2024-11-16 21:50:13.305000,ios,0.03249324598574356,0.016213230452204734,3,b74e350b-5929-49f3-9b58-9731320d384a,982,101,48f92dee-9d19-4a94-9ec6-3cdb73e76f9a,2024-11-08 12:19:06.600000,v1.10 - Skipits - Existing Users,Skipits - High Prices
MK,2024-11-11T01:16:41.000Z,0.0024251420474456606,4,10,0,0,,Apple,iPhone13ProMax,2024-11-16 21:50:53.245000,ios,0.006853161224804108,0.0044280191773584466,6,fa9102c7-6f7a-47f9-a632-e4021e3df77e,889,52,ee4c21af-97dc-4452-b09e-1a67de2b2101,2024-11-11 01:16:47.461000,v1.10 - Skipits - New Users,Control
EG,2024-10-05T03:35:57.000Z,0.00678325980670089,11,20,0,0,,Apple,iPhone12Pro,2024-11-16 21:53:14.185000,ios,0.010471127789447924,0.0036878679827470327,5,ffa1a4e4-93a4-43cc-85ae-c3960efd4584,1391,114,6e3e6723-1826-47e0-94d9-e5e08131a1d0,2024-11-09 21:36:02.260000,v1.10 - Skipits - Existing Users,Control
FR,2024-10-13T12:08:21.000Z,,0,3,0,0,,Apple,iPhone14Pro,2024-11-16 21:53:17.549000,ios,0,,0,cfffbf29-89cf-4ff4-9d7f-33deb6c67342,255,193,ed834c05-fe53-4cf6-b2ac-0d055794e453,2024-11-10 22:59:25.997000,v1.10 - Skipits - Existing Users,Skipits - Middle Prices
US,2024-11-08T19:29:18.000Z,,0,0,0,0,,Apple,iPhone12,2024-11-16 21:54:57.824000,ios,0,,0,f849fbe9-f8c2-4699-a623-a5d8abc961ba,0,26,f3292a04-4f34-49c0-8799-2ca3287331a2,2024-11-08 19:29:25.124000,v1.10 - Skipits - New Users,Control
FR,2024-11-06T15:15:30.000Z,,0,93,0,0,com.android.vending,Xiaomi,Redmi Note 8 Pro,2024-11-16 21:57:27.011000,android,0,,0,10c6ed52-773c-47c0-b0ff-544761fd398b,5871,44,719ec5ce-c945-4975-acc7-2dd9b8fe0556,2024-11-09 08:50:13.944000,v1.10 - Skipits - Existing Users,Skipits - Middle Prices
PL,2024-11-15T08:50:50.000Z,,0,5,0,0,com.android.vending,samsung,SM-A356B,2024-11-16 21:58:01.819000,android,0,,0,e6a62f64-a60e-4138-95b4-ab49a81b945a,180,8,d47233ef-3ca4-4d75-85e9-debc5972c29d,2024-11-15 08:50:57.660000,v1.10 - Skipits - New Users,Control
US,2024-11-15T00:28:02.000Z,0.08525734373479049,3,24,0,0,,Apple,iPhone11,2024-11-16 21:58:01.824000,ios,0.08525734373479049,,0,b4794a91-2782-4315-9801-41afd07a79e7,1020,8,87b1a1fa-f491-421a-9078-17fcbb134abe,2024-11-15 00:28:09.099000,v1.10 - Skipits - New Users,Control
DE,2024-05-25T19:17:39.000Z,0.03671972969055176,4,17,0,0,com.android.vending,samsung,SM-A546B,2024-11-16 21:59:43.288000,android,0.08234326484680177,0.04562353515625,1,1e7b0fba-3427-45a7-9c79-071c4ab002f5,851,74,72f7c219-1df1-48b2-bc07-de32e68fd994,2024-11-11 19:27:24.763000,v1.10 - Skipits - Existing Users,Control
BR,2024-10-28T11:56:53.000Z,0.009989727,4,12,0,0,com.android.vending,samsung,SM-G996B,2024-11-16 22:00:06.659000,android,0.009989727,,0,d6031c89-6994-4ca2-89ff-33e7a296088e,636,100,d9f705be-4910-44db-89a4-4d1a1a807849,2024-11-08 18:59:07.218000,v1.10 - Skipits - Existing Users,Skipits - High Prices
US,2024-11-13T21:01:02.000Z,0.00007393119312468029,1,17,0,0,com.android.vending,INFINIX,Infinix X6833B,2024-11-16 22:03:41.463000,android,0.0017880749453952438,0.0017141437522705636,3,f4242eca-7c8b-4fcd-8e5b-69d332e087e4,634,18,2249172b-1469-43d0-badb-5be75464c42f,2024-11-13 21:01:08.654000,v1.10 - Skipits - Existing Users,Skipits - High Prices
DE,2024-11-16T22:06:13.000Z,,0,7,0,0,,Apple,iPhone14Pro,2024-11-16 22:06:19.962000,ios,0,,0,14cb58d8-ebac-430d-a97d-fe8666455f4f,185,1,d27a3a3d-54c6-4289-8952-113a241483b1,2024-11-16 22:06:19.962000,v1.10 - Skipits - New Users,Control
TR,2024-10-20T12:20:23.000Z,0.003706666666666666,1,10,0,0,,Apple,iPhone11,2024-11-16 22:06:20.815000,ios,0.003706666666666666,,0,99569236-2bf7-45c9-b4cf-6110f686bb5d,329,114,d64b9bda-d44a-4208-b936-42a3c33eada7,2024-11-12 17:12:12.036000,v1.10 - Skipits - Existing Users,Skipits - Middle Prices
FR,2024-10-28T11:45:10.000Z,0.06625616585714285,6,31,0,0,com.android.vending,samsung,SM-A526B,2024-11-16 22:07:58.430000,android,0.27564632793783134,0.20939016208068847,7,fe83ad95-b7c7-46a3-a6cb-3fa1d4bf0213,2686,24,81a4fcac-2053-48b2-8586-04e1dfd02e55,2024-11-16 22:07:58.430000,v1.10 - Skipits - Existing Users,Skipits - High Prices
US,2024-10-20T03:40:50.000Z,0.07664188133557048,6,40,0,0,com.android.vending,samsung,SM-G781U,2024-11-16 22:09:35.408000,android,0.09643953933557048,0.019797658,1,6453c142-b43d-46df-90e0-abeb4596c602,1557,57,5abc8034-b9e9-49fc-bbfc-670809173c2f,2024-11-08 21:36:17.921000,v1.10 - Skipits - Existing Users,Skipits - Middle Prices
US,2024-11-11T01:24:58.000Z,,0,16,0,0,,Apple,"iPhone17,2",2024-11-16 22:10:28.548000,ios,0,,0,051a459a-7777-45af-b84b-1cfb72f90afb,568,43,78be54a8-953b-4c3b-a4c6-a76455e65538,2024-11-11 01:25:05.228000,v1.10 - Skipits - New Users,Skipits - High Prices
PL,2024-10-14T09:35:09.000Z,0.003912795,4,30,0,0,com.android.vending,samsung,SM-G781B,2024-11-16 22:10:30.741000,android,0.014684344,0.010771548999999998,3,533e79db-7def-4c93-9695-f29ba7e76bda,1351,68,d02ca273-3386-4315-b067-c04e22aa05c1,2024-11-10 21:26:29.500000,v1.10 - Skipits - Existing Users,Skipits - Middle Prices
US,2024-11-12T23:06:49.000Z,,0,0,0,0,,Apple,iPhone13,2024-11-16 22:11:50.988000,ios,0,,0,7f8f814f-8258-4256-af6f-fa3cfb712a47,30,48,06a10d87-e649-4bd1-8488-c3022e06ddaf,2024-11-12 23:06:55.662000,v1.10 - Skipits - New Users,Control
RS,2024-11-16T16:26:28.000Z,0.0065512576420000005,1,27,0,0,com.android.vending,Xiaomi,2312DRA50G,2024-11-16 22:14:50.448000,android,0.17743838261074998,0.17088712496875,5,d37acada-4923-4e6d-bdb9-5799bfc9f9e7,1199,3,9c525a9c-51aa-4927-a9b6-4c60b7263e8b,2024-11-16 16:26:35.980000,v1.10 - Skipits - New Users,Control
US,2024-11-16T22:14:52.000Z,,0,17,0,0,com.android.vending,Google,Pixel 8 Pro,2024-11-16 22:15:01.551000,android,0.06196365,0.06196365,0,fc6fb1fe-2dd2-42de-b8b3-e2f084b47cab,475,1,5a4a5729-346e-4dd5-8175-39053bbec1ff,2024-11-16 22:15:01.551000,v1.10 - Skipits - New Users,Skipits - High Prices
EG,2024-11-04T12:19:37.000Z,0.0003795,2,9,0,0,com.android.vending,realme,RMX3710,2024-11-16 22:16:30.322000,android,0.0003795,,0,2e1a0213-e5b8-4211-86f5-c2f41c83bd02,47,64,6a770f2f-4e88-4fab-ab6e-d900988b27da,2024-11-14 22:00:32.524000,v1.10 - Skipits - Existing Users,Control
JP,2024-09-10T10:40:41.000Z,0.007306090170566666,2,2,0,0,com.android.vending,samsung,SCG13,2024-11-16 22:18:30.993000,android,0.010366758456466667,0.0030606682859,1,3906a2be-16a0-46dc-b643-1468be05b920,658,220,8bf5c00a-48e1-414b-98f8-cd863d46b7ba,2024-11-09 11:00:25.248000,v1.10 - Skipits - Existing Users,Skipits - Middle Prices
MK,2024-10-30T00:44:22.000Z,,0,32,0,0,com.android.vending,Xiaomi,M2102J20SG,2024-11-16 22:19:09.696000,android,0.00632685080235672,0.00632685080235672,7,e0466a3c-6caf-4425-8d98-c480764d3d02,1344,126,dd8fa8d0-063c-4d74-b1eb-d2e91aa0c98e,2024-11-09 12:49:59.885000,v1.10 - Skipits - Existing Users,Control
US,2024-11-09T15:28:15.000Z,,0,0,0,0,,Apple,iPhone12ProMax,2024-11-16 22:19:55.199000,ios,0.016247948434012276,0.016247948434012276,2,847c53bd-246d-45b5-8b30-d0fd00258023,153,36,21f790e1-77f7-4d01-b149-35f105702cb2,2024-11-09 15:28:23.994000,v1.10 - Skipits - New Users,Skipits - Middle Prices
US,2024-10-29T13:14:35.000Z,,0,0,0,0,,Apple,iPhone14Plus,2024-11-16 22:20:18.359000,ios,0,,0,6aec6f7e-e955-4e7d-afd4-0a77ee90e1c6,0,27,c23b74b8-2950-4e7e-94eb-0cec6fc75189,2024-11-12 04:57:11.710000,v1.10 - Skipits - Existing Users,Skipits - Middle Prices
JP,2024-10-29T22:33:40.000Z,0.019976286686190742,6,56,0,0,,Apple,iPhone15ProMax,2024-11-16 22:20:42.616000,ios,0.08245334091889166,0.062477054232700904,9,1d4774ff-6dc6-48da-b0ea-97b2109f6651,3032,28,15c844f1-4494-4083-9d31-bb85002cbe6b,2024-11-11 08:19:16.516000,v1.10 - Skipits - Existing Users,Control
US,2024-11-07T09:55:59.000Z,0.00906,1,15,0,0,com.android.vending,samsung,SM-S918U,2024-11-16 22:22:04.230000,android,0.2203043315281439,0.2112443315281439,7,3b3f5c22-6cce-41fb-93de-2af414660649,964,58,fcc9d252-fad8-4f0b-a182-ae9f8d5db27c,2024-11-10 12:15:08.675000,v1.10 - Skipits - Existing Users,Skipits - High Prices
US,2024-11-09T15:38:44.000Z,,0,4,0,0,,Apple,iPhone15ProMax,2024-11-16 22:24:00.818000,ios,0,,0,bf84aef8-e66d-4f39-8023-25bf0f4141ba,238,30,6046ff23-c3dd-456e-bc1f-509449e6f2d0,2024-11-09 15:38:51.425000,v1.10 - Skipits - New Users,Skipits - High Prices
US,2024-11-13T08:21:58.000Z,0.09263041734362795,15,88,0,0,,Apple,iPhone12Mini,2024-11-16 22:24:50.213000,ios,0.09263041734362795,,0,e005d882-7e8e-4ce6-9791-24cd4909d1e7,3436,22,96664de8-7ac3-450d-9eef-dc6412be022d,2024-11-13 08:22:05.924000,v1.10 - Skipits - New Users,Control
US,2024-10-18T13:56:07.000Z,0.07207586215896117,18,114,0,0,com.android.vending,samsung,SM-N986U1,2024-11-16 22:25:09.133000,android,0.17361245416409593,0.10153659200513476,24,5b677d2d-c9ab-4102-bbb8-150aa7405347,5669,102,b1af18a4-0deb-40d8-8f57-75717631af35,2024-11-10 13:52:44.630000,v1.10 - Skipits - Existing Users,Skipits - High Prices
US,2024-11-11T02:12:28.000Z,0.048099895973876955,4,11,0,0,,Apple,iPhone13ProMax,2024-11-16 22:26:01.807000,ios,0.08315221073217777,0.0350523147583008,1,53433898-50ed-440a-b767-ecb5accc95af,808,7,e3e59e84-8a66-4d85-b1d4-71814758ca6b,2024-11-11 02:12:35.104000,v1.10 - Skipits - New Users,Control
US,2024-10-30T20:32:43.000Z,,0,4,0,0,,Apple,iPhone13,2024-11-16 22:26:33.081000,ios,0,,0,2c8b0729-0791-4d7f-9265-3c27e5355fbb,80,84,edb15ddb-4f11-40fe-aa47-ff4d0a5fa338,2024-11-09 19:51:18.808000,v1.10 - Skipits - Existing Users,Control
BE,2024-11-10T16:39:12.000Z,,0,5,0,0,com.android.vending,Xiaomi,22081212UG,2024-11-16 22:27:57.432000,android,0,,0,7bb8bc59-8154-42c6-ae8a-e05098992206,120,24,988da035-4ed6-463c-ba76-ed2b54eb71cc,2024-11-10 16:39:18.393000,v1.10 - Skipits - New Users,Control
JP,2024-11-03T14:06:51.000Z,,0,19,0,0,com.android.vending,Google,Pixel 7,2024-11-16 22:29:13.777000,android,0.1640156537903622,0.1640156537903622,2,0aa333d1-bb62-4bf2-9a4f-0ef14bb24957,1030,20,ce462582-6deb-4c7b-8eb5-b1af4bbce1da,2024-11-13 13:04:49.048000,v1.10 - Skipits - Existing Users,Skipits - High Prices
GE,2024-11-09T21:20:12.000Z,0.008673989904761904,4,27,0,0,com.android.vending,Google,Pixel 3,2024-11-16 22:30:40.428000,android,0.036347622679937554,0.027673632775175643,4,e093621c-3c04-4665-bf19-c100c51eac94,2131,8,641dc271-ca2f-4dd0-a99b-19133691cdf3,2024-11-09 21:20:20.751000,v1.10 - Skipits - New Users,Skipits - Middle Prices
US,2024-10-27T05:30:10.000Z,,0,4,0,0,com.android.vending,Xiaomi,23053RN02A,2024-11-16 22:32:15.192000,android,0.008295823420418751,0.008295823420418751,2,fbc4f5dc-4b7a-4e86-8c89-be915fdf65af,340,46,91800b23-b0fd-40a7-8f8e-1af9e44881c0,2024-11-16 15:33:59.204000,v1.10 - Skipits - Existing Users,Skipits - Middle Prices
JP,2024-05-25T00:43:10.000Z,0.13472330119921266,17,106,0,0,com.android.vending,OPPO,CPH2523,2024-11-16 22:33:08.737000,android,0.9259226410801771,0.7911993398809644,37,c92472b9-d245-452b-a7a0-599de39ce096,7534,46,da9d6186-703e-4f49-bc9d-2caf66555bb5,2024-11-14 12:25:43.711000,v1.10 - Skipits - Existing Users,Control
US,2024-11-03T22:08:53.000Z,,0,5,0,0,com.android.vending,samsung,SM-S928U,2024-11-16 22:33:46.310000,android,0,,0,5b12644d-75e7-4695-9d54-5f6f2e8ebc4b,528,26,045535fb-38f6-4732-9074-974f7166756b,2024-11-10 06:04:47.245000,v1.10 - Skipits - Existing Users,Control
US,2024-11-02T07:20:39.000Z,0.5346238543765885,6,31,0,0,,Apple,iPhone12,2024-11-16 22:34:03.403000,ios,1.2968885672061785,0.7622647128295899,8,6fe736cc-0eea-40dd-9b36-a51936da6383,2960,46,dfeafe4d-3fa7-4d53-95c9-368c63c138a2,2024-11-10 17:56:37.984000,v1.10 - Skipits - Existing Users,Skipits - Middle Prices
US,2024-11-09T15:38:44.000Z,,0,1,0,0,,Apple,iPhone15ProMax,2024-11-16 22:35:21.798000,ios,0,,0,a0a09034-48cb-4bcf-ab22-bd35a8f31e26,24,31,6046ff23-c3dd-456e-bc1f-509449e6f2d0,2024-11-09 15:38:51.425000,v1.10 - Skipits - New Users,Skipits - High Prices
IQ,2024-10-29T14:52:40.000Z,0.001212207,1,12,0,0,,Apple,iPhone13ProMax,2024-11-16 22:35:43.963000,ios,0.001212207,,0,1287a6c3-5e0f-4523-b78d-cd81076075c4,381,11,907d85c3-51ee-4289-986f-d3b6ad784a7a,2024-11-16 11:21:36.542000,v1.10 - Skipits - Existing Users,Skipits - Middle Prices
US,2024-11-16T22:37:40.000Z,,0,9,0,0,com.android.vending,Google,Pixel 7,2024-11-16 22:37:44.318000,android,0,,0,5d588575-da95-43e0-a977-4548cf901e97,247,1,5b186ae6-f4fc-4413-846f-0ea7727567b3,2024-11-16 22:37:44.318000,v1.10 - Skipits - New Users,Skipits - Middle Prices
TW,2024-11-09T09:20:37.000Z,,0,0,0,0,,Apple,iPhone13Pro,2024-11-16 22:40:28.576000,ios,0,,0,889f7f3c-7907-40a4-92b5-e4de8b4bd20e,1,9,ba76d067-64a6-40c9-9719-396faca40c4e,2024-11-10 17:46:08.811000,v1.10 - Skipits - Existing Users,Skipits - Middle Prices
MK,2024-10-30T00:44:22.000Z,,0,16,0,0,com.android.vending,Xiaomi,M2102J20SG,2024-11-16 22:41:47.421000,android,0,,0,f84ee3e9-f09d-4233-a9fb-ab8db8688ced,450,127,dd8fa8d0-063c-4d74-b1eb-d2e91aa0c98e,2024-11-09 12:49:59.885000,v1.10 - Skipits - Existing Users,Control
FR,2024-09-10T16:15:50.000Z,,0,9,0,0,com.android.vending,samsung,SM-A156B,2024-11-16 22:44:09.592000,android,0,,0,915d6a22-8ef8-46d0-882c-bbcb85477add,570,30,3bc5c313-1700-469b-9ffd-4b087cd7f748,2024-11-09 21:57:26.625000,v1.10 - Skipits - Existing Users,Skipits - High Prices
NO,2024-11-10T19:40:30.000Z,0.005052791399047488,3,5,0,0,,Apple,iPhone15ProMax,2024-11-16 22:45:05.276000,ios,0.005052791399047488,,0,11e394ac-8645-4a49-8982-7f0f062c66aa,206,16,507c147e-5b50-474a-9c0b-bfb1db8e79c3,2024-11-10 19:40:37.148000,v1.10 - Skipits - New Users,Skipits - High Prices
IL,2024-11-15T19:13:16.000Z,0.05729122585328012,8,55,0,0,,Apple,iPhone12Pro,2024-11-16 22:45:12.334000,ios,0.10158045748359935,0.04428923163031924,4,7d5a87a7-31cc-4d02-9628-5870c2bcb4a6,2650,9,5247bea3-a51f-41e6-bb2b-6c4d213d9867,2024-11-15 19:13:22.234000,v1.10 - Skipits - New Users,Skipits - High Prices
GB,2024-10-05T09:37:19.000Z,0.16427289256198346,5,3,0,0,,Apple,iPhone12,2024-11-16 22:47:39.238000,ios,0.16427289256198346,,0,ca34bf52-a4d9-470e-b214-11cabff92993,480,11,372546f4-a6f1-4c1a-af6a-e2de432d8feb,2024-11-15 23:45:06.543000,v1.10 - Skipits - Existing Users,Skipits - High Prices
DK,2024-11-06T09:53:56.000Z,0.007388240925216675,3,53,0,0,com.android.vending,OnePlus,CPH2409,2024-11-16 22:50:08.553000,android,0.12140756825847078,0.11401932733325412,26,fefb7fee-338b-4cdd-9f66-959a8b356985,3628,15,9e3aef74-e8b1-4806-b780-b11561d8d9be,2024-11-09 08:31:02.200000,v1.10 - Skipits - Existing Users,Skipits - High Prices
GB,2024-11-15T21:17:53.000Z,0.014967457193192982,5,15,0,0,,Apple,iPhone15Pro,2024-11-16 22:50:36.094000,ios,0.014967457193192982,,0,ec1d1954-9cf2-4b77-a650-38035c0235ac,855,28,9ed2753b-dc87-4d8a-abee-3839145b7e50,2024-11-15 21:18:00.210000,v1.10 - Skipits - New Users,Skipits - High Prices
US,2024-08-29T18:26:28.000Z,,0,38,0,0,,Apple,iPhone12ProMax,2024-11-16 22:51:08.346000,ios,0.09964846420288087,0.09964846420288087,3,4aab9a07-a880-4b10-a9ac-c63e6a271f4c,962,290,66fcf3df-e1d0-4947-a708-e9023e4d67fd,2024-11-08 16:41:53.350000,v1.10 - Skipits - Existing Users,Skipits - Middle Prices
MX,2024-10-18T15:54:00.000Z,0.016514529066359567,3,14,0,0,,Apple,iPhone13,2024-11-16 22:51:15.862000,ios,0.016514529066359567,,0,c7cf7043-cc23-4888-b1d2-2e81fbfb96d4,676,48,5814c1cb-c6de-4d93-9553-9f8d6ebe5ad2,2024-11-09 00:32:09.100000,v1.10 - Skipits - Existing Users,Control
MX,2024-10-25T03:30:05.000Z,0.0091007028565,9,61,0,0,com.android.vending,motorola,moto g(60),2024-11-16 22:54:22.783000,android,0.0091007028565,,0,e99ead68-bd89-4260-9d85-82dd096f5f78,2173,276,d92115b3-27c7-4f56-8e6c-0920d85b77f4,2024-11-10 03:10:14.289000,v1.10 - Skipits - Existing Users,Skipits - High Prices
CL,2024-11-15T16:40:05.000Z,0.00145,1,4,0,0,com.android.vending,samsung,SM-G975F,2024-11-16 22:54:43.729000,android,0.00145,,0,098ffd5b-0bba-4e6c-a5d1-ff1699f1a0bb,226,7,1d4dfc95-2479-4e09-9075-ec84a4ffd97d,2024-11-15 16:40:15.224000,v1.10 - Skipits - New Users,Skipits - High Prices
MX,2024-10-30T07:22:07.000Z,,0,5,0,0,com.android.vending,motorola,motorola edge 30 pro,2024-11-16 22:56:24.918000,android,0.44525081266666666,0.44525081266666666,3,78172a99-a7e9-40f1-a37a-e306a3b353ad,409,27,aa1b4e1e-0934-4de6-91f8-ace748d1a8ee,2024-11-08 10:03:45.866000,v1.10 - Skipits - Existing Users,Skipits - Middle Prices
JP,2024-09-21T03:23:20.000Z,,0,2,0,0,com.android.vending,OPPO,A401OP,2024-11-16 22:57:13.766000,android,0,,0,69f4c81f-1afe-4683-9131-2e5451730325,125,269,2184015a-3443-4a4b-bc8f-043efaeb60c9,2024-11-08 00:35:12.475000,v1.10 - Skipits - Existing Users,Skipits - High Prices
CL,2024-10-26T19:20:00.000Z,,0,5,0,0,com.android.vending,samsung,SM-S911B,2024-11-16 22:58:29.957000,android,0.005066845363938388,0.005066845363938388,1,e8423722-6a9d-43b1-8d50-8d16b73932d6,297,47,c318c6f1-b286-4538-98e7-9d48063508ad,2024-11-08 20:09:48.171000,v1.10 - Skipits - Existing Users,Control
RU,2024-10-22T21:39:37.000Z,0.003915094199310757,2,30,0,0,com.android.vending,Xiaomi,2311DRK48G,2024-11-16 22:59:08.495000,android,0.052001795480893176,0.04808670128158243,12,ca024b30-c928-4f33-8cea-6aee3aabffcc,1775,30,810c1d1d-9128-429a-9ec3-82d7c9f99d3d,2024-11-08 21:07:12.963000,v1.10 - Skipits - Existing Users,Skipits - Middle Prices
US,2024-11-11T12:41:37.000Z,0.014372029845001218,2,7,0,0,,Apple,iPhone14,2024-11-16 23:01:03.827000,ios,0.014372029845001218,,0,959a0969-f3ab-4251-817f-879dfe630ca4,3091,29,a24c2655-ff49-4c50-aef7-5e962a0e7189,2024-11-11 12:41:43.980000,v1.10 - Skipits - New Users,Control
US,2024-11-16T15:43:09.000Z,,0,0,0,0,,Apple,iPhone15,2024-11-16 23:01:07.966000,ios,0,,0,302a2942-d6fb-476f-a129-9852b0b4c568,0,4,fca7ad04-93e8-4348-a6ee-91ca96b1c98f,2024-11-16 15:43:16.291000,v1.10 - Skipits - New Users,Skipits - Middle Prices
DE,2024-09-12T09:12:04.000Z,,0,10,0,0,com.android.vending,samsung,SM-A515F,2024-11-16 23:01:45.923000,android,0.007907372,0.007907372,2,d8c8facf-1b53-4c61-b247-496b82e3bf6e,480,75,970b8295-c02f-4f6a-9e8b-57f8d1d321d7,2024-11-11 07:21:20.026000,v1.10 - Skipits - Existing Users,Skipits - High Prices
CA,2024-11-09T19:11:31.000Z,0.00673991346359253,0,1,0,0,,Apple,iPhone13,2024-11-16 23:02:11.529000,ios,0.00673991346359253,,0,5137d67d-6ed6-45cc-878f-bb8784dcf464,50,50,bff842c3-22fb-41b6-9b5b-14818f237339,2024-11-09 19:11:38.873000,v1.10 - Skipits - New Users,Skipits - High Prices
US,2024-10-21T18:25:13.000Z,0.01857,1,15,0,0,,Apple,iPhone15ProMax,2024-11-16 23:03:06.870000,ios,0.09498018226623535,0.07641018226623536,3,77c87fc0-6e54-4373-b66e-625d73a90d24,838,47,d86d4d5c-bd07-46ab-b330-8ee3483a01f0,2024-11-09 19:42:35.257000,v1.10 - Skipits - Existing Users,Skipits - High Prices
MX,2024-11-16T23:05:07.000Z,,0,14,0,0,com.android.vending,motorola,moto g(20),2024-11-16 23:05:15.871000,android,0,,0,a15d43de-bb8d-4401-aa2e-4e6618daaff3,373,1,16abd8da-2cdd-46a1-8b65-84f03844856b,2024-11-16 23:05:15.871000,v1.10 - Skipits - New Users,Skipits - High Prices
US,2024-10-11T08:36:43.000Z,0.2975471707339059,23,112,0,0,com.android.vending,samsung,SM-S901U,2024-11-16 23:05:45.144000,android,0.9474639013899633,0.6499167306560574,39,d396dc53-663f-46e1-814f-0c18d94ac244,7829,88,53027b8e-e3ad-43df-98f3-1ff4d3928dc2,2024-11-16 07:07:54.593000,v1.10 - Skipits - Existing Users,Skipits - Middle Prices
DE,2024-09-28T10:45:49.000Z,,0,104,0,0,com.android.vending,samsung,SM-S928B,2024-11-16 23:06:01.841000,android,0.8048745377723813,0.8048745377723813,19,6296ee75-21c2-436a-8401-a6121e6a2973,34670,68,f0254303-5092-4589-a4a5-45d99e5fb1e2,2024-11-09 12:01:59.106000,v1.10 - Skipits - Existing Users,Control
US,2024-07-06T03:25:11.000Z,0.018570494,3,15,0,0,,Apple,iPhoneSE2Gen,2024-11-16 23:06:27.531000,ios,0.026110494,0.007540000000000001,1,973f99b0-1a0c-476c-8658-51cb1f40a021,1161,193,66d18719-b63e-46ae-8d1f-2ed514949568,2024-11-09 04:26:18.422000,v1.10 - Skipits - Existing Users,Control
MA,2024-07-20T09:51:21.000Z,0.005224742650985718,2,13,0,0,,Apple,iPhone11,2024-11-16 23:07:06.182000,ios,0.008837371826171874,0.003612629175186157,1,d98986ac-016d-4e6c-b0e1-28e2bf84e559,619,221,71e36bee-4e20-4969-a621-cb46a20f95c5,2024-11-14 19:27:15.157000,v1.10 - Skipits - Existing Users,Skipits - High Prices
ID,2024-10-03T04:59:20.000Z,0.0029701501553751246,5,29,0,0,com.android.vending,samsung,SM-A346E,2024-11-16 23:07:59.038000,android,0.004923795765105891,0.0019536456097307663,2,d3113d06-cb64-4953-8601-141b53382b81,1305,37,1fbb5c09-f84d-4279-9c4d-7f2516faa93e,2024-11-08 13:53:50.037000,v1.10 - Skipits - Existing Users,Skipits - High Prices
US,2024-09-22T07:06:44.000Z,,0,0,0,0,com.android.vending,Google,Pixel 6a,2024-11-16 23:08:58.453000,android,0.035225139888525006,0.035225139888525006,1,16b228dd-8675-4a20-a4e4-e60bf669ce7b,68,212,657c52b7-13f9-4cb5-9588-a318ffb34c44,2024-11-08 15:27:14.812000,v1.10 - Skipits - Existing Users,Control
IQ,2024-11-03T13:39:21.000Z,0.003149320138735178,11,56,0,0,com.android.vending,Xiaomi,21121210G,2024-11-16 23:12:15.794000,android,0.023633942446427487,0.020484622307692307,20,8bb620c2-be0c-4cd6-8d97-9b3723cb9f9d,4099,51,6e6b1606-92ca-4b8f-a930-40b27a78feb8,2024-11-14 16:40:27.734000,v1.10 - Skipits - Existing Users,Control
US,2024-11-14T12:02:55.000Z,0.1682918134673353,11,28,0,0,,Apple,iPhone14ProMax,2024-11-16 23:14:30.813000,ios,0.3105860518835951,0.1422942384162598,9,c8e22889-fdbb-4d4b-9cd5-e78c985d0d15,1892,14,31f47b5f-3495-4566-bbef-b4d2167131b1,2024-11-14 12:03:02.385000,v1.10 - Skipits - New Users,Skipits - Middle Prices
JP,2024-10-10T13:22:59.000Z,,0,1,0,0,,Apple,iPhone14Pro,2024-11-16 23:15:53.195000,ios,0,,0,f2d1fb49-d12d-488f-bedc-121896ba6509,64,138,3d369d53-e4cb-421f-9f2e-f1fc798d75f4,2024-11-09 15:34:29.451000,v1.10 - Skipits - Existing Users,Skipits - High Prices
AR,2024-11-08T15:13:46.000Z,0.001607972,3,15,0,0,com.android.vending,motorola,moto g54 5G,2024-11-16 23:16:06.455000,android,0.007126306524636222,0.005518334524636223,9,67f73bc3-10e7-46fe-8634-a3ae607b7d9a,1439,95,7d2c4b22-eb7a-4760-801a-ecbe61c47d47,2024-11-08 15:13:55.014000,v1.10 - Skipits - New Users,Control
FI,2024-09-21T15:55:05.000Z,0.002054018497467041,1,10,0,0,,Apple,iPhone13,2024-11-16 23:16:33.958000,ios,0.002054018497467041,,0,a560c98c-ebe2-4ab6-b537-9e8a5da04360,465,248,c6b61a5b-d1a1-4c11-8f55-a5ca748d5571,2024-11-09 08:01:26.990000,v1.10 - Skipits - Existing Users,Skipits - High Prices
JP,2024-10-10T13:22:59.000Z,,0,1,0,0,,Apple,iPhone14Pro,2024-11-16 23:17:00.707000,ios,0,,0,7e94056a-effc-4e44-abc9-6c5df8431eb9,65,139,3d369d53-e4cb-421f-9f2e-f1fc798d75f4,2024-11-09 15:34:29.451000,v1.10 - Skipits - Existing Users,Skipits - High Prices
US,2024-10-14T00:15:36.000Z,0.015325461502075196,2,18,0,0,,Apple,iPhone14,2024-11-16 23:17:06.819000,ios,0.015325461502075196,,0,334da095-37b9-400a-b669-9e255f93889a,615,75,00a3d47a-cb11-4aa7-8334-7d7334c48bee,2024-11-08 18:06:04.607000,v1.10 - Skipits - Existing Users,Control
JP,2024-11-16T11:15:14.000Z,0.026025605161925192,10,69,0,0,com.android.vending,samsung,SC-56B,2024-11-16 23:18:21.072000,android,0.09280825756643468,0.06678265240450951,12,cda8c04b-f1ea-4f98-afc2-33575d041015,3395,7,5a69b43d-00e3-491d-9722-8a04a772668b,2024-11-16 11:15:23.161000,v1.10 - Skipits - New Users,Control
US,2024-09-01T00:15:54.000Z,,0,1,0,0,com.android.vending,samsung,SM-G998U,2024-11-16 23:19:54.030000,android,0,,0,088834f6-6e96-4ff5-8627-2743ae54feb5,120,337,e35dbe71-d30e-43e7-a1c9-7db5a71c2552,2024-11-08 11:33:14.433000,v1.10 - Skipits - Existing Users,Skipits - High Prices
US,2024-10-26T17:49:17.000Z,,0,33,0,0,,Apple,iPhone15Pro,2024-11-16 23:22:33.410000,ios,0,,0,792b1094-e9ce-47b1-81f5-3a9fcd09264a,1174,66,ae612237-9d52-41d4-8863-bd1f57afd6f4,2024-11-09 19:55:08.093000,v1.10 - Skipits - Existing Users,Skipits - High Prices
